{
    "shared_item_grid": {
        "type": "itemgrid",
        "h_alignment": "center",
        "item_margin": "1,2",
        "rows": [
			["smithsword","greensword","redsword","bluesword","foursword","wallet","dwsx","cofx","fowx","todx","rcx","powx","dhc"],
			["sword0","gust","cane","boomerang","wilds","10hearts","dws_smallkey","cof_smallkey","fow_smallkey","tod_smallkey","cryptkey","pow_smallkey","explicit_dhc_smallkey"],
			["shield","mittsandfly","lamp","bombsremote","clouds","dogbottle","dws_bigkey","cof_bigkey","fow_bigkey","tod_bigkey","","pow_bigkey","explicit_dhc_bigkey"],
			["boots","cape","flute","bowandfly","falls","quiver","dws_cm","cof_cm","fow_cm","tod_cm","","pow_cm","dhc_cm"],
			["flippersandfly","ringandbracelets","carlovtingle","nutandshroom","bothkeys","books","figurine","gomode","earth","fire","water","wind",""],
			["beta","spinattack","fastspin","fastsplit","greatspin","longspin","perilbeam","swordbeam","rockbreaker","dashattack","downthrust","rollattack","sevenscrolls"],
		]
    },
    "tracker_capture_item": {
        "type": "container",
        "content": {
            "type": "layout",
            "key": "shared_item_grid"
        }
    },
    "tracker_default": {
        "type": "container",
        //"width": 270,
        //"height": 250,
        "background": "#212121",
        "content": {
            "dropshadow": true,
            "margin": 5,
            "type": "layout",
            "key": "shared_item_grid"
        }
    }
}
