[
	// DWS
	{
		"name": "Deepwood Shrine",
		"type": "toggle",
		"allow_disabled": false,
		"capturable": false,
		"loop": true,
		"img": "images/donjons/chu.png",
		"codes": "dws"
	},
	{
		"name": "Elemental Deepwood Shrine",
		"type": "toggle_badged",
		"base_item": "dws",
		"initial_active_state":true,
		"img": "images/donjons/overlay_elements_dws.png",
		"codes": "dwsx"
	},
	// COF
	{
		"name": "Cave of Flames",
		"type": "toggle",
		"allow_disabled": false,
		"capturable": false,
		"loop": true,
		"img": "images/donjons/gleerok.png",
		"codes": "cof"
	},
	{
		"name": "Elemental Cave of Flames",
		"type": "toggle_badged",
		"base_item": "cof",
		"initial_active_state":true,
		"img": "images/donjons/overlay_elements_cof.png",
		"codes": "cofx"
	},
	// FOW
	{
		"name": "Fortress of Winds",
		"type": "toggle",
		"alow_disabled": false,
		"capturable": false,
		"loop": true,
		"img": "images/donjons/mazaal.png",
		"codes": "fow"
	},
	{
		"name": "Elemental Fortress of Winds",
		"type": "toggle_badged",
		"base_item": "fow",
		"initial_active_state":true,
		"img": "images/donjons/overlay_elements_fow.png",
		"codes": "fowx"
	},
	// TOD
	{
		"name": "Temple of Droplets",
		"type": "toggle",
		"allow_disabled": false,
		"capturable": false,
		"loop": true,
		"img": "images/donjons/octo.png",
		"codes": "tod"
	},
	{
		"name": "Elemental Temple of Droplets",
		"type": "toggle_badged",
		"base_item": "tod",
		"initial_active_state":true,
		"img": "images/donjons/overlay_elements_tod.png",
		"codes": "todx"
	},
	// RC
	{
		"name": "Royal Crypt",
		"type": "toggle",
		"allow_disabled": false,
		"capturable": false,
		"loop": true,
		"img": "images/donjons/gustaf.png",
		"codes": "rc"
	},
	{
		"name": "Elemental Royal Crypt",
		"type": "toggle_badged",
		"base_item": "rc",
		"initial_active_state":true,
		"img": "images/donjons/overlay_elements.png",
		"codes": "rcx"
	},
	// POW
	{
		"name": "Palace of Winds",
		"type": "toggle",
		"allow_disabled": false,
		"capturable": false,
		"loop": true,
		"img": "images/donjons/gyorg.png",
		"codes": "pow"
	},
	{
		"name": "Elemental Palace of Winds",
		"type": "toggle_badged",
		"base_item": "pow",
		"initial_active_state":true,
		"img": "images/donjons/overlay_elements_pow.png",
		"codes": "powx"
	},
	// DHC
	{
		"name": "Dark Hyrule Castle",
		"type": "toggle",
		"img": "images/donjons/vaati.png",
		"codes": "dhc"
	},
]