[
 {
    "name":"Fusions 0a",
    "type":"toggle",
    "allow_disabled":false,
    "disabled_img_mods":"",
    "capturable":"toggle",
    "img":"images/items/KinstoneRedWGray.png",
    "disabled_img": "images/items/KinstoneRedW.png",
    "loop":true,
    "codes":"fusions0a"
 },
 {
    "name":"Fusions 0b",
    "type":"toggle",
    "allow_disabled":false,
    "disabled_img_mods":"",
    "capturable":"toggle",
    "img":"images/items/KinstoneRedWGray.png",
    "disabled_img": "images/items/KinstoneRedW.png",
    "loop":true,
    "codes":"fusions0b"
 },
 {
    "name":"Fusions 0c",
    "type":"toggle",
    "allow_disabled":false,
    "disabled_img_mods":"",
    "capturable":"toggle",
    "img":"images/items/KinstoneRedWGray.png",
    "disabled_img": "images/items/KinstoneRedW.png",
    "loop":true,
    "codes":"fusions0c"
 },
 {
    "name":"Fusions 0d",
    "type":"toggle",
    "allow_disabled":false,
    "disabled_img_mods":"",
    "capturable":"toggle",
    "img":"images/items/KinstoneRedWGray.png",
    "disabled_img": "images/items/KinstoneRedW.png",
    "loop":true,
    "codes":"fusions0d"
 },
 {
    "name":"Fusions 0e",
    "type":"toggle",
    "allow_disabled":false,
    "disabled_img_mods":"",
    "capturable":"toggle",
    "img":"images/items/KinstoneRedWGray.png",
    "disabled_img": "images/items/KinstoneRedW.png",
    "loop":true,
    "codes":"fusions0e"
 },
 {
    "name":"Fusions 0f",
    "type":"toggle",
    "allow_disabled":false,
    "disabled_img_mods":"",
    "capturable":"toggle",
    "img":"images/items/KinstoneRedWGray.png",
    "disabled_img": "images/items/KinstoneRedW.png",
    "loop":true,
    "codes":"fusions0f"
 },
 {
    "name":"Fusions 10",
    "type":"toggle",
    "allow_disabled":false,
    "disabled_img_mods":"",
    "capturable":"toggle",
    "img":"images/items/KinstoneRedWGray.png",
    "disabled_img": "images/items/KinstoneRedW.png",
    "loop":true,
    "codes":"fusions10"
 },
 {
    "name":"Fusions 11",
    "type":"toggle",
    "allow_disabled":false,
    "disabled_img_mods":"",
    "capturable":"toggle",
    "img":"images/items/KinstoneRedWGray.png",
    "disabled_img": "images/items/KinstoneRedW.png",
    "loop":true,
    "codes":"fusions11"
 },
 {
    "name":"Fusions 12",
    "type":"toggle",
    "allow_disabled":false,
    "disabled_img_mods":"",
    "capturable":"toggle",
    "img":"images/items/KinstoneRedWGray.png",
    "disabled_img": "images/items/KinstoneRedW.png",
    "loop":true,
    "codes":"fusions12"
 },
 {
    "name":"Fusions 13",
    "type":"toggle",
    "allow_disabled":false,
    "disabled_img_mods":"",
    "capturable":"toggle",
    "img":"images/items/KinstoneRedVGray.png",
    "disabled_img": "images/items/KinstoneRedV.png",
    "loop":true,
    "codes":"fusions13"
 },
 {
    "name":"Fusions 14",
    "type":"toggle",
    "allow_disabled":false,
    "disabled_img_mods":"",
    "capturable":"toggle",
    "img":"images/items/KinstoneRedVGray.png",
    "disabled_img": "images/items/KinstoneRedV.png",
    "loop":true,
    "codes":"fusions14"
 },
 {
    "name":"Fusions 15",
    "type":"toggle",
    "allow_disabled":false,
    "disabled_img_mods":"",
    "capturable":"toggle",
    "img":"images/items/KinstoneRedVGray.png",
    "disabled_img": "images/items/KinstoneRedV.png",
    "loop":true,
    "codes":"fusions15"
 },
 {
    "name":"Fusions 16",
    "type":"toggle",
    "allow_disabled":false,
    "disabled_img_mods":"",
    "capturable":"toggle",
    "img":"images/items/KinstoneRedVGray.png",
    "disabled_img": "images/items/KinstoneRedV.png",
    "loop":true,
    "codes":"fusions16"
 },
 {
    "name":"Fusions 17",
    "type":"toggle",
    "allow_disabled":false,
    "disabled_img_mods":"",
    "capturable":"toggle",
    "img":"images/items/KinstoneRedEGray.png",
    "disabled_img": "images/items/KinstoneRedE.png",
    "loop":true,
    "codes":"fusions17"
 },
 {
    "name":"Fusions 18",
    "type":"toggle",
    "allow_disabled":false,
    "disabled_img_mods":"",
    "capturable":"toggle",
    "img":"images/items/KinstoneRedVGray.png",
    "disabled_img": "images/items/KinstoneRedV.png",
    "loop":true,
    "codes":"fusions18"
 },
 {
    "name":"Fusions 19",
    "type":"toggle",
    "allow_disabled":false,
    "disabled_img_mods":"",
    "capturable":"toggle",
    "img":"images/items/KinstoneRedVGray.png",
    "disabled_img": "images/items/KinstoneRedV.png",
    "loop":true,
    "codes":"fusions19"
 },
 {
    "name":"Fusions 1a",
    "type":"toggle",
    "allow_disabled":false,
    "disabled_img_mods":"",
    "capturable":"toggle",
    "img":"images/items/KinstoneRedVGray.png",
    "disabled_img": "images/items/KinstoneRedV.png",
    "loop":true,
    "codes":"fusions1a"
 },
 {
    "name":"Fusions 1b",
    "type":"toggle",
    "allow_disabled":false,
    "disabled_img_mods":"",
    "capturable":"toggle",
    "img":"images/items/KinstoneRedEGray.png",
    "disabled_img": "images/items/KinstoneRedE.png",
    "loop":true,
    "codes":"fusions1b"
 },
 {
    "name":"Fusions 1c",
    "type":"toggle",
    "allow_disabled":false,
    "disabled_img_mods":"",
    "capturable":"toggle",
    "img":"images/items/KinstoneRedEGray.png",
    "disabled_img": "images/items/KinstoneRedE.png",
    "loop":true,
    "codes":"fusions1c"
 },
 {
    "name":"Fusions 1d",
    "type":"toggle",
    "allow_disabled":false,
    "disabled_img_mods":"",
    "capturable":"toggle",
    "img":"images/items/KinstoneRedEGray.png",
    "disabled_img": "images/items/KinstoneRedE.png",
    "loop":true,
    "codes":"fusions1d"
 },
 {
    "name":"Fusions 1e",
    "type":"toggle",
    "allow_disabled":false,
    "disabled_img_mods":"",
    "capturable":"toggle",
    "img":"images/items/KinstoneRedEGray.png",
    "disabled_img": "images/items/KinstoneRedE.png",
    "loop":true,
    "codes":"fusions1e"
 },
 {
    "name":"Fusions 1f",
    "type":"toggle",
    "allow_disabled":false,
    "disabled_img_mods":"",
    "capturable":"toggle",
    "img":"images/items/KinstoneRedEGray.png",
    "disabled_img": "images/items/KinstoneRedE.png",
    "loop":true,
    "codes":"fusions1f"
 },
 {
    "name":"Fusions 20",
    "type":"toggle",
    "allow_disabled":false,
    "disabled_img_mods":"",
    "capturable":"toggle",
    "img":"images/items/KinstoneRedEGray.png",
    "disabled_img": "images/items/KinstoneRedE.png",
    "loop":true,
    "codes":"fusions20"
 },
 {
    "name":"Fusions 21",
    "type":"toggle",
    "allow_disabled":false,
    "disabled_img_mods":"",
    "capturable":"toggle",
    "img":"images/items/KinstoneRedEGray.png",
    "disabled_img": "images/items/KinstoneRedE.png",
    "loop":true,
    "codes":"fusions21"
 },
 {
    "name":"Fusions 22",
    "type":"toggle",
    "allow_disabled":false,
    "disabled_img_mods":"",
    "capturable":"toggle",
    "img":"images/items/KinstoneBlueLGray.png",
    "disabled_img": "images/items/KinstoneBlueL.png",
    "loop":true,
    "codes":"fusions22"
 },
 {
    "name":"Fusions 23",
    "type":"toggle",
    "allow_disabled":false,
    "disabled_img_mods":"",
    "capturable":"toggle",
    "img":"images/items/KinstoneBlueLGray.png",
    "disabled_img": "images/items/KinstoneBlueL.png",
    "loop":true,
    "codes":"fusions23"
 },
 {
    "name":"Fusions 24",
    "type":"toggle",
    "allow_disabled":false,
    "disabled_img_mods":"",
    "capturable":"toggle",
    "img":"images/items/KinstoneBlueLGray.png",
    "disabled_img": "images/items/KinstoneBlueL.png",
    "loop":true,
    "codes":"fusions24"
 },
 {
    "name":"Fusions 25",
    "type":"toggle",
    "allow_disabled":false,
    "disabled_img_mods":"",
    "capturable":"toggle",
    "img":"images/items/KinstoneBlueSGray.png",
    "disabled_img": "images/items/KinstoneBlueS.png",
    "loop":true,
    "codes":"fusions25"
 },
 {
    "name":"Fusions 26",
    "type":"toggle",
    "allow_disabled":false,
    "disabled_img_mods":"",
    "capturable":"toggle",
    "img":"images/items/KinstoneBlueSGray.png",
    "disabled_img": "images/items/KinstoneBlueS.png",
    "loop":true,
    "codes":"fusions26"
 },
 {
    "name":"Fusions 27",
    "type":"toggle",
    "allow_disabled":false,
    "disabled_img_mods":"",
    "capturable":"toggle",
    "img":"images/items/KinstoneBlueLGray.png",
    "disabled_img": "images/items/KinstoneBlueL.png",
    "loop":true,
    "codes":"fusions27"
 },
 {
    "name":"Fusions 28",
    "type":"toggle",
    "allow_disabled":false,
    "disabled_img_mods":"",
    "capturable":"toggle",
    "img":"images/items/KinstoneBlueLGray.png",
    "disabled_img": "images/items/KinstoneBlueL.png",
    "loop":true,
    "codes":"fusions28"
 },
 {
    "name":"Fusions 29",
    "type":"toggle",
    "allow_disabled":false,
    "disabled_img_mods":"",
    "capturable":"toggle",
    "img":"images/items/KinstoneBlueLGray.png",
    "disabled_img": "images/items/KinstoneBlueL.png",
    "loop":true,
    "codes":"fusions29"
 },
 {
    "name":"Fusions 2a",
    "type":"toggle",
    "allow_disabled":false,
    "disabled_img_mods":"",
    "capturable":"toggle",
    "img":"images/items/KinstoneBlueLGray.png",
    "disabled_img": "images/items/KinstoneBlueL.png",
    "loop":true,
    "codes":"fusions2a"
 },
 {
    "name":"Fusions 2b",
    "type":"toggle",
    "allow_disabled":false,
    "disabled_img_mods":"",
    "capturable":"toggle",
    "img":"images/items/KinstoneBlueLGray.png",
    "disabled_img": "images/items/KinstoneBlueL.png",
    "loop":true,
    "codes":"fusions2b"
 },
 {
    "name":"Fusions 2c",
    "type":"toggle",
    "allow_disabled":false,
    "disabled_img_mods":"",
    "capturable":"toggle",
    "img":"images/items/KinstoneBlueLGray.png",
    "disabled_img": "images/items/KinstoneBlueL.png",
    "loop":true,
    "codes":"fusions2c"
 },
 {
    "name":"Fusions 2d",
    "type":"toggle",
    "allow_disabled":false,
    "disabled_img_mods":"",
    "capturable":"toggle",
    "img":"images/items/KinstoneBlueSGray.png",
    "disabled_img": "images/items/KinstoneBlueS.png",
    "loop":true,
    "codes":"fusions2d"
 },
 {
    "name":"Fusions 2e",
    "type":"toggle",
    "allow_disabled":false,
    "disabled_img_mods":"",
    "capturable":"toggle",
    "img":"images/items/KinstoneBlueSGray.png",
    "disabled_img": "images/items/KinstoneBlueS.png",
    "loop":true,
    "codes":"fusions2e"
 },
 {
    "name":"Fusions 2f",
    "type":"toggle",
    "allow_disabled":false,
    "disabled_img_mods":"",
    "capturable":"toggle",
    "img":"images/items/KinstoneBlueSGray.png",
    "disabled_img": "images/items/KinstoneBlueS.png",
    "loop":true,
    "codes":"fusions2f"
 },
 {
    "name":"Fusions 30",
    "type":"toggle",
    "allow_disabled":false,
    "disabled_img_mods":"",
    "capturable":"toggle",
    "img":"images/items/KinstoneBlueSGray.png",
    "disabled_img": "images/items/KinstoneBlueS.png",
    "loop":true,
    "codes":"fusions30"
 },
 {
    "name":"Fusions 31",
    "type":"toggle",
    "allow_disabled":false,
    "disabled_img_mods":"",
    "capturable":"toggle",
    "img":"images/items/KinstoneBlueSGray.png",
    "disabled_img": "images/items/KinstoneBlueS.png",
    "loop":true,
    "codes":"fusions31"
 },
 {
    "name":"Fusions 32",
    "type":"toggle",
    "allow_disabled":false,
    "disabled_img_mods":"",
    "capturable":"toggle",
    "img":"images/items/KinstoneBlueSGray.png",
    "disabled_img": "images/items/KinstoneBlueS.png",
    "loop":true,
    "codes":"fusions32"
 },
 {
    "name":"Fusions 33",
    "type":"toggle",
    "allow_disabled":false,
    "disabled_img_mods":"",
    "capturable":"toggle",
    "img":"images/items/KinstoneBlueSGray.png",
    "disabled_img": "images/items/KinstoneBlueS.png",
    "loop":true,
    "codes":"fusions33"
 },
 {
    "name":"Fusions 34",
    "type":"toggle",
    "allow_disabled":false,
    "disabled_img_mods":"",
    "capturable":"toggle",
    "img":"images/items/KinstoneGreenVGray.png",
    "disabled_img": "images/items/KinstoneGreenV.png",
    "loop":true,
    "codes":"fusions34"
 },
 {
    "name":"Fusions 35",
    "type":"toggle",
    "allow_disabled":false,
    "disabled_img_mods":"",
    "capturable":"toggle",
    "img":"images/items/KinstoneGreenVGray.png",
    "disabled_img": "images/items/KinstoneGreenV.png",
    "loop":true,
    "codes":"fusions35"
 },
 {
    "name":"Fusions 36",
    "type":"toggle",
    "allow_disabled":false,
    "disabled_img_mods":"",
    "capturable":"toggle",
    "img":"images/items/KinstoneGreenVGray.png",
    "disabled_img": "images/items/KinstoneGreenV.png",
    "loop":true,
    "codes":"fusions36"
 },
 {
    "name":"Fusions 37",
    "type":"toggle",
    "allow_disabled":false,
    "disabled_img_mods":"",
    "capturable":"toggle",
    "img":"images/items/KinstoneGreenVGray.png",
    "disabled_img": "images/items/KinstoneGreenV.png",
    "loop":true,
    "codes":"fusions37"
 },
 {
    "name":"Fusions 38",
    "type":"toggle",
    "allow_disabled":false,
    "disabled_img_mods":"",
    "capturable":"toggle",
    "img":"images/items/KinstoneGreenVGray.png",
    "disabled_img": "images/items/KinstoneGreenV.png",
    "loop":true,
    "codes":"fusions38"
 },
 {
    "name":"Fusions 39",
    "type":"toggle",
    "allow_disabled":false,
    "disabled_img_mods":"",
    "capturable":"toggle",
    "img":"images/items/KinstoneGreenVGray.png",
    "disabled_img": "images/items/KinstoneGreenV.png",
    "loop":true,
    "codes":"fusions39"
 },
 {
    "name":"Fusions 3a",
    "type":"toggle",
    "allow_disabled":false,
    "disabled_img_mods":"",
    "capturable":"toggle",
    "img":"images/items/KinstoneGreenVGray.png",
    "disabled_img": "images/items/KinstoneGreenV.png",
    "loop":true,
    "codes":"fusions3a"
 },
 {
    "name":"Fusions 3b",
    "type":"toggle",
    "allow_disabled":false,
    "disabled_img_mods":"",
    "capturable":"toggle",
    "img":"images/items/KinstoneGreenVGray.png",
    "disabled_img": "images/items/KinstoneGreenV.png",
    "loop":true,
    "codes":"fusions3b"
 },
 {
    "name":"Fusions 3c",
    "type":"toggle",
    "allow_disabled":false,
    "disabled_img_mods":"",
    "capturable":"toggle",
    "img":"images/items/KinstoneGreenVGray.png",
    "disabled_img": "images/items/KinstoneGreenV.png",
    "loop":true,
    "codes":"fusions3c"
 },
 {
    "name":"Fusions 3d",
    "type":"toggle",
    "allow_disabled":false,
    "disabled_img_mods":"",
    "capturable":"toggle",
    "img":"images/items/KinstoneGreenVGray.png",
    "disabled_img": "images/items/KinstoneGreenV.png",
    "loop":true,
    "codes":"fusions3d"
 },
 {
    "name":"Fusions 3e",
    "type":"toggle",
    "allow_disabled":false,
    "disabled_img_mods":"",
    "capturable":"toggle",
    "img":"images/items/KinstoneGreenVGray.png",
    "disabled_img": "images/items/KinstoneGreenV.png",
    "loop":true,
    "codes":"fusions3e"
 },
 {
    "name":"Fusions 3f",
    "type":"toggle",
    "allow_disabled":false,
    "disabled_img_mods":"",
    "capturable":"toggle",
    "img":"images/items/KinstoneGreenVGray.png",
    "disabled_img": "images/items/KinstoneGreenV.png",
    "loop":true,
    "codes":"fusions3f"
 },
 {
    "name":"Fusions 40",
    "type":"toggle",
    "allow_disabled":false,
    "disabled_img_mods":"",
    "capturable":"toggle",
    "img":"images/items/KinstoneGreenVGray.png",
    "disabled_img": "images/items/KinstoneGreenV.png",
    "loop":true,
    "codes":"fusions40"
 },
 {
    "name":"Fusions 41",
    "type":"toggle",
    "allow_disabled":false,
    "disabled_img_mods":"",
    "capturable":"toggle",
    "img":"images/items/KinstoneGreenVGray.png",
    "disabled_img": "images/items/KinstoneGreenV.png",
    "loop":true,
    "codes":"fusions41"
 },
 {
    "name":"Fusions 42",
    "type":"toggle",
    "allow_disabled":false,
    "disabled_img_mods":"",
    "capturable":"toggle",
    "img":"images/items/KinstoneGreenNGray.png",
    "disabled_img": "images/items/KinstoneGreenN.png",
    "loop":true,
    "codes":"fusions42"
 },
 {
    "name":"Fusions 43",
    "type":"toggle",
    "allow_disabled":false,
    "disabled_img_mods":"",
    "capturable":"toggle",
    "img":"images/items/KinstoneGreenNGray.png",
    "disabled_img": "images/items/KinstoneGreenN.png",
    "loop":true,
    "codes":"fusions43"
 },
 {
    "name":"Fusions 44",
    "type":"toggle",
    "allow_disabled":false,
    "disabled_img_mods":"",
    "capturable":"toggle",
    "img":"images/items/KinstoneGreenNGray.png",
    "disabled_img": "images/items/KinstoneGreenN.png",
    "loop":true,
    "codes":"fusions44"
 },
 {
    "name":"Fusions 45",
    "type":"toggle",
    "allow_disabled":false,
    "disabled_img_mods":"",
    "capturable":"toggle",
    "img":"images/items/KinstoneGreenNGray.png",
    "disabled_img": "images/items/KinstoneGreenN.png",
    "loop":true,
    "codes":"fusions45"
 },
 {
    "name":"Fusions 46",
    "type":"toggle",
    "allow_disabled":false,
    "disabled_img_mods":"",
    "capturable":"toggle",
    "img":"images/items/KinstoneGreenNGray.png",
    "disabled_img": "images/items/KinstoneGreenN.png",
    "loop":true,
    "codes":"fusions46"
 },
 {
    "name":"Fusions 47",
    "type":"toggle",
    "allow_disabled":false,
    "disabled_img_mods":"",
    "capturable":"toggle",
    "img":"images/items/KinstoneGreenNGray.png",
    "disabled_img": "images/items/KinstoneGreenN.png",
    "loop":true,
    "codes":"fusions47"
 },
 {
    "name":"Fusions 48",
    "type":"toggle",
    "allow_disabled":false,
    "disabled_img_mods":"",
    "capturable":"toggle",
    "img":"images/items/KinstoneGreenNGray.png",
    "disabled_img": "images/items/KinstoneGreenN.png",
    "loop":true,
    "codes":"fusions48"
 },
 {
    "name":"Fusions 49",
    "type":"toggle",
    "allow_disabled":false,
    "disabled_img_mods":"",
    "capturable":"toggle",
    "img":"images/items/KinstoneGreenNGray.png",
    "disabled_img": "images/items/KinstoneGreenN.png",
    "loop":true,
    "codes":"fusions49"
 },
 {
    "name":"Fusions 4a",
    "type":"toggle",
    "allow_disabled":false,
    "disabled_img_mods":"",
    "capturable":"toggle",
    "img":"images/items/KinstoneGreenNGray.png",
    "disabled_img": "images/items/KinstoneGreenN.png",
    "loop":true,
    "codes":"fusions4a"
 },
 {
    "name":"Fusions 4b",
    "type":"toggle",
    "allow_disabled":false,
    "disabled_img_mods":"",
    "capturable":"toggle",
    "img":"images/items/KinstoneGreenNGray.png",
    "disabled_img": "images/items/KinstoneGreenN.png",
    "loop":true,
    "codes":"fusions4b"
 },
 {
    "name":"Fusions 4c",
    "type":"toggle",
    "allow_disabled":false,
    "disabled_img_mods":"",
    "capturable":"toggle",
    "img":"images/items/KinstoneGreenNGray.png",
    "disabled_img": "images/items/KinstoneGreenN.png",
    "loop":true,
    "codes":"fusions4c"
 },
 {
    "name":"Fusions 4d",
    "type":"toggle",
    "allow_disabled":false,
    "disabled_img_mods":"",
    "capturable":"toggle",
    "img":"images/items/KinstoneGreenNGray.png",
    "disabled_img": "images/items/KinstoneGreenN.png",
    "loop":true,
    "codes":"fusions4d"
 },
 {
    "name":"Fusions 4e",
    "type":"toggle",
    "allow_disabled":false,
    "disabled_img_mods":"",
    "capturable":"toggle",
    "img":"images/items/KinstoneGreenNGray.png",
    "disabled_img": "images/items/KinstoneGreenN.png",
    "loop":true,
    "codes":"fusions4e"
 },
 {
    "name":"Fusions 4f",
    "type":"toggle",
    "allow_disabled":false,
    "disabled_img_mods":"",
    "capturable":"toggle",
    "img":"images/items/KinstoneGreenZGray.png",
    "disabled_img": "images/items/KinstoneGreenZ.png",
    "loop":true,
    "codes":"fusions4f"
 },
 {
    "name":"Fusions 50",
    "type":"toggle",
    "allow_disabled":false,
    "disabled_img_mods":"",
    "capturable":"toggle",
    "img":"images/items/KinstoneGreenZGray.png",
    "disabled_img": "images/items/KinstoneGreenZ.png",
    "loop":true,
    "codes":"fusions50"
 },
 {
    "name":"Fusions 51",
    "type":"toggle",
    "allow_disabled":false,
    "disabled_img_mods":"",
    "capturable":"toggle",
    "img":"images/items/KinstoneGreenZGray.png",
    "disabled_img": "images/items/KinstoneGreenZ.png",
    "loop":true,
    "codes":"fusions51"
 },
 {
    "name":"Fusions 52",
    "type":"toggle",
    "allow_disabled":false,
    "disabled_img_mods":"",
    "capturable":"toggle",
    "img":"images/items/KinstoneGreenZGray.png",
    "disabled_img": "images/items/KinstoneGreenZ.png",
    "loop":true,
    "codes":"fusions52"
 },
 {
    "name":"Fusions 53",
    "type":"toggle",
    "allow_disabled":false,
    "disabled_img_mods":"",
    "capturable":"toggle",
    "img":"images/items/KinstoneGreenZGray.png",
    "disabled_img": "images/items/KinstoneGreenZ.png",
    "loop":true,
    "codes":"fusions53"
 },
 {
    "name":"Fusions 54",
    "type":"toggle",
    "allow_disabled":false,
    "disabled_img_mods":"",
    "capturable":"toggle",
    "img":"images/items/KinstoneGreenZGray.png",
    "disabled_img": "images/items/KinstoneGreenZ.png",
    "loop":true,
    "codes":"fusions54"
 },
 {
    "name":"Fusions 55",
    "type":"toggle",
    "allow_disabled":false,
    "disabled_img_mods":"",
    "capturable":"toggle",
    "img":"images/items/KinstoneGreenZGray.png",
    "disabled_img": "images/items/KinstoneGreenZ.png",
    "loop":true,
    "codes":"fusions55"
 },
 {
    "name":"Fusions 56",
    "type":"toggle",
    "allow_disabled":false,
    "disabled_img_mods":"",
    "capturable":"toggle",
    "img":"images/items/KinstoneGreenZGray.png",
    "disabled_img": "images/items/KinstoneGreenZ.png",
    "loop":true,
    "codes":"fusions56"
 },
 {
    "name":"Fusions 57",
    "type":"toggle",
    "allow_disabled":false,
    "disabled_img_mods":"",
    "capturable":"toggle",
    "img":"images/items/KinstoneGreenZGray.png",
    "disabled_img": "images/items/KinstoneGreenZ.png",
    "loop":true,
    "codes":"fusions57"
 },
 {
    "name":"Fusions 58",
    "type":"toggle",
    "allow_disabled":false,
    "disabled_img_mods":"",
    "capturable":"toggle",
    "img":"images/items/KinstoneGreenZGray.png",
    "disabled_img": "images/items/KinstoneGreenZ.png",
    "loop":true,
    "codes":"fusions58"
 },
 {
    "name":"Fusions 59",
    "type":"toggle",
    "allow_disabled":false,
    "disabled_img_mods":"",
    "capturable":"toggle",
    "img":"images/items/KinstoneGreenZGray.png",
    "disabled_img": "images/items/KinstoneGreenZ.png",
    "loop":true,
    "codes":"fusions59"
 },
 {
    "name":"Fusions 5a",
    "type":"toggle",
    "allow_disabled":false,
    "disabled_img_mods":"",
    "capturable":"toggle",
    "img":"images/items/KinstoneGreenZGray.png",
    "disabled_img": "images/items/KinstoneGreenZ.png",
    "loop":true,
    "codes":"fusions5a"
 },
 {
    "name":"Fusions 5b",
    "type":"toggle",
    "allow_disabled":false,
    "disabled_img_mods":"",
    "capturable":"toggle",
    "img":"images/items/KinstoneGreenZGray.png",
    "disabled_img": "images/items/KinstoneGreenZ.png",
    "loop":true,
    "codes":"fusions5b"
 },
 {
    "name":"Fusions 5c",
    "type":"toggle",
    "allow_disabled":false,
    "disabled_img_mods":"",
    "capturable":"toggle",
    "img":"images/items/KinstoneGreenVGray.png",
    "disabled_img": "images/items/KinstoneGreenV.png",
    "loop":true,
    "codes":"fusions5c"
 },
 {
    "name":"Fusions 5d",
    "type":"toggle",
    "allow_disabled":false,
    "disabled_img_mods":"",
    "capturable":"toggle",
    "img":"images/items/KinstoneGreenNGray.png",
    "disabled_img": "images/items/KinstoneGreenN.png",
    "loop":true,
    "codes":"fusions5d"
 },
 {
    "name":"Fusions 5e",
    "type":"toggle",
    "allow_disabled":false,
    "disabled_img_mods":"",
    "capturable":"toggle",
    "img":"images/items/KinstoneGreenZGray.png",
    "disabled_img": "images/items/KinstoneGreenZ.png",
    "loop":true,
    "codes":"fusions5e"
 },
 {
    "name":"Fusions 5f",
    "type":"toggle",
    "allow_disabled":false,
    "disabled_img_mods":"",
    "capturable":"toggle",
    "img":"images/items/KinstoneGreenVGray.png",
    "disabled_img": "images/items/KinstoneGreenV.png",
    "loop":true,
    "codes":"fusions5f"
 },
 {
    "name":"Fusions 60",
    "type":"toggle",
    "allow_disabled":false,
    "disabled_img_mods":"",
    "capturable":"toggle",
    "img":"images/items/KinstoneGreenNGray.png",
    "disabled_img": "images/items/KinstoneGreenN.png",
    "loop":true,
    "codes":"fusions60"
 },
 {
    "name":"Fusions 61",
    "type":"toggle",
    "allow_disabled":false,
    "disabled_img_mods":"",
    "capturable":"toggle",
    "img":"images/items/KinstoneGreenZGray.png",
    "disabled_img": "images/items/KinstoneGreenZ.png",
    "loop":true,
    "codes":"fusions61"
 },
 {
    "name":"Fusions 62",
    "type":"toggle",
    "allow_disabled":false,
    "disabled_img_mods":"",
    "capturable":"toggle",
    "img":"images/items/KinstoneGreenNGray.png",
    "disabled_img": "images/items/KinstoneGreenN.png",
    "loop":true,
    "codes":"fusions62"
 },
 {
    "name":"Fusions 63",
    "type":"toggle",
    "allow_disabled":false,
    "disabled_img_mods":"",
    "capturable":"toggle",
    "img":"images/items/KinstoneGreenNGray.png",
    "disabled_img": "images/items/KinstoneGreenN.png",
    "loop":true,
    "codes":"fusions63"
 },
 {
    "name":"Fusions 64",
    "type":"toggle",
    "allow_disabled":false,
    "disabled_img_mods":"",
    "capturable":"toggle",
    "img":"images/items/KinstoneGreenZGray.png",
    "disabled_img": "images/items/KinstoneGreenZ.png",
    "loop":true,
    "codes":"fusions64"
 },

]