[
	// Gold Kinstone (Clouds)
	{
		"name": "Gold Kinstone (Clouds)",
		"type": "consumable",
		"img": "images/items/Kinstone Clouds Half.png",
		"codes": "kinstoneClouds,clouds",
		"max_quantity": 5
	},
	// Gold Kinstone (Falls)
	{
		"name": "Gold Kinstone (Falls)",
		"type": "toggle",
		"img": "images/items/Kinstone Falls Half.png",
		"codes": "falls"
	},
	//Kinstone Wilds
	{
		"name": "Gold Kinstone (Wilds)",
		"type": "consumable",
		"img": "images/items/Kinstone Wilds Half.png",
		"codes": "wilds",
		"max_quantity": 3
	}
]