[
  //DHC requirement
  {
    "name":"DHC",
    "type":"progressive",
    "loop":true,
	"initial_stage_idx":0,
    "allow_disabled":false,
    "inherit_codes":false,
    "stages":[
      {
        "img":"images/options/dhc_requirements/dhc_closed.png",
        "codes":"dhc_closed",
        "inherit_codes":false
      },
      {
        "img":"images/options/dhc_requirements/dhc_fast.png",
        "codes":"dhc_none",
        "inherit_codes":false
      },
      {
        "img":"images/options/dhc_requirements/dhc_open.png",
        "codes":"dhc_open",
        "inherit_codes":false
      },
    ]
  },
  {
    "name":"Elements Needed",
    "type":"progressive",
    "loop": true,
	"initial_stage_idx":0,
    "allow_disabled":false,
    "stages":[
	  {
        "img":"images/options/dhc_requirements/element4.png",
        "inherit_codes":false,
        "codes":"element4Needed"
      },
      {
        "img":"images/options/dhc_requirements/element3.png",
        "inherit_codes":false,
        "codes":"element3Needed"
      },
      {
        "img":"images/options/dhc_requirements/element2.png",
        "inherit_codes":false,
        "codes":"element2Needed"
      },
      {
        "img":"images/options/dhc_requirements/element1.png",
        "inherit_codes":false,
        "codes":"element1Needed"
      },
      {
        "img":"images/options/dhc_requirements/element0.png",
        "inherit_codes":false,
        "codes":"element0Needed"
      },
    ]
  },
  {
    "name":"Swords Needed",
    "type":"progressive",
    "loop": true,
	"initial_stage_idx":5,
    "allow_disabled":false,
    "stages":[
      {
        "img": "images/options/dhc_requirements/sword0.png",
        "inherit_codes": false,
        "codes": "sword0Needed"
      },
      {
        "img": "images/options/dhc_requirements/sword1.png",
        "inherit_codes": false,
        "codes": "sword1Needed"
      },
      {
        "img": "images/options/dhc_requirements/sword2.png",
        "inherit_codes": false,
        "codes": "sword2Needed"
      },
      {
        "img": "images/options/dhc_requirements/sword3.png",
        "inherit_codes": false,
        "codes": "sword3Needed"
      },
      {
        "img": "images/options/dhc_requirements/sword4.png",
        "inherit_codes": false,
        "codes": "sword4Needed"
      },
      {
        "img": "images/options/dhc_requirements/sword5.png",
        "inherit_codes": false,
        "codes": "sword5Needed"
      },
    ]
  },
  {
   "name":"Figurine",
   "type": "consumable",
   "img": "images/options/dhc_requirements/figurine.png",
   "codes": "figurine_option",
   "min_quantity":0,
   "initial_quantity": 0,
   "max_quantity":136,
 },  
 {
    "name":"Dungeons",
    "type": "progressive",
    "loop": true,
	"initial_stage_idx":0,
    "allow_disabled": false,
    "stages": [
      {
        "img":"images/options/dhc_requirements/dungeons0.png",
        "codes": "dungeons,dungeons0",
        "inherit_codes":false
      },
      {
        "img": "images/options/dhc_requirements/dungeons1.png",
        "codes": "dungeons1",
        "inherit_codes":false
      },
      {
        "img": "images/options/dhc_requirements/dungeons2.png",
        "codes": "dungeons2",
        "inherit_codes":false
      },
      {
        "img": "images/options/dhc_requirements/dungeons3.png",
        "codes": "dungeons3",
        "inherit_codes":false
      },
      {
        "img": "images/options/dhc_requirements/dungeons4.png",
        "codes": "dungeons4",
        "inherit_codes":false
      },
      {
        "img": "images/options/dhc_requirements/dungeons5.png",
        "codes": "dungeons5",
        "inherit_codes":false
      },
      {
        "img": "images/options/dhc_requirements/dungeons6.png",
        "codes": "dungeons6",
        "inherit_codes":false
      },
    ]
  },
  {
    "name":"Blow Dust",
    "type": "progressive",
    "loop": true,
	"initial_stage_idx":1,
    "allow_disabled": false,
    "stages": [
      {
        "img":"images/options/logic_settings/blow_dust_off.png",
        "codes": "blowdust_off",
        "inherit_codes":false
      },
      {
        "img": "images/options/logic_settings/blow_dust_on.png",
        "codes": "blowdust_on",
        "inherit_codes":false
      },
    ]
  },
  {
    "name":"Crenel Mushroom",
    "type": "progressive",
    "loop": true,
	"initial_stage_idx":1,
    "allow_disabled": false,
    "stages": [
      {
        "img":"images/options/logic_settings/crenel_mushroom_off.png",
        "codes": "crenelmushroom_off",
        "inherit_codes":false
      },
      {
        "img": "images/options/logic_settings/crenel_mushroom_on.png",
        "codes": "crenelmushroom_on",
        "inherit_codes":false
      },
    ]
  },
  {
    "name":"Light Arrow Break",
    "type": "progressive",
    "loop": true,
	"initial_stage_idx":1,
    "allow_disabled": false,
    "stages": [
      {
        "img":"images/options/logic_settings/light_arrow_break_off.png",
        "codes": "lightarrowbreak_off",
        "inherit_codes":false
      },
      {
        "img": "images/options/logic_settings/light_arrow_break_on.png",
        "codes": "lightarrowbreak_on",
        "inherit_codes":false
      },
    ]
  },
  {
    "name":"Bobombs",
    "type": "progressive",
    "loop": true,
	"initial_stage_idx":1,
    "allow_disabled": false,
    "stages": [
      {
        "img": "images/options/logic_settings/bobombs_off.png",
        "codes": "bobombs_off",
        "inherit_codes":false
      },
      {
        "img":"images/options/logic_settings/bobombs_on.png",
        "codes": "bobombs_on",
        "inherit_codes":false
      },
    ]
  },
  {
    "name":"Like Like",
    "type": "progressive",
    "loop": true,
	"initial_stage_idx":0,
    "allow_disabled": false,
    "stages": [
      {
        "img": "images/options/logic_settings/like_like_off.png",
        "codes": "likelike_off",
        "inherit_codes":false
      },
      {
        "img":"images/options/logic_settings/like_like_on.png",
        "codes": "likelike_on",
        "inherit_codes":false
      }
    ]
  },
  {
    "name":"Guard Skip",
    "type": "progressive",
    "loop": true,
	"initial_stage_idx":0,
    "allow_disabled": false,
    "stages": [
      {
        "img": "images/options/logic_settings/guard_skip_off.png",
        "codes": "guardskip_off",
        "inherit_codes":false
      },
      {
        "img":"images/options/logic_settings/guard_skip_on.png",
        "codes": "guardskip_on",
        "inherit_codes":false
      }
    ]
  },
  {
    "name":"Crenel Beam",
    "type": "progressive",
    "loop": true,
	"initial_stage_idx":1,
    "allow_disabled": false,
    "stages": [
      {
        "img": "images/options/logic_settings/crenel_beam_off.png",
        "codes": "crenelbeam_off",
        "inherit_codes":false
      },
      {
        "img":"images/options/logic_settings/crenel_beam_on.png",
        "codes": "crenelbeam_on",
        "inherit_codes":false
      },
    ]
  },
  {
    "name":"Down Strike Beetle",
    "type": "progressive",
    "loop": true,
	"initial_stage_idx":1,
    "allow_disabled": false,
    "stages": [
      {
        "img":"images/options/logic_settings/down_strike_beetle_off.png",
        "codes": "downstrikebeetle_off",
        "inherit_codes":false
      },
      {
        "img": "images/options/logic_settings/down_strike_beetle_on.png",
        "codes": "downstrikebeetle_on",
        "inherit_codes":false
      },
    ]
  },
  {
    "name":"Dark rooms",
    "type": "progressive",
    "loop": true,
	"initial_stage_idx":0,
    "allow_disabled": false,
    "stages": [
      {
        "img":"images/options/logic_settings/dark_rooms_off.png",
        "codes": "darkrooms_off",
        "inherit_codes":false
      },
      {
        "img": "images/options/logic_settings/dark_rooms_on.png",
        "codes": "darkrooms_on",
        "inherit_codes":false
      }
    ]
  },
  {
    "name":"Cape Extension",
    "type": "progressive",
    "loop": true,
	"initial_stage_idx":1,
    "allow_disabled": false,
    "stages": [
      {
        "img":"images/options/logic_settings/cape_extension_off.png",
        "codes": "capeextension_off",
        "inherit_codes":false
      },
      {
        "img": "images/options/logic_settings/cape_extension_on.png",
        "codes": "capeextension_on",
        "inherit_codes":false
      },
    ]
  },
  {
    "name":"Lake Minish",
    "type": "progressive",
    "loop": true,
	"initial_stage_idx":0,
    "allow_disabled": false,
    "stages": [
      {
        "img": "images/options/logic_settings/lake_minish_off.png",
        "codes": "lakeminish_off",
        "inherit_codes":false
      },
      {
        "img":"images/options/logic_settings/lake_minish_on.png",
        "codes": "lakeminish_on",
        "inherit_codes":false
      }
    ]
  },
  {
    "name":"Cabin Swim",
    "type": "progressive",
    "loop": true,
	"initial_stage_idx":1,
    "allow_disabled": false,
    "stages": [
      {
        "img":"images/options/logic_settings/cabin_swim_off.png",
        "codes": "cabinswim_off",
        "inherit_codes":false
      },
      {
        "img": "images/options/logic_settings/cabin_swim_on.png",
        "codes": "cabinswim_on",
        "inherit_codes":false
      },
    ]
  },
  {
    "name":"Clouds Kill",
    "type": "progressive",
    "loop": true,
	"initial_stage_idx":0,
    "allow_disabled": false,
    "stages": [
      {
        "img":"images/options/logic_settings/clouds_kill_off.png",
        "codes": "cloudskill_off",
        "inherit_codes":false
      },
      {
        "img": "images/options/logic_settings/clouds_kill_on.png",
        "codes": "cloudskill_on",
        "inherit_codes":false
      }
    ]
  },
  {
    "name":"FoW Pot",
    "type": "progressive",
    "loop": true,
	"initial_stage_idx":1,
    "allow_disabled": false,
    "stages": [
      {
        "img":"images/options/logic_settings/fow_pot_off.png",
        "codes": "fowpot_off",
        "inherit_codes":false
      },
      {
        "img": "images/options/logic_settings/fow_pot_on.png",
        "codes": "fowpot_on",
        "inherit_codes":false
      },
    ]
  },
  {
    "name":"PoW Jump",
    "type": "progressive",
    "loop": true,
	"initial_stage_idx":1,
    "allow_disabled": false,
    "stages": [
      {
        "img": "images/options/logic_settings/pow_jump_off.png",
        "codes": "powjump_off",
        "inherit_codes":false
      },
      {
        "img":"images/options/logic_settings/pow_jump_on.png",
        "codes": "powjump_on",
        "inherit_codes":false
      },
    ]
  },
  {
    "name":"PoW Pot Puzzle OOL",
    "type": "progressive",
    "loop": true,
	"initial_stage_idx":0,
    "allow_disabled": false,
    "stages": [
      {
        "img":"images/options/logic_settings/pow_pot_puzzle_ool_off.png",
        "codes": "powpotpuzzleool_off",
        "inherit_codes":false
      },
	  {
        "img": "images/options/logic_settings/pow_pot_puzzle_ool_on.png",
        "codes": "powpotpuzzleool_on",
        "inherit_codes":false
      }

    ]
  },
  {
    "name":"DHC Canon Hit",
    "type": "progressive",
    "loop": true,
	"initial_stage_idx":0,
    "allow_disabled": false,
    "stages": [
	  {
        "img":"images/options/logic_settings/dhc_canon_hit_off.png",
        "codes": "dhccanonhit_off",
        "inherit_codes":false
      },
      {
        "img": "images/options/logic_settings/dhc_canon_hit_on.png",
        "codes": "dhccanonhit_on",
        "inherit_codes":false
      }

    ]
  },
  {
    "name":"DHC Blade Puzzle Shuffle",
    "type": "progressive",
    "loop": true,
	"initial_stage_idx":0,
    "allow_disabled": false,
    "stages": [
      {
        "img":"images/options/logic_settings/dhc_blade_puzzle_shuffle_off.png",
        "codes": "dhcbladepuzzleshuffle_off",
        "inherit_codes":false
      },
      {
        "img": "images/options/logic_settings/dhc_blade_puzzle_shuffle_on.png",
        "codes": "dhcbladepuzzleshuffle_on",
        "inherit_codes":false
      }
    ]
  },
  {
    "name":"DHC Switch Hit",
    "type": "progressive",
    "loop": true,
	"initial_stage_idx":0,
    "allow_disabled": false,
    "stages": [
      {
        "img":"images/options/logic_settings/dhc_switch_hit_off.png",
        "codes": "dhcswitchhit_off",
        "inherit_codes":false
      },
      {
        "img": "images/options/logic_settings/dhc_switch_hit_on.png",
        "codes": "dhcswitchhit_on",
        "inherit_codes":false
      }
    ]
  },
  {
    "name":"rupeemania",
    "type":"progressive",
    "loop":true,
	"initial_stage_idx":1,
    "allow_disabled":false,
    "stages":[
      {
        "img":"images/options/locations_settings/rupees_off.png",
        "codes":"rupees_off",
        "inherit_codes":false
      },
      {
        "img":"images/options/locations_settings/rupees_on.png",
        "codes":"rupees_on",
        "inherit_codes":false
      },
    ]
  },
  {
    "name":"Special Pots",
    "type":"progressive",
    "loop":true,
	"initial_stage_idx":1,
    "allow_disabled":false,
    "stages":[
      {
        "img":"images/options/locations_settings/special_pot_off.png",
        "codes":"specialpot_off",
        "inherit_codes":false
      },
      {
        "img":"images/options/locations_settings/special_pot_on.png",
        "codes":"specialpot_on",
        "inherit_codes":false
      },
    ]
  },
  {
    "name":"Dig spots",
    "type":"progressive",
    "loop":true,
	"initial_stage_idx":1,
    "allow_disabled":false,
    "stages":[
      {
        "img":"images/options/locations_settings/digging_off.png",
        "codes":"digging_off",
        "inherit_codes":false
      },
      {
        "img":"images/options/locations_settings/digging_on.png",
        "codes":"digging_on",
        "inherit_codes":false
      },
    ]
  },
  {
    "name":"Underwater spots",
    "type":"progressive",
    "loop":true,
	"initial_stage_idx":1,
    "allow_disabled":false,
    "stages":[
      {
        "img":"images/options/locations_settings/under_water_off.png",
        "codes":"underwater_off",
        "inherit_codes":false
      },
      {
        "img":"images/options/locations_settings/under_water_on.png",
        "codes":"underwater_on",
        "inherit_codes":false
      },
    ]
  },
  {
    "name":"Golden Enemies",
    "type":"progressive",
    "loop":true,
	"initial_stage_idx":0,
    "allow_disabled":false,
    "stages":[
      {
        "img":"images/options/locations_settings/golden_enemy_off.png",
        "codes":"golden_enemy_off",
        "inherit_codes":false
      },
      {
        "img":"images/options/locations_settings/golden_enemy_on.png",
        "codes":"golden_enemy_on",
        "inherit_codes":false
      }
    ],
  },
  {
    "name":"Sanctuary Pedestal",
    "type":"progressive",
    "loop":true,
	"initial_stage_idx":0,
    "allow_disabled":false,
    "stages":[
      {
        "img":"images/options/dhc_requirements/ped_items_off.png",
        "codes":"ped_items_off",
        "inherit_codes":false
      },
      {
        "img":"images/options/dhc_requirements/ped_items_on.png",
        "codes":"ped_items_on",
        "inherit_codes":false
      }
    ]
  },
  {
    "name":"Open_Word",
    "type":"progressive",
    "loop":true,
	"initial_stage_idx":0,
    "allow_disabled":false,
    "stages":[
      {
        "img":"images/options/world_settings/settings/open_world_off.png",
        "codes":"openworld_off",
        "inherit_codes":false
      },
      {
        "img":"images/options/world_settings/settings/open_world_on.png",
        "codes":"openworld_on",
        "inherit_codes":false
      }
    ]
  },
  {
    "name":"Fusion Gold",
    "type":"progressive",
    "loop":true,
	"initial_stage_idx":1,
    "allow_disabled":false,
    "stages":[
      {
        "img":"images/options/fusions_settings/gold_removed.png",
        "codes":"fusiongold_removed",
        "inherit_codes":false
      },
      {
        "img":"images/options/fusions_settings/gold_vanilla.png",
        "codes":"fusiongold_vanilla",
        "inherit_codes":false
      },
      {
        "img":"images/options/fusions_settings/gold_complet.png",
        "codes":"fusiongold_complet",
        "inherit_codes":false
      },
    ]
  }, 
  {
    "name":"Fusion red",
    "type":"progressive",
    "loop":true,
	"initial_stage_idx":2,
    "allow_disabled":false,
    "stages":[
      {
        "img":"images/options/fusions_settings/red_removed.png",
        "codes":"fusionred_removed",
        "inherit_codes":false
      },
      {
        "img":"images/options/fusions_settings/red_vanilla.png",
        "codes":"fusionred_vanilla",
        "inherit_codes":false
      },
      {
        "img":"images/options/fusions_settings/red_complet.png",
        "codes":"fusionred_complet",
        "inherit_codes":false
      },
    ]
  },
  {
    "name":"Fusion Blue",
    "type":"progressive",
    "loop":true,
	"initial_stage_idx":2,
    "allow_disabled":false,
    "stages":[
      {
        "img":"images/options/fusions_settings/blue_removed.png",
        "codes":"fusionblue_removed",
        "inherit_codes":false
      },
      {
        "img":"images/options/fusions_settings/blue_vanilla.png",
        "codes":"fusionblue_vanilla",
        "inherit_codes":false,
      },
	  {
        "img":"images/options/fusions_settings/blue_complet.png",
        "codes":"fusionblue_complet",
        "inherit_codes":false
      },
    ]
  },
  {
    "name":"Fusion Green",
    "type":"progressive",
    "loop":true,
	"initial_stage_idx":2,
    "allow_disabled":false,
    "stages":[
      {
        "img":"images/options/fusions_settings/green_removed.png",
        "codes":"fusiongreen_removed",
        "inherit_codes":false
      },
      {
        "img":"images/options/fusions_settings/green_vanilla.png",
        "codes":"fusiongreen_vanilla",
        "inherit_codes":false
      },
      {
        "img":"images/options/fusions_settings/green_complet.png",
        "codes":"fusiongreen_complet",
        "inherit_codes":false
      },
    ]
  },
  {
    "name":"Crenel Wind Crest",
    "type":"progressive",
    "loop":true,
	"initial_stage_idx":0,
    "allow_disabled":false,
    "stages":[
      {
        "img":"images/options/world_settings/wind_crest_settings/crenel_no.png",
        "codes":"crenelwindcrest_no",
        "inherit_codes":false
      },
      {
        "img":"images/options/world_settings/wind_crest_settings/crenel_yes.png",
        "codes":"crenelwindcrest_yes",
        "inherit_codes":false
      }
    ]
  },
  {
    "name":"Falls Wind Crest",
    "type":"progressive",
    "loop":true,
	"initial_stage_idx":0,
    "allow_disabled":false,
    "stages":[
      {
        "img":"images/options/world_settings/wind_crest_settings/falls_no.png",
        "codes":"fallswindcrest_no",
        "inherit_codes":false
      },
      {
        "img":"images/options/world_settings/wind_crest_settings/falls_yes.png",
        "codes":"fallswindcrest_yes",
        "inherit_codes":false
      }
    ]
  },
  {
    "name":"Cloud Wind Crest",
    "type":"progressive",
    "loop":true,
	"initial_stage_idx":0,
    "allow_disabled":false,
    "stages":[
      {
        "img":"images/options/world_settings/wind_crest_settings/cloud_no.png",
        "codes":"cloudwindcrest_no",
        "inherit_codes":false
      },
      {
        "img":"images/options/world_settings/wind_crest_settings/cloud_yes.png",
        "codes":"cloudwindcrest_yes",
        "inherit_codes":false
      }
    ]
  },
  {
    "name":"Swamp Wind Crest",
    "type":"progressive",
    "loop":true,
	"initial_stage_idx":0,
    "allow_disabled":false,
    "stages":[
      {
        "img":"images/options/world_settings/wind_crest_settings/swamp_no.png",
        "codes":"swampwindcrest_no",
        "inherit_codes":false
      },
      {
        "img":"images/options/world_settings/wind_crest_settings/swamp_yes.png",
        "codes":"swampwindcrest_yes",
        "inherit_codes":false
      }
    ]
  },
  {
    "name":"ShF Wind Crest",
    "type":"progressive",
    "loop":true,
	"initial_stage_idx":0,
    "allow_disabled":false,
    "stages":[
      {
        "img":"images/options/world_settings/wind_crest_settings/shf_no.png",
        "codes":"shfwindcrest_no",
        "inherit_codes":false
      },
      {
        "img":"images/options/world_settings/wind_crest_settings/shf_yes.png",
        "codes":"shfwindcrest_yes",
        "inherit_codes":false
      }
    ]
  },
  {
    "name":"Minish Wind Crest",
    "type":"progressive",
    "loop":true,
	"initial_stage_idx":0,
    "allow_disabled":false,
    "stages":[
      {
        "img":"images/options/world_settings/wind_crest_settings/minish_no.png",
        "codes":"minishwindcrest_no",
        "inherit_codes":false
      },
      {
        "img":"images/options/world_settings/wind_crest_settings/minish_yes.png",
        "codes":"minishwindcrest_yes",
        "inherit_codes":false
      }
    ]
  },
  {
    "name":"Dungeons Deepwoods",
    "type":"progressive",
    "loop":true,
	"initial_stage_idx":0,
    "allow_disabled":false,
    "stages":[
      {
        "img":"images/items/dungeons/dws_none.png",
        "codes":"dws_none",
        "inherit_codes":false
      },
      {
        "img":"images/items/dungeons/dws_dws.png",
        "codes":"dws_dws",
        "inherit_codes":false
      },
      {
        "img":"images/items/dungeons/dws_cof.png",
        "codes":"dws_cof",
        "inherit_codes":false
      },
      {
        "img":"images/items/dungeons/dws_fow.png",
        "codes":"dws_fow",
        "inherit_codes":false
      },
      {
        "img":"images/items/dungeons/dws_tod.png",
        "codes":"dws_tod",
        "inherit_codes":false
      },
      {
        "img":"images/items/dungeons/dws_crypt.png",
        "codes":"dws_crypt",
        "inherit_codes":false
      },
      {
        "img":"images/items/dungeons/dws_pow.png",
        "codes":"dws_pow",
        "inherit_codes":false
      },
    ]
  },
  {
    "name":"Dungeons Cave Of Flame",
    "type":"progressive",
    "loop":true,
	"initial_stage_idx":0,
    "allow_disabled":false,
    "stages":[
      {
        "img":"images/items/dungeons/cof_none.png",
        "codes":"cof_none",
        "inherit_codes":false
      },
      {
        "img":"images/items/dungeons/cof_dws.png",
        "codes":"cof_dws",
        "inherit_codes":false
      },
      {
        "img":"images/items/dungeons/cof_cof.png",
        "codes":"cof_cof",
        "inherit_codes":false
      },
      {
        "img":"images/items/dungeons/cof_fow.png",
        "codes":"cof_fow",
        "inherit_codes":false
      },
      {
        "img":"images/items/dungeons/cof_tod.png",
        "codes":"cof_tod",
        "inherit_codes":false
      },
      {
        "img":"images/items/dungeons/cof_crypt.png",
        "codes":"cof_crypt",
        "inherit_codes":false
      },
      {
        "img":"images/items/dungeons/cof_pow.png",
        "codes":"cof_pow",
        "inherit_codes":false
      },
    ]
  },
  {
    "name":"Dungeons Fortress",
    "type":"progressive",
    "loop":true,
	"initial_stage_idx":0,
    "allow_disabled":false,
    "stages":[
      {
        "img":"images/items/dungeons/fow_none.png",
        "codes":"fow_none",
        "inherit_codes":false
      },
      {
        "img":"images/items/dungeons/fow_dws.png",
        "codes":"fow_dws",
        "inherit_codes":false
      },
      {
        "img":"images/items/dungeons/fow_cof.png",
        "codes":"fow_cof",
        "inherit_codes":false
      },
      {
        "img":"images/items/dungeons/fow_fow.png",
        "codes":"fow_fow",
        "inherit_codes":false
      },
      {
        "img":"images/items/dungeons/fow_tod.png",
        "codes":"fow_tod",
        "inherit_codes":false
      },
      {
        "img":"images/items/dungeons/fow_crypt.png",
        "codes":"fow_crypt",
        "inherit_codes":false
      },
      {
        "img":"images/items/dungeons/fow_pow.png",
        "codes":"fow_pow",
        "inherit_codes":false
      },
    ]
  },
  {
    "name":"Dungeons Droplet",
    "type":"progressive",
    "loop":true,
	"initial_stage_idx":0,
    "allow_disabled":false,
    "stages":[
      {
        "img":"images/items/dungeons/tod_none.png",
        "codes":"tod_none",
        "inherit_codes":false
      },
      {
        "img":"images/items/dungeons/tod_dws.png",
        "codes":"tod_dws",
        "inherit_codes":false
      },
      {
        "img":"images/items/dungeons/tod_cof.png",
        "codes":"tod_cof",
        "inherit_codes":false
      },
      {
        "img":"images/items/dungeons/tod_fow.png",
        "codes":"tod_fow",
        "inherit_codes":false
      },
      {
        "img":"images/items/dungeons/tod_tod.png",
        "codes":"tod_tod",
        "inherit_codes":false
      },
      {
        "img":"images/items/dungeons/tod_crypt.png",
        "codes":"tod_crypt",
        "inherit_codes":false
      },
      {
        "img":"images/items/dungeons/tod_pow.png",
        "codes":"tod_pow",
        "inherit_codes":false
      },
    ]
  },
  {
    "name":"Dungeons Crypt",
    "type":"progressive",
    "loop":true,
	"initial_stage_idx":0,
    "allow_disabled":false,
    "stages":[
      {
        "img":"images/items/dungeons/crypt_none.png",
        "codes":"crypt_none",
        "inherit_codes":false
      },
      {
        "img":"images/items/dungeons/crypt_dws.png",
        "codes":"crypt_dws",
        "inherit_codes":false
      },
      {
        "img":"images/items/dungeons/crypt_cof.png",
        "codes":"crypt_cof",
        "inherit_codes":false
      },
      {
        "img":"images/items/dungeons/crypt_fow.png",
        "codes":"crypt_fow",
        "inherit_codes":false
      },
      {
        "img":"images/items/dungeons/crypt_tod.png",
        "codes":"crypt_tod",
        "inherit_codes":false
      },
      {
        "img":"images/items/dungeons/crypt_crypt.png",
        "codes":"crypt_crypt",
        "inherit_codes":false
      },
      {
        "img":"images/items/dungeons/crypt_pow.png",
        "codes":"crypt_pow",
        "inherit_codes":false
      },
    ]
  },
  {
    "name":"Dungeons Palace",
    "type":"progressive",
    "loop":true,
	"initial_stage_idx":0,
    "allow_disabled":false,
    "stages":[
      {
        "img":"images/items/dungeons/pow_none.png",
        "codes":"pow_none",
        "inherit_codes":false
      },
      {
        "img":"images/items/dungeons/pow_dws.png",
        "codes":"pow_dws",
        "inherit_codes":false
      },
      {
        "img":"images/items/dungeons/pow_cof.png",
        "codes":"pow_cof",
        "inherit_codes":false
      },
      {
        "img":"images/items/dungeons/pow_fow.png",
        "codes":"pow_fow",
        "inherit_codes":false
      },
      {
        "img":"images/items/dungeons/pow_tod.png",
        "codes":"pow_tod",
        "inherit_codes":false
      },
      {
        "img":"images/items/dungeons/pow_crypt.png",
        "codes":"pow_crypt",
        "inherit_codes":false
      },
      {
        "img":"images/items/dungeons/pow_pow.png",
        "codes":"pow_pow",
        "inherit_codes":false
      },
    ]
  },
  {
    "name":"Dungeons Entrance",
    "type": "progressive",
    "loop": true,
	"initial_stage_idx":0,
    "allow_disabled": false,
    "stages": [
      {
        "img": "images/options/world_settings/settings/dungeons_er_off.png",
        "codes": "dungeonser_off",
        "inherit_codes":false
      },
      {
        "img":"images/options/world_settings/settings/dungeons_er_on.png",
        "codes": "dungeonser_on",
        "inherit_codes":false
      },
    ]
  },
  {
    "name":"Weapons Bow",
    "type": "progressive",
    "loop": true,
	"initial_stage_idx":1,
    "allow_disabled": false,
    "stages": [
      {
        "img":"images/options/weapons_settings/bow_no.png",
        "codes": "weaponsbow_no",
        "inherit_codes":false
      },
      {
        "img": "images/options/weapons_settings/bow_yes.png",
        "codes": "weaponsbow_yes",
        "inherit_codes":false
      },
      {
        "img": "images/options/weapons_settings/bow_boss.png",
        "codes": "weaponsbow_boss",
        "inherit_codes":false
      },
    ]
  },
  {
    "name":"Weapons Gust",
    "type": "progressive",
    "loop": true,
	"initial_stage_idx":1,
    "allow_disabled": false,
    "stages": [
      {
        "img":"images/options/weapons_settings/gust_no.png",
        "codes": "weaponsgust_no",
        "inherit_codes":false
      },
      {
        "img": "images/options/weapons_settings/gust_yes.png",
        "codes": "weaponsgust_yes",
        "inherit_codes":false
      },
    ]
  },
  {
    "name":"Weapons Bombs",
    "type": "progressive",
    "loop": true,
	"initial_stage_idx":1,
    "allow_disabled": false,
    "stages": [
      {
        "img":"images/options/weapons_settings/bombs_no.png",
        "codes": "weaponsbombs_no",
        "inherit_codes":false
      },
      {
        "img": "images/options/weapons_settings/bombs_yes.png",
        "codes": "weaponsbombs_yes",
        "inherit_codes":false
      },
      {
        "img": "images/options/weapons_settings/bombs_boss.png",
        "codes": "weaponsbombs_yes,weaponsbombs_boss",
        "inherit_codes":false
      },
    ]
  },
  {
    "name":"Weapons Lamp",
    "type": "progressive",
    "loop": true,
	"initial_stage_idx":1,
    "allow_disabled": false,
    "stages": [
      {
        "img":"images/options/weapons_settings/lamp_no.png",
        "codes": "weaponslamp_no",
        "inherit_codes":false
      },
      {
        "img": "images/options/weapons_settings/lamp_yes.png",
        "codes": "weaponslamp_yes",
        "inherit_codes":false
      },
    ]
  },
  {
    "name":"Cucco setting",
    "type": "progressive",
    "loop": true,
	"initial_stage_idx":1,
    "allow_disabled": false,
    "stages": [
      {
        "img": "images/options/locations_settings/cucco_none.png",
        "codes": "cucco_none",
        "inherit_codes":false
      },
      {
        "img":"images/options/locations_settings/cucco_1.png",
        "codes": "cucco_1",
      },
      {
        "img":"images/options/locations_settings/cucco_2.png",
        "codes": "cucco_2",
      },
      {
        "img":"images/options/locations_settings/cucco_3.png",
        "codes": "cucco_3",
      },
      {
        "img":"images/options/locations_settings/cucco_4.png",
        "codes": "cucco_4",
      },
      {
        "img":"images/options/locations_settings/cucco_5.png",
        "codes": "cucco_5",
      },
      {
        "img":"images/options/locations_settings/cucco_6.png",
        "codes": "cucco_6",
      },
      {
        "img":"images/options/locations_settings/cucco_7.png",
        "codes": "cucco_7",
      },
      {
        "img":"images/options/locations_settings/cucco_8.png",
        "codes": "cucco_8",
      },
      {
        "img":"images/options/locations_settings/cucco_9.png",
        "codes": "cucco_9",
      },
      {
        "img":"images/options/locations_settings/cucco_10.png",
        "codes": "cucco_10",
      },
    ]
  },
  {
    "name":"Goron Shop Settings",
    "type": "progressive",
    "loop": true,
	"initial_stage_idx":0,
    "allow_disabled": false,
    "stages": [
      {
        "img": "images/options/locations_settings/goron_none.png",
        "codes": "goron_none",
        "inherit_codes":false
      },
      {
        "img":"images/options/locations_settings/goron_1.png",
        "codes": "goron_1",
      },
      {
        "img":"images/options/locations_settings/goron_2.png",
        "codes": "goron_2",
      },
      {
        "img":"images/options/locations_settings/goron_3.png",
        "codes": "goron_3",
      },
      {
        "img":"images/options/locations_settings/goron_4.png",
        "codes": "goron_4",
      },
      {
        "img":"images/options/locations_settings/goron_5.png",
        "codes": "goron_5",
      },
    ]
  },
  {
    "name":"Goron Shop Price",
    "type": "progressive",
    "loop": true,
	"initial_stage_idx":0,
    "allow_disabled": false,
    "stages": [
      {
        "img": "images/options/locations_settings/goron_eu.png",
        "codes": "goron_eu",
        "inherit_codes":false
      },
      {
        "img":"images/options/locations_settings/goron_jp.png",
        "codes": "goron_jp",
        "inherit_codes":false
      }
    ]
  },
  {
    "name":"Grab items from a distance",
    "type": "progressive",
    "loop": true,
	"initial_stage_idx":0,
    "allow_disabled": false,
    "stages": [
      {
        "img": "images/options/logic_settings/grabbable_none.png",
        "codes": "grabbable_none",
        "inherit_codes":false
      },
      {
        "img":"images/options/logic_settings/grabbable_easy.png",
        "codes": "grabbableeasy",
        "inherit_codes":false
      },
      {
        "img":"images/options/logic_settings/grabbable_hard.png",
        "codes": "grabbable_hard",
        "inherit_codes":false
      }
    ]
  },
  {
    "name":"D_W_s warp",
    "type": "progressive",
    "loop": true,
	"initial_stage_idx":0,
    "allow_disabled": false,
    "stages": [
      {
        "img": "images/options/world_settings/warps_settings/dws_warps_none.png",
        "codes": "dws_warps_none",
        "inherit_codes":false
      },
      {
        "img":"images/options/world_settings/warps_settings/dws_warps_blue.png",
        "codes": "dws_warps_blue",
        "inherit_codes":false
      },
      {
        "img":"images/options/world_settings/warps_settings/dws_warps_red.png",
        "codes": "dws_warps_red",
        "inherit_codes":false
      },
      {
        "img":"images/options/world_settings/warps_settings/dws_warps_all.png",
        "codes": "dws_warps_blue,dws_warps_red",
        "inherit_codes":false
      }
    ]
  },
  {
    "name":"Co_F warp",
    "type": "progressive",
    "loop": true,
	"initial_stage_idx":0,
    "allow_disabled": false,
    "stages": [
      {
        "img": "images/options/world_settings/warps_settings/cof_warps_none.png",
        "codes": "cof_warps_none",
        "inherit_codes":false
      },
      {
        "img":"images/options/world_settings/warps_settings/cof_warps_blue.png",
        "codes": "cof_warps_blue",
        "inherit_codes":false
      },
      {
        "img":"images/options/world_settings/warps_settings/cof_warps_red.png",
        "codes": "cof_warps_red",
        "inherit_codes":false
      },
      {
        "img":"images/options/world_settings/warps_settings/cof_warps_all.png",
        "codes": "cof_warps_blue,cof_warps_red",
        "inherit_codes":false
      }
    ]
  },
  {
    "name":"F_O_W warp",
    "type": "progressive",
    "loop": true,
	"initial_stage_idx":0,
    "allow_disabled": false,
    "stages": [
      {
        "img": "images/options/world_settings/warps_settings/fow_warps_none.png",
        "codes": "fow_warps_none",
        "inherit_codes":false
      },
      {
        "img":"images/options/world_settings/warps_settings/fow_warps_blue.png",
        "codes": "fow_warps_blue",
        "inherit_codes":false
      },
      {
        "img":"images/options/world_settings/warps_settings/fow_warps_red.png",
        "codes": "fow_warps_red",
        "inherit_codes":false
      },
      {
        "img":"images/options/world_settings/warps_settings/fow_warps_all.png",
        "codes": "fow_warps_blue,fow_warps_red",
        "inherit_codes":false
      }
    ]
  },
  {
    "name":"T_O_d warp",
    "type": "progressive",
    "loop": true,
	"initial_stage_idx":0,
    "allow_disabled": false,
    "stages": [
      {
        "img": "images/options/world_settings/warps_settings/tod_warps_none.png",
        "codes": "tod_warps_none",
        "inherit_codes":false
      },
      {
        "img":"images/options/world_settings/warps_settings/tod_warps_blue.png",
        "codes": "tod_warps_blue",
        "inherit_codes":false
      },
      {
        "img":"images/options/world_settings/warps_settings/tod_warps_red.png",
        "codes": "tod_warps_red",
        "inherit_codes":false
      },
      {
        "img":"images/options/world_settings/warps_settings/tod_warps_all.png",
        "codes": "tod_warps_blue,tod_warps_red",
        "inherit_codes":false
      }
    ]
  },
  {
    "name":"P_O_W warp",
    "type": "progressive",
    "loop": true,
	"initial_stage_idx":0,
    "allow_disabled": false,
    "stages": [
      {
        "img": "images/options/world_settings/warps_settings/pow_warps_none.png",
        "codes": "pow_warps_none",
        "inherit_codes":false
      },
      {
        "img":"images/options/world_settings/warps_settings/pow_warps_blue.png",
        "codes": "pow_warps_blue",
        "inherit_codes":false
      },
      {
        "img":"images/options/world_settings/warps_settings/pow_warps_red.png",
        "codes": "pow_warps_red",
        "inherit_codes":false
      },
      {
        "img":"images/options/world_settings/warps_settings/pow_warps_all.png",
        "codes": "pow_warps_blue,pow_warps_red",
        "inherit_codes":false
      }
    ]
  },
  {
    "name":"DHC warp",
    "type": "progressive",
    "loop": true,
	"initial_stage_idx":0,
    "allow_disabled": false,
    "stages": [
      {
        "img": "images/options/world_settings/warps_settings/dhc_warps_none.png",
        "codes": "dhc_warps_none",
        "inherit_codes":false
      },
      {
        "img":"images/options/world_settings/warps_settings/dhc_warps_blue.png",
        "codes": "dhc_warps_blue",
        "inherit_codes":false
      },
      {
        "img":"images/options/world_settings/warps_settings/dhc_warps_red.png",
        "codes": "dhc_warps_red",
        "inherit_codes":false
      },
      {
        "img":"images/options/world_settings/warps_settings/dhc_warps_all.png",
        "codes": "dhc_warps_blue,dhc_warps_red",
        "inherit_codes":false
      }
    ]
  },
]
