[
  //DHC requirement
  {
    "name":"DHC",
    "type":"progressive",
    "loop":true,
	"initial_stage_idx":0,
    "allow_disabled":false,
    "inherit_codes":false,
    "stages":[
      {
        "img":"images/options/DHCRequirements/dhc_closed.png",
        "codes":"dhc_closed",
        "inherit_codes":false
      },
      {
        "img":"images/options/DHCRequirements/dhc_fast.png",
        "codes":"dhc_none",
        "inherit_codes":false
      },
      {
        "img":"images/options/DHCRequirements/dhc_open.png",
        "codes":"dhc_open",
        "inherit_codes":false
      },
    ]
  },
  {
    "name":"Elements Needed",
    "type":"progressive",
    "loop": true,
	"initial_stage_idx":0,
    "allow_disabled":false,
    "stages":[
	  {
        "img":"images/options/DHCRequirements/Element4.png",
        "inherit_codes":false,
        "codes":"element4Needed"
      },
      {
        "img":"images/options/DHCRequirements/Element3.png",
        "inherit_codes":false,
        "codes":"element3Needed"
      },
      {
        "img":"images/options/DHCRequirements/Element2.png",
        "inherit_codes":false,
        "codes":"element2Needed"
      },
      {
        "img":"images/options/DHCRequirements/Element1.png",
        "inherit_codes":false,
        "codes":"element1Needed"
      },
      {
        "img":"images/options/DHCRequirements/Element0.png",
        "inherit_codes":false,
        "codes":"element0Needed"
      },
    ]
  },
  {
    "name":"Swords Needed",
    "type":"progressive",
    "loop": true,
	"initial_stage_idx":5,
    "allow_disabled":false,
    "stages":[
      {
        "img": "images/options/DHCRequirements/sword0.png",
        "inherit_codes": false,
        "codes": "sword0Needed"
      },
      {
        "img": "images/options/DHCRequirements/sword1.png",
        "inherit_codes": false,
        "codes": "sword1Needed"
      },
      {
        "img": "images/options/DHCRequirements/sword2.png",
        "inherit_codes": false,
        "codes": "sword2Needed"
      },
      {
        "img": "images/options/DHCRequirements/sword3.png",
        "inherit_codes": false,
        "codes": "sword3Needed"
      },
      {
        "img": "images/options/DHCRequirements/sword4.png",
        "inherit_codes": false,
        "codes": "sword4Needed"
      },
      {
        "img": "images/options/DHCRequirements/sword5.png",
        "inherit_codes": false,
        "codes": "sword5Needed"
      },
    ]
  },
  {
   "name": "Figurine",
   "type": "consumable",
   "img": "images/options/DHCRequirements/figurine.png",
   "codes": "figurine_option",
   "min_quantity":0,
   "initial_quantity": 0,
   "max_quantity":136,
 },  
 {
    "name": "Dungeons",
    "type": "progressive",
    "loop": true,
	"initial_stage_idx":0,
    "allow_disabled": false,
    "stages": [
      {
        "img":"images/options/DHCRequirements/dungeons0.png",
        "codes": "dungeons,dungeons0",
        "inherit_codes":false
      },
      {
        "img": "images/options/DHCRequirements/dungeons1.png",
        "codes": "dungeons1"
      },
      {
        "img": "images/options/DHCRequirements/dungeons2.png",
        "codes": "dungeons2"
      },
      {
        "img": "images/options/DHCRequirements/dungeons3.png",
        "codes": "dungeons3"
      },
      {
        "img": "images/options/DHCRequirements/dungeons4.png",
        "codes": "dungeons4"
      },
      {
        "img": "images/options/DHCRequirements/dungeons5.png",
        "codes": "dungeons5"
      },
      {
        "img": "images/options/DHCRequirements/dungeons6.png",
        "codes": "dungeons6"
      },
    ]
  },
  {
    "name": "Crest Crenel",
    "type": "progressive",
    "loop": true,
	"initial_stage_idx":0,
    "allow_disabled": false,
    "stages": [
      {
        "img": "images/options/LogicSettings/CrestCrenelNo.png",
        "codes": "crestcrenel_no",
        "inherit_codes":false
      },
      {
        "img":"images/options/CrestSettings/CrestCrenelYes.png",
        "codes": "crestcrenel_yes",
        "inherit_codes":false
      }
    ]
  },
  {
    "name": "Crest Falls",
    "type": "progressive",
    "loop": true,
	"initial_stage_idx":0,
    "allow_disabled": false,
    "stages": [
      {
        "img": "images/options/LogicSettings/CrestFallsNo.png",
        "codes": "crestfalls_no",
        "inherit_codes":false
      },
      {
        "img":"images/options/CrestSettings/CrestFallsYes.png",
        "codes": "crestfalls_yes",
        "inherit_codes":false
      }
    ]
  },
  {
    "name": "Crest Clouds",
    "type": "progressive",
    "loop": true,
	"initial_stage_idx":0,
    "allow_disabled": false,
    "stages": [
      {
        "img": "images/options/LogicSettings/CrestCloudsNo.png",
        "codes": "crestclouds_no",
        "inherit_codes":false
      },
      {
        "img":"images/options/CrestSettings/CrestCloudsYes.png",
        "codes": "crestclouds_yes",
        "inherit_codes":false
      }
    ]
  },
  {
    "name": "Crest Swamp",
    "type": "progressive",
    "loop": true,
	"initial_stage_idx":0,
    "allow_disabled": false,
    "stages": [
      {
        "img": "images/options/LogicSettings/CrestSwampNo.png",
        "codes": "crestswamp_no",
        "inherit_codes":false
      },
      {
        "img":"images/options/CrestSettings/CrestSwampYes.png",
        "codes": "crestswamp_yes",
        "inherit_codes":false
      }
    ]
  },
  {
    "name": "Crest Shf",
    "type": "progressive",
    "loop": true,
	"initial_stage_idx":0,
    "allow_disabled": false,
    "stages": [
      {
        "img": "images/options/LogicSettings/CrestShfNo.png",
        "codes": "crestshf_no",
        "inherit_codes":false
      },
      {
        "img":"images/options/CrestSettings/CrestShfYes.png",
        "codes": "crestshf_yes",
        "inherit_codes":false
      }
    ]
  },
  {
    "name": "Crest Minish",
    "type": "progressive",
    "loop": true,
	"initial_stage_idx":0,
    "allow_disabled": false,
    "stages": [
      {
        "img": "images/options/LogicSettings/CrestMinishNo.png",
        "codes": "crestminish_no",
        "inherit_codes":false
      },
      {
        "img":"images/options/CrestSettings/CrestMinishYes.png",
        "codes": "crestminish_yes",
        "inherit_codes":false
      }
    ]
  },
  {
    "name": "Blow Dust",
    "type": "progressive",
    "loop": true,
	"initial_stage_idx":1,
    "allow_disabled": false,
    "stages": [
      {
        "img":"images/options/LogicSettings/BlowDust_off.png",
        "codes": "blowdust_off",
        "inherit_codes":false
      },
      {
        "img": "images/options/LogicSettings/BlowDust_on.png",
        "codes": "blowdust_on",
        "inherit_codes":false
      },
    ]
  },
  {
    "name": "Crenel Mushroom",
    "type": "progressive",
    "loop": true,
	"initial_stage_idx":1,
    "allow_disabled": false,
    "stages": [
      {
        "img":"images/options/LogicSettings/CrenelMushroom_off.png",
        "codes": "crenelmushroom_off",
        "inherit_codes":false
      },
      {
        "img": "images/options/LogicSettings/CrenelMushroom_on.png",
        "codes": "crenelmushroom_on",
        "inherit_codes":false
      },
    ]
  },
  {
    "name": "Light Arrow Break",
    "type": "progressive",
    "loop": true,
	"initial_stage_idx":1,
    "allow_disabled": false,
    "stages": [
      {
        "img":"images/options/LogicSettings/LightArrowBreak_off.png",
        "codes": "lightarrowbreak_off",
        "inherit_codes":false
      },
      {
        "img": "images/options/LogicSettings/LightArrowBreak_on.png",
        "codes": "lightarrowbreak_on",
        "inherit_codes":false
      },
    ]
  },
  {
    "name": "Bobombs",
    "type": "progressive",
    "loop": true,
	"initial_stage_idx":1,
    "allow_disabled": false,
    "stages": [
      {
        "img": "images/options/LogicSettings/bobombs_off.png",
        "codes": "bobombs_off",
        "inherit_codes":false
      },
      {
        "img":"images/options/LogicSettings/bobombs_on.png",
        "codes": "bobombs_on",
        "inherit_codes":false
      },
    ]
  },
  {
    "name": "Like Like",
    "type": "progressive",
    "loop": true,
	"initial_stage_idx":0,
    "allow_disabled": false,
    "stages": [
      {
        "img": "images/options/LogicSettings/LikeLike_off.png",
        "codes": "likelike_off",
        "inherit_codes":false
      },
      {
        "img":"images/options/LogicSettings/LikeLike_on.png",
        "codes": "likelike_on",
        "inherit_codes":false
      }
    ]
  },
  {
    "name": "Guard Skip",
    "type": "progressive",
    "loop": true,
	"initial_stage_idx":0,
    "allow_disabled": false,
    "stages": [
      {
        "img": "images/options/LogicSettings/GuardSkip_off.png",
        "codes": "guardskip_off",
        "inherit_codes":false
      },
      {
        "img":"images/options/LogicSettings/GuardSkip_on.png",
        "codes": "guardskip_on",
        "inherit_codes":false
      }
    ]
  },
  {
    "name": "Crenel Beam",
    "type": "progressive",
    "loop": true,
	"initial_stage_idx":1,
    "allow_disabled": false,
    "stages": [
      {
        "img": "images/options/LogicSettings/CrenelBeam_off.png",
        "codes": "crenelbeam_off",
        "inherit_codes":false
      },
      {
        "img":"images/options/LogicSettings/CrenelBeam_on.png",
        "codes": "crenelbeam_on",
        "inherit_codes":false
      },
    ]
  },
  {
    "name": "Down Strike Beetle",
    "type": "progressive",
    "loop": true,
	"initial_stage_idx":1,
    "allow_disabled": false,
    "stages": [
      {
        "img":"images/options/LogicSettings/DownStrikeBeetle_off.png",
        "codes": "downstrikebeetle_off",
        "inherit_codes":false
      },
      {
        "img": "images/options/LogicSettings/DownStrikeBeetle_on.png",
        "codes": "downstrikebeetle_on",
        "inherit_codes":false
      },
    ]
  },
  {
    "name": "Dark Rooms",
    "type": "progressive",
    "loop": true,
	"initial_stage_idx":0,
    "allow_disabled": false,
    "stages": [
      {
        "img":"images/options/LogicSettings/DarkRooms_off.png",
        "codes": "darkrooms_off",
        "inherit_codes":false
      },
      {
        "img": "images/options/LogicSettings/DarkRooms_on.png",
        "codes": "darkrooms_on",
        "inherit_codes":false
      }
    ]
  },
  {
    "name": "Cape Extension",
    "type": "progressive",
    "loop": true,
	"initial_stage_idx":1,
    "allow_disabled": false,
    "stages": [
      {
        "img":"images/options/LogicSettings/CapeExtension_off.png",
        "codes": "capeextension_off",
        "inherit_codes":false
      },
      {
        "img": "images/options/LogicSettings/CapeExtension_on.png",
        "codes": "capeextension_on",
        "inherit_codes":false
      },
    ]
  },
  {
    "name": "Lake Minish",
    "type": "progressive",
    "loop": true,
	"initial_stage_idx":0,
    "allow_disabled": false,
    "stages": [
      {
        "img": "images/options/LogicSettings/LakeMinish_off.png",
        "codes": "lakeminish_off",
        "inherit_codes":false
      },
      {
        "img":"images/options/LogicSettings/LakeMinish_on.png",
        "codes": "lakeminish_on",
        "inherit_codes":false
      }
    ]
  },
  {
    "name": "Cabin Swim",
    "type": "progressive",
    "loop": true,
	"initial_stage_idx":1,
    "allow_disabled": false,
    "stages": [
      {
        "img":"images/options/LogicSettings/CabinSwim_off.png",
        "codes": "cabinswim_off",
        "inherit_codes":false
      },
      {
        "img": "images/options/LogicSettings/CabinSwim_on.png",
        "codes": "cabinswim_on",
        "inherit_codes":false
      },
    ]
  },
  {
    "name": "Clouds Kill",
    "type": "progressive",
    "loop": true,
	"initial_stage_idx":0,
    "allow_disabled": false,
    "stages": [
      {
        "img":"images/options/LogicSettings/CloudsKill_off.png",
        "codes": "cloudskill_off",
        "inherit_codes":false
      },
      {
        "img": "images/options/LogicSettings/CloudsKill_on.png",
        "codes": "cloudskill_on",
        "inherit_codes":false
      }
    ]
  },
  {
    "name": "FoW Pot",
    "type": "progressive",
    "loop": true,
	"initial_stage_idx":1,
    "allow_disabled": false,
    "stages": [
      {
        "img":"images/options/LogicSettings/FoWPot_off.png",
        "codes": "fowpot_off",
        "inherit_codes":false
      },
      {
        "img": "images/options/LogicSettings/FoWPot_on.png",
        "codes": "fowpot_on",
        "inherit_codes":false
      },
    ]
  },
  {
    "name": "PoW Jump",
    "type": "progressive",
    "loop": true,
	"initial_stage_idx":1,
    "allow_disabled": false,
    "stages": [
      {
        "img": "images/options/LogicSettings/PoWJump_off.png",
        "codes": "powjump_off",
        "inherit_codes":false
      },
      {
        "img":"images/options/LogicSettings/PoWJump_on.png",
        "codes": "powjump_on",
        "inherit_codes":false
      },
    ]
  },
  {
    "name": "PoW Pot Puzzle OOL",
    "type": "progressive",
    "loop": true,
	"initial_stage_idx":0,
    "allow_disabled": false,
    "stages": [
      {
        "img":"images/options/LogicSettings/PoWPotPuzzleOOL_off.png",
        "codes": "powpotpuzzleool_off",
        "inherit_codes":false
      },
	  {
        "img": "images/options/LogicSettings/PoWPotPuzzleOOL_on.png",
        "codes": "powpotpuzzleool_on",
        "inherit_codes":false
      }

    ]
  },
  {
    "name": "DHC Canon Hit",
    "type": "progressive",
    "loop": true,
	"initial_stage_idx":0,
    "allow_disabled": false,
    "stages": [
	  {
        "img":"images/options/LogicSettings/DHCCanonHit_off.png",
        "codes": "dhccanonhit_off",
        "inherit_codes":false
      },
      {
        "img": "images/options/LogicSettings/DHCCanonHit_on.png",
        "codes": "dhccanonhit_on",
        "inherit_codes":false
      }

    ]
  },
  {
    "name": "DHC Blade Puzzle Shuffle",
    "type": "progressive",
    "loop": true,
	"initial_stage_idx":0,
    "allow_disabled": false,
    "stages": [
      {
        "img":"images/options/LogicSettings/DHCBladePuzzleShuffle_off.png",
        "codes": "dhcbladepuzzleshuffle_off",
        "inherit_codes":false
      },
      {
        "img": "images/options/LogicSettings/DHCBladePuzzleShuffle_on.png",
        "codes": "dhcbladepuzzleshuffle_on",
        "inherit_codes":false
      }
    ]
  },
  {
    "name": "DHC Switch Hit",
    "type": "progressive",
    "loop": true,
	"initial_stage_idx":0,
    "allow_disabled": false,
    "stages": [
      {
        "img":"images/options/LogicSettings/DHCSwitchHit_off.png",
        "codes": "dhcswitchhit_off",
        "inherit_codes":false
      },
      {
        "img": "images/options/LogicSettings/DHCSwitchHit_on.png",
        "codes": "dhcswitchhit_on",
        "inherit_codes":false
      }
    ]
  },
  {
    "name":"Rupeemania",
    "type":"progressive",
    "loop":true,
	"initial_stage_idx":1,
    "allow_disabled":false,
    "stages":[
      {
        "img":"images/options/WorldSetting/rupees_off.png",
        "codes":"rupees_off",
        "inherit_codes":false
      },
      {
        "img":"images/options/WorldSetting/rupees_on.png",
        "codes":"rupees_on",
        "inherit_codes":false
      },
    ]
  },
  {
    "name":"Special Pots",
    "type":"progressive",
    "loop":true,
	"initial_stage_idx":1,
    "allow_disabled":false,
    "stages":[
      {
        "img":"images/options/WorldSetting/specialpot_off.png",
        "codes":"specialpot_off",
        "inherit_codes":false
      },
      {
        "img":"images/options/WorldSetting/specialpot_on.png",
        "codes":"specialpot_on",
        "inherit_codes":false
      },
    ]
  },
  {
    "name":"Dig spots",
    "type":"progressive",
    "loop":true,
	"initial_stage_idx":1,
    "allow_disabled":false,
    "stages":[
      {
        "img":"images/options/WorldSetting/digging_off.png",
        "codes":"digging_off",
        "inherit_codes":false
      },
      {
        "img":"images/options/WorldSetting/digging_on.png",
        "codes":"digging_on",
        "inherit_codes":false
      },
    ]
  },
  {
    "name":"Underwater spots",
    "type":"progressive",
    "loop":true,
	"initial_stage_idx":1,
    "allow_disabled":false,
    "stages":[
      {
        "img":"images/options/WorldSetting/underwater_off.png",
        "codes":"underwater_off",
        "inherit_codes":false
      },
      {
        "img":"images/options/WorldSetting/underwater_on.png",
        "codes":"underwater_on",
        "inherit_codes":false
      },
    ]
  },
  {
    "name":"Golden Enemies",
    "type":"progressive",
    "loop":true,
	"initial_stage_idx":0,
    "allow_disabled":false,
    "stages":[
      {
        "img":"images/options/WorldSetting/golden_enemy_off.png",
        "codes":"golden_enemy_off",
        "inherit_codes":false
      },
      {
        "img":"images/options/WorldSetting/golden_enemy_on.png",
        "codes":"golden_enemy_on",
        "inherit_codes":false
      }
    ],
  },
  {
    "name":"Sanctuary Pedestal",
    "type":"progressive",
    "loop":true,
	"initial_stage_idx":0,
    "allow_disabled":false,
    "stages":[
      {
        "img":"images/options/WorldSetting/ped_items_off.png",
        "codes":"ped_items_off",
        "inherit_codes":false
      },
      {
        "img":"images/options/WorldSetting/ped_items_on.png",
        "codes":"ped_items_on",
        "inherit_codes":false
      }
    ]
  },
  {
    "name":"Fusion Green",
    "type":"progressive",
    "loop":true,
	"initial_stage_idx":0,
    "allow_disabled":false,
    "stages":[
      {
        "img":"images/options/WorldSetting/openworld_off.png",
        "codes":"openworld_off",
        "inherit_codes":false
      },
      {
        "img":"images/options/WorldSetting/openworld_on.png",
        "codes":"openworld_on",
        "inherit_codes":false
      }
    ]
  },
  {
    "name":"Fusion Gold",
    "type":"progressive",
    "loop":true,
	"initial_stage_idx":1,
    "allow_disabled":false,
    "stages":[
      {
        "img":"images/options/WorldSetting/fusiongold_removed.png",
        "codes":"fusiongold_removed",
        "inherit_codes":false
      },
      {
        "img":"images/options/WorldSetting/fusiongold_vanilla.png",
        "codes":"fusiongold_vanilla",
        "inherit_codes":false
      },
      {
        "img":"images/options/WorldSetting/fusiongold_complet.png",
        "codes":"fusiongold_complet",
        "inherit_codes":false
      },
    ]
  },
  {
    "name":"Fusion Red",
    "type":"progressive",
    "loop":true,
	"initial_stage_idx":2,
    "allow_disabled":false,
    "stages":[
      {
        "img":"images/options/WorldSetting/fusionred_removed.png",
        "codes":"fusionred_removed",
        "inherit_codes":false
      },
      {
        "img":"images/options/WorldSetting/fusionred_vanilla.png",
        "codes":"fusionred_vanilla",
        "inherit_codes":false
      },
      {
        "img":"images/options/WorldSetting/fusionred_complet.png",
        "codes":"fusionred_complet",
        "inherit_codes":false
      },
    ]
  },
  {
    "name":"Fusion Blue",
    "type":"progressive",
    "loop":true,
	"initial_stage_idx":2,
    "allow_disabled":false,
    "stages":[
      {
        "img":"images/options/WorldSetting/fusionblue_removed.png",
        "codes":"fusionblue_removed",
        "inherit_codes":false
      },
      {
        "img":"images/options/WorldSetting/fusionblue_vanilla.png",
        "codes":"fusionblue_vanilla",
        "inherit_codes":false,
      },
	  {
        "img":"images/options/WorldSetting/fusionblue_complet.png",
        "codes":"fusionblue_complet",
        "inherit_codes":false
      },
    ]
  },
  {
    "name":"Fusion Green",
    "type":"progressive",
    "loop":true,
	"initial_stage_idx":2,
    "allow_disabled":false,
    "stages":[
      {
        "img":"images/options/WorldSetting/fusiongreen_removed.png",
        "codes":"fusiongreen_removed",
        "inherit_codes":false
      },
      {
        "img":"images/options/WorldSetting/fusiongreen_vanilla.png",
        "codes":"fusiongreen_vanilla",
        "inherit_codes":false
      },
      {
        "img":"images/options/WorldSetting/fusiongreen_complet.png",
        "codes":"fusiongreen_complet",
        "inherit_codes":false
      },
    ]
  },
  {
    "name":"Crenel Wind Crest",
    "type":"progressive",
    "loop":true,
	"initial_stage_idx":0,
    "allow_disabled":false,
    "stages":[
      {
        "img":"images/options/WindCrestSetting/crenel_no.png",
        "codes":"crenelwindcrest_no",
        "inherit_codes":false
      },
      {
        "img":"images/options/WindCrestSetting/crenel_yes.png",
        "codes":"crenelwindcrest_yes",
        "inherit_codes":false
      }
    ]
  },
  {
    "name":"Falls Wind Crest",
    "type":"progressive",
    "loop":true,
	"initial_stage_idx":0,
    "allow_disabled":false,
    "stages":[
      {
        "img":"images/options/WindCrestSetting/falls_no.png",
        "codes":"fallswindcrest_no",
        "inherit_codes":false
      },
      {
        "img":"images/options/WindCrestSetting/falls_yes.png",
        "codes":"fallswindcrest_yes",
        "inherit_codes":false
      }
    ]
  },
  {
    "name":"Cloud Wind Crest",
    "type":"progressive",
    "loop":true,
	"initial_stage_idx":0,
    "allow_disabled":false,
    "stages":[
      {
        "img":"images/options/WindCrestSetting/cloud_no.png",
        "codes":"cloudwindcrest_no",
        "inherit_codes":false
      },
      {
        "img":"images/options/WindCrestSetting/cloud_yes.png",
        "codes":"cloudwindcrest_yes",
        "inherit_codes":false
      }
    ]
  },
  {
    "name":"Swamp Wind Crest",
    "type":"progressive",
    "loop":true,
	"initial_stage_idx":0,
    "allow_disabled":false,
    "stages":[
      {
        "img":"images/options/WindCrestSetting/swamp_no.png",
        "codes":"swampwindcrest_no",
        "inherit_codes":false
      },
      {
        "img":"images/options/WindCrestSetting/swamp_yes.png",
        "codes":"swampwindcrest_yes",
        "inherit_codes":false
      }
    ]
  },
  {
    "name":"SHF Wind Crest",
    "type":"progressive",
    "loop":true,
	"initial_stage_idx":0,
    "allow_disabled":false,
    "stages":[
      {
        "img":"images/options/WindCrestSetting/shf_no.png",
        "codes":"shfwindcrest_no",
        "inherit_codes":false
      },
      {
        "img":"images/options/WindCrestSetting/shf_yes.png",
        "codes":"shfwindcrest_yes",
        "inherit_codes":false
      }
    ]
  },
  {
    "name":"Minish Wind Crest",
    "type":"progressive",
    "loop":true,
	"initial_stage_idx":0,
    "allow_disabled":false,
    "stages":[
      {
        "img":"images/options/WindCrestSetting/minish_no.png",
        "codes":"minishwindcrest_no",
        "inherit_codes":false
      },
      {
        "img":"images/options/WindCrestSetting/minish_yes.png",
        "codes":"minishwindcrest_yes",
        "inherit_codes":false
      }
    ]
  },
  {
    "name":"Dungeons Deepwoods",
    "type":"progressive",
    "loop":true,
	"initial_stage_idx":0,
    "allow_disabled":false,
    "stages":[
      {
        "img":"images/items/Dungeons/dws_none.png",
        "codes":"dws_none",
        "inherit_codes":false
      },
      {
        "img":"images/items/Dungeons/dws_dws.png",
        "codes":"dws_dws",
        "inherit_codes":false
      },
      {
        "img":"images/items/Dungeons/dws_cof.png",
        "codes":"dws_cof",
        "inherit_codes":false
      },
      {
        "img":"images/items/Dungeons/dws_fow.png",
        "codes":"dws_fow",
        "inherit_codes":false
      },
      {
        "img":"images/items/Dungeons/dws_tod.png",
        "codes":"dws_tod",
        "inherit_codes":false
      },
      {
        "img":"images/items/Dungeons/dws_crypt.png",
        "codes":"dws_crypt",
        "inherit_codes":false
      },
      {
        "img":"images/items/Dungeons/dws_pow.png",
        "codes":"dws_pow",
        "inherit_codes":false
      },
    ]
  },
  {
    "name":"Dungeons Cave Of Flame",
    "type":"progressive",
    "loop":true,
	"initial_stage_idx":0,
    "allow_disabled":false,
    "stages":[
      {
        "img":"images/items/Dungeons/cof_none.png",
        "codes":"cof_none",
        "inherit_codes":false
      },
      {
        "img":"images/items/Dungeons/cof_dws.png",
        "codes":"cof_dws",
        "inherit_codes":false
      },
      {
        "img":"images/items/Dungeons/cof_cof.png",
        "codes":"cof_cof",
        "inherit_codes":false
      },
      {
        "img":"images/items/Dungeons/cof_fow.png",
        "codes":"cof_fow",
        "inherit_codes":false
      },
      {
        "img":"images/items/Dungeons/cof_tod.png",
        "codes":"cof_tod",
        "inherit_codes":false
      },
      {
        "img":"images/items/Dungeons/cof_crypt.png",
        "codes":"cof_crypt",
        "inherit_codes":false
      },
      {
        "img":"images/items/Dungeons/cof_pow.png",
        "codes":"cof_pow",
        "inherit_codes":false
      },
    ]
  },
  {
    "name":"Dungeons Fortress",
    "type":"progressive",
    "loop":true,
	"initial_stage_idx":0,
    "allow_disabled":false,
    "stages":[
      {
        "img":"images/items/Dungeons/fow_none.png",
        "codes":"fow_none",
        "inherit_codes":false
      },
      {
        "img":"images/items/Dungeons/fow_dws.png",
        "codes":"fow_dws",
        "inherit_codes":false
      },
      {
        "img":"images/items/Dungeons/fow_cof.png",
        "codes":"fow_cof",
        "inherit_codes":false
      },
      {
        "img":"images/items/Dungeons/fow_fow.png",
        "codes":"fow_fow",
        "inherit_codes":false
      },
      {
        "img":"images/items/Dungeons/fow_tod.png",
        "codes":"fow_tod",
        "inherit_codes":false
      },
      {
        "img":"images/items/Dungeons/fow_crypt.png",
        "codes":"fow_crypt",
        "inherit_codes":false
      },
      {
        "img":"images/items/Dungeons/fow_pow.png",
        "codes":"fow_pow",
        "inherit_codes":false
      },
    ]
  },
  {
    "name":"Dungeons Droplet",
    "type":"progressive",
    "loop":true,
	"initial_stage_idx":0,
    "allow_disabled":false,
    "stages":[
      {
        "img":"images/items/Dungeons/tod_none.png",
        "codes":"tod_none",
        "inherit_codes":false
      },
      {
        "img":"images/items/Dungeons/tod_dws.png",
        "codes":"tod_dws",
        "inherit_codes":false
      },
      {
        "img":"images/items/Dungeons/tod_cof.png",
        "codes":"tod_cof",
        "inherit_codes":false
      },
      {
        "img":"images/items/Dungeons/tod_fow.png",
        "codes":"tod_fow",
        "inherit_codes":false
      },
      {
        "img":"images/items/Dungeons/tod_tod.png",
        "codes":"tod_tod",
        "inherit_codes":false
      },
      {
        "img":"images/items/Dungeons/tod_crypt.png",
        "codes":"tod_crypt",
        "inherit_codes":false
      },
      {
        "img":"images/items/Dungeons/tod_pow.png",
        "codes":"tod_pow",
        "inherit_codes":false
      },
    ]
  },
  {
    "name":"Dungeons Crypt",
    "type":"progressive",
    "loop":true,
	"initial_stage_idx":0,
    "allow_disabled":false,
    "stages":[
      {
        "img":"images/items/Dungeons/crypt_none.png",
        "codes":"crypt_none",
        "inherit_codes":false
      },
      {
        "img":"images/items/Dungeons/crypt_dws.png",
        "codes":"crypt_dws",
        "inherit_codes":false
      },
      {
        "img":"images/items/Dungeons/crypt_cof.png",
        "codes":"crypt_cof",
        "inherit_codes":false
      },
      {
        "img":"images/items/Dungeons/crypt_fow.png",
        "codes":"crypt_fow",
        "inherit_codes":false
      },
      {
        "img":"images/items/Dungeons/crypt_tod.png",
        "codes":"crypt_tod",
        "inherit_codes":false
      },
      {
        "img":"images/items/Dungeons/crypt_crypt.png",
        "codes":"crypt_crypt",
        "inherit_codes":false
      },
      {
        "img":"images/items/Dungeons/crypt_pow.png",
        "codes":"crypt_pow",
        "inherit_codes":false
      },
    ]
  },
  {
    "name":"Dungeons Palace",
    "type":"progressive",
    "loop":true,
	"initial_stage_idx":0,
    "allow_disabled":false,
    "stages":[
      {
        "img":"images/items/Dungeons/pow_none.png",
        "codes":"pow_none",
        "inherit_codes":false
      },
      {
        "img":"images/items/Dungeons/pow_dws.png",
        "codes":"pow_dws",
        "inherit_codes":false
      },
      {
        "img":"images/items/Dungeons/pow_cof.png",
        "codes":"pow_cof",
        "inherit_codes":false
      },
      {
        "img":"images/items/Dungeons/pow_fow.png",
        "codes":"pow_fow",
        "inherit_codes":false
      },
      {
        "img":"images/items/Dungeons/pow_tod.png",
        "codes":"pow_tod",
        "inherit_codes":false
      },
      {
        "img":"images/items/Dungeons/pow_crypt.png",
        "codes":"pow_crypt",
        "inherit_codes":false
      },
      {
        "img":"images/items/Dungeons/pow_pow.png",
        "codes":"pow_pow",
        "inherit_codes":false
      },
    ]
  },
  {
    "name": "Dungeons Entrance",
    "type": "progressive",
    "loop": true,
	"initial_stage_idx":0,
    "allow_disabled": false,
    "stages": [
      {
        "img": "images/options/WorldSetting/DungeonsER_off.png",
        "codes": "dungeonser_off",
        "inherit_codes":false
      },
      {
        "img":"images/options/WorldSetting/DungeonsER_on.png",
        "codes": "dungeonser_on",
        "inherit_codes":false
      },
    ]
  },
  {
    "name": "Weapons Bow",
    "type": "progressive",
    "loop": true,
	"initial_stage_idx":1,
    "allow_disabled": false,
    "stages": [
      {
        "img":"images/options/WorldSetting/WeaponsBow_no.png",
        "codes": "weaponsbow_no",
        "inherit_codes":false
      },
      {
        "img": "images/options/WorldSetting/WeaponsBow_yes.png",
        "codes": "weaponsbow_yes",
        "inherit_codes":false
      },
    ]
  },
  {
    "name": "Weapons Gust",
    "type": "progressive",
    "loop": true,
	"initial_stage_idx":1,
    "allow_disabled": false,
    "stages": [
      {
        "img":"images/options/WorldSetting/WeaponsGust_no.png",
        "codes": "weaponsgust_no",
        "inherit_codes":false
      },
      {
        "img": "images/options/WorldSetting/WeaponsGust_yes.png",
        "codes": "weaponsgust_yes",
        "inherit_codes":false
      },
    ]
  },
  {
    "name": "Weapons Bombs",
    "type": "progressive",
    "loop": true,
	"initial_stage_idx":1,
    "allow_disabled": false,
    "stages": [
      {
        "img":"images/options/WorldSetting/WeaponsBombs_no.png",
        "codes": "weaponsbombs_no",
        "inherit_codes":false
      },
      {
        "img": "images/options/WorldSetting/WeaponsBombs_yes.png",
        "codes": "weaponsbombs_yes",
        "inherit_codes":false
      },
      {
        "img": "images/options/WorldSetting/WeaponsBombs_boss.png",
        "codes": "weaponsbombs_yes,weaponsbombs_boss",
        "inherit_codes":false
      },
    ]
  },
  {
    "name": "Weapons Lamp",
    "type": "progressive",
    "loop": true,
	"initial_stage_idx":1,
    "allow_disabled": false,
    "stages": [
      {
        "img":"images/options/WorldSetting/weaponslamp_no.png",
        "codes": "weaponslamp_no",
        "inherit_codes":false
      },
      {
        "img": "images/options/WorldSetting/weaponslamp_yes.png",
        "codes": "weaponslamp_yes",
        "inherit_codes":false
      },
    ]
  },
  {
    "name": "Cucco setting",
    "type": "progressive",
    "loop": true,
	"initial_stage_idx":1,
    "allow_disabled": false,
    "stages": [
      {
        "img": "images/options/WorldSetting/cucco_none.png",
        "codes": "cucco_none",
        "inherit_codes":false
      },
      {
        "img":"images/options/WorldSetting/cucco_1.png",
        "codes": "cucco_1",
      },
      {
        "img":"images/options/WorldSetting/cucco_2.png",
        "codes": "cucco_2",
      },
      {
        "img":"images/options/WorldSetting/cucco_3.png",
        "codes": "cucco_3",
      },
      {
        "img":"images/options/WorldSetting/cucco_4.png",
        "codes": "cucco_4",
      },
      {
        "img":"images/options/WorldSetting/cucco_5.png",
        "codes": "cucco_5",
      },
      {
        "img":"images/options/WorldSetting/cucco_6.png",
        "codes": "cucco_6",
      },
      {
        "img":"images/options/WorldSetting/cucco_7.png",
        "codes": "cucco_7",
      },
      {
        "img":"images/options/WorldSetting/cucco_8.png",
        "codes": "cucco_8",
      },
      {
        "img":"images/options/WorldSetting/cucco_9.png",
        "codes": "cucco_9",
      },
      {
        "img":"images/options/WorldSetting/cucco_10.png",
        "codes": "cucco_10",
      },
    ]
  },
  {
    "name": "Goron Shop Settings",
    "type": "progressive",
    "loop": true,
	"initial_stage_idx":0,
    "allow_disabled": false,
    "stages": [
      {
        "img": "images/options/WorldSetting/goron_none.png",
        "codes": "goron_none",
        "inherit_codes":false
      },
      {
        "img":"images/options/WorldSetting/goron_1.png",
        "codes": "goron_1",
      },
      {
        "img":"images/options/WorldSetting/goron_2.png",
        "codes": "goron_2",
      },
      {
        "img":"images/options/WorldSetting/goron_3.png",
        "codes": "goron_3",
      },
      {
        "img":"images/options/WorldSetting/goron_4.png",
        "codes": "goron_4",
      },
      {
        "img":"images/options/WorldSetting/goron_5.png",
        "codes": "goron_5",
      },
    ]
  },
  {
    "name": "Goron Shop Price",
    "type": "progressive",
    "loop": true,
	"initial_stage_idx":0,
    "allow_disabled": false,
    "stages": [
      {
        "img": "images/options/WorldSetting/goron_eu.png",
        "codes": "goron_eu",
        "inherit_codes":false
      },
      {
        "img":"images/options/WorldSetting/goron_jp.png",
        "codes": "goron_jp",
        "inherit_codes":false
      }
    ]
  },
]
