{
    "shared_item_grid": {
        "type": "itemgrid",
        "h_alignment": "center",
        "item_margin": "1,2",
        "rows": [
			["","smithsword","greensword","redsword","bluesword","foursword",""],
			["","gust","cane","boomerang","wallet","sevenscrolls","spinattack"],
			["shield","mittsandfly","lamp","bombsremote","wilds","fastspin","fastsplit"],
			["boots","cape","flute","bowandfly","clouds","greatspin","longspin"],
			["grip","jabber","carlov","quiver","falls","perilbeam","swordbeam"],
			["bracelets","mushroom","trophy","gravekey","llrkey","rockbreaker","dashattack"],
			["10hearts","flippersandfly","dogbottle","books","figurine","downthrust","rollattack"],
			["earth","fire","gomode","water","wind","","beta"],
			["dwsx","cofx","fowx","todx","rcx","powx","dhc"],
			["dws_smallkey","cof_smallkey","fow_smallkey","tod_smallkey","cryptkey","pow_smallkey","explicit_dhc_smallkey"],
			["dws_bigkey","cof_bigkey","fow_bigkey","tod_bigkey","","pow_bigkey","explicit_dhc_bigkey"],
			["dws_cm","cof_cm","fow_cm","tod_cm","","pow_cm","dhc_cm"]
        ]
    },
    "tracker_capture_item": {
        "type": "container",
        "content": {
            "type": "layout",
            "key": "shared_item_grid"
        }
    },
    "tracker_default": {
        "type": "container",
        "width": 270,
        //"height": 250,
        "background": "#212121",
        "content": {
            "dropshadow": true,
            "margin": 5,
            "type": "layout",
            "key": "shared_item_grid"
        }
    }
}
