[
  {
	"name":"Like Like Cave",
	"map_locations":[
	  {
		"map":"map",
		"x":2375,
		"y":1650,
	  }
	],
	"sections":[
	  {
		"name":"Chest Left",
		"item_count":1,
		"access_rules":["$MinishWoods_N_LikeLikeCave_LeftChest,[$MinishWoods_N_LikeLikeCave_LeftChest_Y]","{$MinishWoods_N_LikeLikeCave_LeftChest_B}"],
		"chest_unopened_img":"images/items-map/chest_closed.png",
		"chest_opened_img":"images/items-map/chest_open.png"
	  },
	  {
		"name":"Chest Right",
		"item_count":1,
		"access_rules":["$MinishWoods_N_LikeLikeCave_RightChest,[$MinishWoods_N_LikeLikeCave_RightChest_Y]","{$MinishWoods_N_LikeLikeCave_RightChest_B}"],
		"chest_unopened_img":"images/items-map/chest_closed.png",
		"chest_opened_img":"images/items-map/chest_open.png"
	  },
	]
  }
]