[
  {
	"name":"Minish Flippers Cave",
	"map_locations":[
	  {
		"map":"map",
		"x":2050,
		"y":1800,
	  }
	],
	"sections":[
	  {
		"name":"Left Chest",
		"item_count":1,
		"access_rules":["$MinishWoods_N_MinishFlippersCave_LeftChest,[$MinishWoods_N_MinishFlippersCave_LeftChest_Y]","{$MinishWoods_N_MinishFlippersCave_LeftChest_B}"],
		"chest_unopened_img":"images/items-map/chest_closed.png",
		"chest_opened_img":"images/items-map/chest_open.png"
	  },
	  {
		"name":"Left Heart Piece",
		"item_count":1,
		"access_rules":["$MinishWoods_N_MinishFlippersCave_LeftHeartPiece,[$MinishWoods_N_MinishFlippersCave_LeftHeartPiece_Y]","{$MinishWoods_N_MinishFlippersCave_LeftHeartPiece_B}"],
		"chest_unopened_img":"images/items-map/Heart Piece.png",
		"chest_opened_img":"images/items-map/Heart Piece Gray.png"
	  },
	  {
		"name":"Middle Chest",
		"item_count":1,
		"access_rules":["$MinishWoods_N_MinishFlippersCave_MiddleChest,[$MinishWoods_N_MinishFlippersCave_MiddleChest_Y]","{$MinishWoods_N_MinishFlippersCave_MiddleChest_B}"],
		"chest_unopened_img":"images/items-map/chest_closed.png",
		"chest_opened_img":"images/items-map/chest_open.png"
	  },
	  {
		"name":"Right Chest",
		"item_count":1,
		"access_rules":["$MinishWoods_N_MinishFlippersCave_RightChest,[$MinishWoods_N_MinishFlippersCave_RightChest_Y]","{$MinishWoods_N_MinishFlippersCave_RightChest_B}"],
		"chest_unopened_img":"images/items-map/chest_closed.png",
		"chest_opened_img":"images/items-map/chest_open.png"
	  },
	]
  }
]