[
  {
	"name":"Lower Veil Falls Waterfall",
	"map_locations":[
	  {
		"map":"map",
		"x":1820,
		"y":686,
        "restrict_visibility_rules":["$Fusions"]
	  }
	],
	"sections":[
	  {
		"name":"Splitblade",
		"item_count":1,
		"access_rules":["$FallsLower_F_Waterfall_Splitblade,[$FallsLower_F_Waterfall_Splitblade_Y]","{$FallsLower_F_Waterfall_Splitblade_B}"],
		"chest_unopened_img":"images/items-map/chest_closed.png",
		"chest_opened_img":"images/items-map/chest_open.png"
	  }
	]
  }
]