[
  {
	"name":"Middle Crenel Tektite Golden",
	"access_rules":["$MC_F_MiddleCrenelTektiteGolden,[$MC_F_MiddleCrenelTektiteGolden_Y]","{$MC_F_MiddleCrenelTektiteGolden_B}"],
	"map_locations":[
	  {
		"map":"map",
		"x":425,
		"y":470, 
		"restrict_visibility_rules":["$Fusions,golden_enemy_on"]
	  }
	],
	"sections":[
	  {
		"name":"Kill Tektite",
		"item_count":1,
		"chest_unopened_img":"images/items-map/chest_closed.png",
		"chest_opened_img":"images/items-map/chest_open.png"
	  }
	]
  }
]