[
  {
	"name":"Bonk the Tree",
	"map_locations":[
	  {
		"map":"map",
		"x":1975,
		"y":1025,
        "restrict_visibility_rules":["fusions_none"]
	  }
	],
	"sections":[
	  {
		"name":"Minish Path Heart Piece",
		"item_count":1,
		"access_rules":["$LonLon_N_BonktheTree_MinishPathHeartPiece,[$LonLon_N_BonktheTree_MinishPathHeartPiece_Y]","{$LonLon_N_BonktheTree_MinishPathHeartPiece_B}"],
		"chest_unopened_img":"images/items-map/chest_closed.png",
		"chest_opened_img":"images/items-map/chest_open.png"
	  }
	]
  }
]