[
  {
	"name":"Lon Lon Minish Crack",
	"map_locations":[
      {
        "map":"map",
        "x":2025,
        "y":805
	  }
	],
	"sections":[
	  {
		"name":"Lon Lon Minish Crack",
		"item_count":1,
		"access_rules":["$LonLon_N_LonLonMinishCrack_LonLonMinishCrack,[$LonLon_N_LonLonMinishCrack_LonLonMinishCrack_Y]","{$LonLon_N_LonLonMinishCrack_LonLonMinishCrack_B}"],
		"chest_unopened_img":"images/items-map/chest_closed.png",
		"chest_opened_img":"images/items-map/chest_open.png"
	  }
	]
  }
]