[
  {
	"name":"Lon Lon Cave",
	"map_locations":[
      {
        "map":"map",
        "x":1825,
        "y":1075
	  }
	],
	"sections":[
	  {
		"name":"Lon Lon Cave",
		"item_count":1,
		"access_rules":["$LonLon_N_LonLonCave_LonLonCave,[$LonLon_N_LonLonCave_LonLonCave_Y]","{$LonLon_N_LonLonCave_LonLonCave_B}"],
		"chest_unopened_img":"images/items-map/chest_closed.png",
		"chest_opened_img":"images/items-map/chest_open.png"
	  },
	  {
		"name":"Hidden Bomb Wall",
		"item_count":1,
		"access_rules":["$LonLon_N_LonLonCave_HiddenBombWall,[$LonLon_N_LonLonCave_HiddenBombWall_Y]","{$LonLon_N_LonLonCave_HiddenBombWall_B}"],
		"chest_unopened_img":"images/items-map/chest_closed.png",
		"chest_opened_img":"images/items-map/chest_open.png"
	  }
	]
  }
]