{
    "tracker_broadcast": {
        "type": "array",
        "dropshadow": true,
        "margin": "0",
        "content": [
            {
                "type": "array",
                "orientation": "vertical",
                "content": [
                    {
                        "type": "itemgrid",
                        "h_alignment": "center",
                        "item_margin": "0,0,0,0",
                        "rows": [
							["smithsword","greensword","redsword","bluesword","foursword","wallet","earth","dwsx","cofx","fowx","todx","rcx","powx","dhc"],
							["beta","gust","cane","boomerang","wilds","10hearts","fire","dws_smallkey","cof_smallkey","fow_smallkey","tod_smallkey","cryptkey","pow_smallkey","explicit_dhc_smallkey"],
							["shield","mittsandfly","lamp","bombsremote","clouds","dogbottle","water","dws_bigkey","cof_bigkey","fow_bigkey","tod_bigkey","","pow_bigkey","explicit_dhc_bigkey"],
							["boots","cape","flute","bowandfly","falls","quiver","wind","dws_map","cof_map","fow_map","tod_map","","pow_map","dhc_map"],
							["flippersandfly","ringandbracelets","carlovtingle","nutandshroom","bothkeys","books","figurine","dws_compass","cof_compass","fow_compass","tod_compass","","pow_compass","dhc_compass"],
							["spinattack","fastspin","fastsplit","greatspin","longspin","perilbeam","swordbeam","rockbreaker","dashattack","downthrust","rollattack","sevenscrolls","gomode",""],
                        ]
                    }
                ]
            }
        ]
    }
}
