{
	"shared_item_grid": {
        "type": "itemgrid",
        "h_alignment": "center",
        "item_margin": "1,1",
        "rows": [
			["smithsword","greensword","redsword","bluesword","foursword","wallet","dwsx","cofx","fowx","todx","rcx","powx","dhc"],
			["sword0","gust","cane","boomerang","wilds","10hearts","dws_smallkey","cof_smallkey","fow_smallkey","tod_smallkey","cryptkey","pow_smallkey","explicit_dhc_smallkey"],
			["shield","mittsandfly","lamp","bombsremote","clouds","dogbottle","dws_bigkey","cof_bigkey","fow_bigkey","tod_bigkey","","pow_bigkey","explicit_dhc_bigkey"],
			["boots","cape","flute","bowandfly","falls","quiver","dws_cm","cof_cm","fow_cm","tod_cm","","pow_cm","dhc_cm"],
			["flippersandfly","ringandbracelets","carlovtingle","nutandshroom","bothkeys","books","figurine","gomode","earth","fire","water","wind",""],
			["beta","spinattack","fastspin","fastsplit","greatspin","longspin","perilbeam","swordbeam","rockbreaker","dashattack","downthrust","rollattack","sevenscrolls"],
		]
    },
    "options": {
      "type": "group",
      "header": "Settings",
      "content": {
        "type": "itemgrid",
        "h_alignment": "center",
        "item_margin": "0,0",
		"item_width":160,
        "rows": [
			  ["","",""],
			  ["obscure_off","rupees_off",""],
			  ["dhc_closed","fusions_open","keysanity_standard"],
			  ["element4Needed","sword5Needed","dungeons"],
			  ["golden_enemy_off","progressive","weapons_off"],
			  ["","",""],
			  ["","",""],
			  ["figurine_option","figurine10",""],
			  ["figurine50","figurinemax",""]
		  ]
      }
    },
    "options_other": {
      "type": "group",
      "header": "Settings",
      "content": {
        "type": "itemgrid",
        "h_alignment": "center",
        "item_margin": "0,0",
		"item_width":160,
        "rows": [
			  ["guardskip_off","likelike_off","blowdust_off"],
			  ["crenelmushroom_off","lightarrowbreak_off","crenelbeam_off"],
			  ["downstrikebeetle_off","capeextension_off","darkrooms_off"],
			  ["lakeminish_off","cabinswim_off","cloudskill_off"],
			  ["fowpot_off","powjump_off","powpotpuzzleool_off"],
			  ["dhccanonhit_off","dhcbladepuzzleshuffle_off","dhcswitchhit_off"],
			  ["","",""]
		  ]
      }
    },
	"options_popup2": {
        "type": "array",
        "margin": "0",
        "content": [
            {
                "type": "group",
                "header": "Settings",
                "content": [
                    {
                        "type": "item",
                        "margin": "0, 0, 0, 0",
                        "item": "obscure_off"
                    },
                    {
                        "type": "item",
                        "margin": "160, 0, 0, 0",
                        "item": "rupees_off"
                    },
                    {
                        "type": "item",
                        "margin": "0, 32, 0, 0",
                        "item": "dhc_closed"
                    },
                    {
                        "type": "item",
                        "margin": "160, 32, 0, 0",
                        "item": "fusions_open"
                    },
                    {
                        "type": "item",
                        "margin": "0, 64, 0, 0",
                        "item": "element4Needed"
                    },
                    {
                        "type": "item",
                        "margin": "160, 64, 0, 0",
                        "item": "sword5Needed"
                    },
                    {
                        "type": "item",
                        "margin": "320, 64, 0, 0",
                        "item": "dungeons"
                    },
                    {
                        "type": "item",
                        "margin": "0, 96, 0, 0",
                        "item": "weapons_off"
                    },
                    {
                        "type": "item",
                        "margin": "160, 96, 0, 0",
                        "item": "golden_enemy_off"
                    },
                    {
                        "type": "item",
                        "margin": "320, 96, 0, 0",
                        "item": "progressive"
                    },
                    {
                        "type": "itemgrid",
						"h_alignment": "center",
                        "item_margin": "480, 0, 0, 0",
						"item_width":160,
						"rows": [
							  ["figurine_option"],
							  ["figurine10"],
							  ["figurine50"],
							  ["figurinemax"]
						]
                    }
                ]
            }
        ]
    },
    "tracker_capture_item": {
      "type": "container",
      "content": {
        "type": "itemgrid",
        "h_alignment": "center",
        "item_margin": "0,0,2,10",
        "rows": [
          ["sword", "gust", "cane", "boomerang", "wallet","wilds"],
          ["shield", "mitts", "lamp", "bombs", "remotebombs","clouds"],
          ["boots", "cape", "ocarina", "bow", "quiver","falls"],
          ["dogfood","grip","carlov","jabber","llrkey","genericyellow"],
          ["bottle","bracelets","trophy","mushroom","gravekey","bigkey"],
          ["10hearts","heartpiece","sevenscrolls","flippers", "butterfly","smallkey"],
          ["earth","fire","water","wind","books","figurine"]
		         
        ]        
      }
    },
    "tracker_default": {
        "type": "container",
        "background": "#877373",
        "content": {
            "type": "dock",
            "dropshadow": true,
            "content": [
                {
                    "type": "dock",
                    "dock": "bottom",
                    "content": [
                        {
                            "type": "group",
                            "header": "Inventaire",
							//"header_content": {
							//   "type": "button_popup",
							//   "style": "settings",
							//   "popup_background": "#50877373",
							//   "layout": "options_popup"
							//},
                            "dock": "left",
                            "content": {
                                "type": "layout",
                                "key": "shared_item_grid"
                            }
                        },
                        {
                            "type": "group",
                            "header": "Pinned Locations",
                            "content": {
                                "type": "recentpins",
                                "style": "wrap",
                                "h_alignment": "stretch",
                                "v_alignment": "stretch",
                                "orientation": "horizontal",
                                "compact": true
                            }
                        }
                    ]
                },
                {
                    "type": "dock",
                    "content":[
                      {
                        "type":"tabbed",
                        "dock":"top",
                        "tabs":[
                          {
                            "title":"Overworld",
                            "icon":"images/icon-maps/Four Sword.png",
                            "content":{
                              "type":"map",
                              "maps":["map"]
                            }
                          },
                          {
                            "title":"Melari's Mines",
                            "icon":"images/icon-maps/Obscure_On.png",
                            "content":{
                              "type":"map",
                              "maps":["mines"]
                            }
                          },
                          {
                            "title":"Deepwood Shrine",
                            "icon":"images/icon-maps/Gust Jar.png",
                            "content":{
                              "type":"map",
                              "maps":["dws"]
                            }
                          },
                          {
                            "title":"Cave of Flames",
                            "icon":"images/icon-maps/Cane of Pacci.png",
                            "content":{
                              "type":"map",
                              "maps":["cof"]
                            }
                          },
                          {
                            "title":"Fortress of Winds",
                            "icon":"images/icon-maps/Mole Mitts.png",
                            "content":{
                              "type":"map",
                              "maps":["fow"]
                            }
                          },
                          {
                            "title":"Temple of Droplets",
                            "icon":"images/icon-maps/Lamp (Lit).png",
                            "content":{
                              "type":"map",
                              "maps":["tod"]
                            }
                          },
                          {
                            "title":"Royal Crypt",
                            "icon":"images/icon-maps/Gold Kinstone (Falls).png",
                            "content":{
                              "type":"map",
                              "maps":["rc"]
                            }
                          },
                          {
                            "title":"Palace of Winds",
                            "icon":"images/icon-maps/Roc's Cape.png",
                            "content":{
                              "type":"map",
                              "maps":["pow"]
                            }
                          },
                          {
                            "title":"Dark Hyrule Castle",
                            "icon":"images/icon-maps/vaati.png",
                            "content":{
                              "type":"map",
                              "maps":["dhc"]
                            }
                          },
                          {
                            "title":"Settings",
                            "icon":"images/icon-maps/Elements.png",
                            "content":{
                              "type":"layout",
							  "key": "options"
                            }
                          },
                          {
                            "title":"Settings skip",
                            "icon":"images/icon-maps/Elements.png",
                            "content":{
                              "type":"layout",
                              "key": "options_other"
                            }
                          },
                        ]
                      }
                    ]
                }
            ]
        }
    }
  }
