[
	{
	"name":"Gardens Left Fountain",
	"map_locations":[
	  {
		"map":"map",
		"x":1140,
		"y":160,
		"restrict_visibility_rules":["$Fusions"]
	  }
	],
	"sections":[
	  {
		"name":"Minish Hole",
		"item_count":1,
		"access_rules":["$Castle_F_GardensLeftFountain_MinishHole,[$Castle_F_GardensLeftFountain_MinishHole]","{$Castle_F_GardensLeftFountain_MinishHole}"],
		"chest_unopened_img":"images/items-map/chest_closed.png",
		"chest_opened_img":"images/items-map/chest_open.png",
	  }
	]
  }
]