[
  {
	"name":"Hyrule Castle Rope Golden",
	"map_locations":[
	  {
		"map":"map",
		"x":1610,
		"y":300, 
		"restrict_visibility_rules":["$Fusions,golden_enemy_on"]
	  }
	],
	"sections":[
	  {
		"name":"Kill Rope",
		"access_rules":["$Castle_F_RopeGolden_KillRope,[$Castle_F_RopeGolden_KillRope_Y]","{$Castle_F_RopeGolden_KillRope_B}"],
		"chest_unopened_img":"images/items-map/chest_closed.png",
		"chest_opened_img":"images/items-map/chest_open.png",
		"item_count":1
	  }
	]
  }
]