[
  {
	"name":"Lon Lon Ranch Digging Spot",
	"map_locations":[
	  {
		"map":"map",
		"x":1865,
		"y":980,
        "restrict_visibility_rules":["obscure_on"]
	  }
	],
	"sections":[
	  {
		"name":"Digging Spot Above Tree",
		"item_count":1,
		"access_rules":["$LonLon_O_LonLonRanchDiggingSpot_DiggingSpotAboveTree,[$LonLon_O_LonLonRanchDiggingSpot_DiggingSpotAboveTree_Y]","{$LonLon_O_LonLonRanchDiggingSpot_DiggingSpotAboveTree_B}"],
		"chest_unopened_img":"images/items-map/chest_closed.png",
		"chest_opened_img":"images/items-map/chest_open.png"
	  }
	]
  }
]