{
    "shared_item_grid": {
        "type": "itemgrid",
        "h_alignment": "center",
        "item_margin": "1,2",
        "rows": [
							["smithsword","","gust","cane","boomerang","wilds","wallet","","dwsx","cofx","fowx","todx","rcx","powx","dhc"],
							["greensword","shield","mittsandfly","lamp","bombsremote","clouds","10hearts","","dws_smallkey","cof_smallkey","fow_smallkey","tod_smallkey","cryptkey","pow_smallkey","explicit_dhc_smallkey"],
							["redsword","boots","cape","flute","bowandfly","falls","dogbottle","","dws_bigkey","cof_bigkey","fow_bigkey","tod_bigkey","","pow_bigkey","explicit_dhc_bigkey"],
							["bluesword","flippersandfly","ringandbracelets","carlovtingle","nutandshroom","bothkeys","books","figurine","dws_compass","cof_compass","fow_compass","tod_compass","","pow_compass","dhc_compass"],
							["foursword","earth","fire","water","wind","gomode","quiver","sevenscrolls","dws_map","cof_map","fow_map","tod_map","","pow_map","dhc_map"],
							["spinattack","fastspin","fastsplit","greatspin","longspin","perilbeam","swordbeam","rockbreaker","dashattack","downthrust","rollattack","","","",""],

        ]
    },
    "tracker_capture_item": {
        "type": "container",
        "content": {
            "type": "layout",
            "key": "shared_item_grid"
        }
    },
    "tracker_default": {
        "type": "container",
        //"width": 270,
        //"height": 250,
        "background": "#212121",
        "content": {
            "dropshadow": true,
            "margin": 5,
            "type": "layout",
            "key": "shared_item_grid"
        }
    }
}
