[
  {
    "name":"World",
    "chest_unopened_img":"images/items-map/chest_closed.png",
    "chest_opened_img":"images/items-map/chest_open.png",
    "children":
    [
	{
        "name":"Hyrule Castle Gardens",
        "children": [
          //Grimblade Dojo
          {
            "name":"Grimblade",
            "map_locations": [
              {
                "map":"map",
                "x":1610,
                "y":360,
              }
            ],
            "sections": [
              {
                "name":"Grimblade",
                "access_rules":["lamp,$Sword1"],
                "item_count":1,
                "chest_unopened_img":"images/items-map/Tiger Scroll.png",
                "chest_opened_img":"images/items-map/Tiger Scroll Done.png"
              },
              {
                "name":"Heart Piece",
                "item_count":1,
                "chest_unopened_img":"images/items-map/Heart Piece.png",
                "chest_opened_img":"images/items-map/Heart Piece Gray.png"
              }
            ]
          },
		  {
			"name":"Hyrule Castle Rope Golden",
			"map_locations":[
			  {
				"map":"map",
				"x":1610,
				"y":300, 
				"restrict_visibility_rules":["fusions_open,bingo_on"]
			  }
			],
			"sections":[
			  {
				"name":"Kill Rope",
                "access_rules":["[$CanDamage],$CanDamageOff"],
				"item_count":1
			  }
			]
		  },
          {
            "name":"Moat",
            "access_rules":["flippers"],
            "map_locations": [
              {
                "map":"map",
                "x":1050,
                "y":450,
              }
            ],
            "sections":[
              {
                "name":"Moat",
                "item_count":2
              }
            ]
          },
          {
            "name":"Gardens Right Fountain",
            "map_locations":[
              {
                "map":"map",
                "x":1505,
                "y":160,
                "restrict_visibility_rules":["fusions_open"]
              }
            ],
            "sections":[
              {
                "name":"Dry Fountain",
                "item_count":1,
                "chest_unopened_img":"images/items-map/Heart Piece.png",
                "chest_opened_img":"images/items-map/Heart Piece Gray.png"
              },
              {
                "name":"Minish Hole",
                "item_count":1,
                "access_rules":["boots"]
              }
            ]
          },
          {
            "name":"Gardens Left Fountain",
            "map_locations":[
              {
                "map":"map",
                "x":1140,
                "y":160,
                "restrict_visibility_rules":["fusions_open"]
              }
            ],
            "sections":[
              {
                "name":"Minish Hole",
                "item_count":1,
                "access_rules":["boots"]
              }
            ]
          }
        ]
      }
	]
  }
]
