[
  {
    "name":"World",
    "chest_unopened_img":"images/items-map/chest_closed.png",
    "chest_opened_img":"images/items-map/chest_open.png",
    "children":
    [
{
        "name":"Lake Hylia",
          "access_rules": ["llrkey,$Sword1",
            "llrkey,bombs",
            "llrkey,lamp",
            "llrkey,lights",
            "cape,$Sword1",
            "cape,bombs,",
            "cape,lamp",
            "cape,lights",
            "ocarina",
            "flippers,mitts,$Sword1",
            "flippers,mitts,bombs",
            "flippers,mitts,lamp",
            "flippers,mitts,lights"],
        "children": [
          {
            "name":"Fifi",
            "access_rules":["dogbottle"],
            "map_locations": [
              {
                "map":"map",
                "x":2360,
                "y":820,
              }
            ],
            "sections": [
              {
                "name":"Fifi",
                "item_count": 1
              }
            ]
          },
          {
            "name":"Librari",
            "access_rules":["ocarina,flippers","ocarina,cape"],
            "map_locations":[
              {
                "map":"map",
                "x":2239,
                "y":1144,
                "restrict_visibility_rules":["fusions_open"]
              },
              {
                "map":"map",
                "x":2464,
                "y":1083,
                "restrict_visibility_rules":["fusions_open"]
              }
            ],
            "sections":[
              {
                "name":"Librari",
                "item_count":1,
                "chest_unopened_img":"images/items-map/Heart Container.png",
                "chest_opened_img":"images/items-map/Heart Container Gray.png"
              }
            ]
          },
          {
            "name":"Middle of the Lake",
            "access_rules":["cape,mitts","flippers,mitts"],
            "map_locations":[
              {
                "map":"map",
                "x":2464,
                "y":1133,
                "restrict_visibility_rules":["fusions_open"]
              }
            ],
            "sections":[
              {
                "name":"Digging Cave",
                "item_count":1
              }
            ]
          },
          {
            "name":"Lake Cabin",
            "access_rules": ["flippers,boots,bracelets",
              "{flippers}","{cape}","{mitts,cane}",
              "cape,boots,gust,bracelets",
              "mitts,cane,boots,gust,bracelets"],
            "map_locations": [
              {
                "map":"map",
                "x": 2590,
                "y": 1365,
                "restrict_visibility_rules":["fusions_none"]
              }
            ],
            "sections":[
              {
                "name":"Lake Cabin",
                "capture_item":true,
                "item_count":1
              }
            ]
          },
          {
            "name":"Lake Cabin Open",
            "map_locations": [
              {
                "map":"map",
                "x": 2590,
                "y": 1365,
                "restrict_visibility_rules":["fusions_open"]
              }
            ],
            "sections":[
              {
                "name":"Lake Cabin",
                "access_rules":["flippers,ocarina,[boots],fusions_open,bracelets",
				  "flippers,boots,bracelets",
                  "{flippers}","{cape}","{mitts,cane}",
                  "cape,boots,gust,bracelets",
                  "mitts,cane,boots,gust,bracelets"],
                "capture_item":true,
                "item_count":1
              },
              {
                "name":"Chest",
                "access_rules":["flippers,ocarina,[boots],fusions_open","cape,boots,gust","mitts,cane,boots,gust","flippers,boots"],
                "item_count":1
              }
            ]
          },
          {
            "name":"North Minish Hole",
            "access_rules":["flippers,ocarina,[boots],fusions_open","flippers,boots"],
            "map_locations":[
              {
                "map":"map",
                "x":2600,
                "y":850
              }
            ],
            "sections": [
              {
                "name":"North Minish Hole",
                "item_count":1
              }
            ]
          },
          {
            "name":"Pond Heart Piece",
            "access_rules":["flippers"],
            "map_locations": [
              {
                "map":"map",
                "x":2290,
                "y":820,
              }
            ],
            "sections": [
              {
                "name":"Diving for Love",
                "item_count":1,
                "chest_unopened_img":"images/items-map/Heart Piece.png",
                "chest_opened_img":"images/items-map/Heart Piece Gray.png"
              }
            ]
          },
          {
            "name":"Hylia Southern Heart Piece",
            "access_rules":["flippers","cape","{cane,mitts}"],
            "map_locations": [
              {
                "map":"map",
                "x":2430,
                "y":1335,
              }
            ],
            "sections": [
              {
                "name":"Hylia Southern Heart Piece",
                "item_count":1,
                "capture_item":true,
                "chest_unopened_img":"images/items-map/Heart Piece.png",
                "chest_opened_img":"images/items-map/Heart Piece Gray.png"
              }
            ]
          },
          {
            "name":"Minish Woods North Minish Hole",
            "access_rules":["flippers,ocarina,[boots],fusions_open","flippers,boots"],
            "map_locations": [
              {
                "map":"map",
                "x":2626,
                "y":1470
              }
            ],
            "sections": [
              {
                "name":"Minish Woods North Minish Hole",
                "item_count":1,
              }
            ]
          },
          {
            "name":"Waveblade",
            "access_rules":["flippers","cape"],
            "map_locations": [
              {
                "map":"map",
                "x":2310,
                "y":1250,
              }
            ],
            "sections": [
              {
                "name":"Waveblade",
                "access_rules":["10hearts,$Sword1"],
                "item_count":1,
                "chest_unopened_img":"images/items-map/Tiger Scroll.png",
                "chest_opened_img":"images/items-map/Tiger Scroll Done.png"
              },
              {
                "name":"Heart Piece",
                "item_count":1,
                "chest_unopened_img":"images/items-map/Heart Piece.png",
                "chest_opened_img":"images/items-map/Heart Piece Gray.png"
              }
            ]
          },
          {
            "name":"Hylia Cape Heart Piece",
            "access_rules":["cape","{ocarina}","{llrkey}","{flippers,mitts}"],
            "map_locations": [
              {
                "map":"map",
                "x":2475,
                "y":950,
              }
            ],
            "sections": [
              {
                "name":"Cape Heart Piece",
                "capture_item":true,
                "item_count":1,
                "chest_unopened_img":"images/items-map/Heart Piece.png",
                "chest_opened_img":"images/items-map/Heart Piece Gray.png"
              }
            ]
          },
          {
            "name":"North Hylia Cape Cave",
            "access_rules":["cape,mitts"],
            "map_locations": [
              {
                "map":"map",
                "x":2450,
                "y":850,
                "restrict_visibility_rules":["fusions_none"]
              }
            ],
            "sections": [
              {
                "name":"North Hylia Cape Cave",
                "item_count":7,
                "clear_as_group":false
              }
            ]
          },
          {
            "name":"Treasure Cave",
            "access_rules":["cape,mitts"],
            "map_locations": [
              {
                "map":"map",
                "x":2450,
                "y":850,
                "restrict_visibility_rules":["fusions_open"]
              }
            ],
            "sections": [
              {
                "name":"Treasure Cave",
                "item_count":7,
                "clear_as_group":false
              },
              {
                "name":"Beanstalk",
                "item_count":2
              },
              {
                "name":"Beanstalk Heart Piece",
                "item_count":1,
                "chest_unopened_img":"images/items-map/Heart Piece.png",
                "chest_opened_img":"images/items-map/Heart Piece Gray.png"
              }
            ]
          },
          {
            "name":"Lon Lon North Heart Piece",
            "map_locations": [
              {
                "map":"map",
                "x":2020,
                "y":875,
              }
            ],
            "sections":[
              {
                "name":"Lon Lon North Heart Piece",
                "access_rules":["mitts,cape","{llrkey}","{ocarina}","{cape}","{flippers,mitts}"],
                "capture_item":true,
                "item_count": 1,
                "chest_unopened_img":"images/items-map/Heart Piece.png",
                "chest_opened_img":"images/items-map/Heart Piece Gray.png"
              }
            ]
          },
        ]
      }
	]
  }
]
