[
  {
    "name":"World",
    "chest_unopened_img":"images/items-map/chest_closed.png",
    "chest_opened_img":"images/items-map/chest_open.png",
    "children":
    [
	{
        "name":"North Hyrule Field",
        "children": [
          {
            "name":"Pre Royal Valley Chest",
            "access_rules":["bombs,$Sword4,spinattack","flippers,$Sword4,spinattack","cape,$Sword4,spinattack"],
            "map_locations":[
              {
                "map":"map",
                "x":1058,
                "y":528,
                "restrict_visibility_rules":["fusions_open"]
              }
            ],
            "sections":[
              {
                "name":"Chest",
                "item_count":1
              }
            ]
          },
          {
            "name":"North Field Cave Heart Piece",
            "access_rules":["bombs","flippers","cape"],
            "map_locations": [
              {
                "map":"map",
                "x":1175,
                "y":650,
              },
              {
                "map":"map",
                "x":1180,
                "y":800
              }
            ],
            "sections": [
              {
                "name":"North Field Cave Heart Piece",
                "item_count":1,
                "chest_unopened_img":"images/items-map/Heart Piece.png",
                "chest_opened_img":"images/items-map/Heart Piece Gray.png"
              }
            ]
          },
          {
            "name":"North Field Digging Spot",
            "access_rules":["mitts"],
            "map_locations":[
              {
                "map":"map",
                "x": 1250,
                "y":800,
                "restrict_visibility_rules":["obscure_on"]
              }
            ],
            "sections": [
              {
                "name":"North Field Digging Spot",
                "item_count":1,
              }
            ]
          },
          {
            "name":"Top Left Tree",
            "map_locations":[
              {
                "map":"map",
                "x":1275,
                "y":655,
                "restrict_visibility_rules":["fusions_open"]
              }
            ],
            "sections":[
              {
                "name":"Top Left Tree",
                "item_count":1
              }
            ]
          },
          {
            "name":"Top Right Tree",
            "map_locations":[
              {
                "map":"map",
                "x":1370,
                "y":655,
                "restrict_visibility_rules":["fusions_open"]
              }
            ],
            "sections":[
              {
                "name":"Top Right Tree",
                "item_count":1
              }
            ]
          },
          {
            "name":"Bottom Left Tree",
            "map_locations":[
              {
                "map":"map",
                "x":1275,
                "y":730,
                "restrict_visibility_rules":["fusions_open"]
              }
            ],
            "sections":[
              {
                "name":"Bottom Left Tree",
                "item_count":1
              }
            ]
          },
          {
            "name":"Bottom Right Tree",
            "map_locations":[
              {
                "map":"map",
                "x":1370,
                "y":730,
                "restrict_visibility_rules":["fusions_open"]
              }
            ],
            "sections":[
              {
                "name":"Bottom Right Tree",
                "item_count":1
              }
            ]
          },
          {
            "name":"4 Trees Done",
            "map_locations":[
              {
                "map":"map",
                "x":1325,
                "y":695,
                "restrict_visibility_rules":["fusions_open"]
              }
            ],
            "sections":[
              {
                "name":"Center Ladder",
                "item_count":1,
                "chest_unopened_img":"images/items-map/big_chest_closed.png",
                "chest_opened_img":"images/items-map/big_chest_open.png"
              }
            ]
          },
          {
            "name":"North Field Waterfall",
            "access_rules":["flippers"],
            "map_locations":[
              {
                "map":"map",
                "x":1120,
                "y":800,
                "restrict_visibility_rules":["fusions_open"]
              }
            ],
            "sections":[
              {
                "name":"Greatblade",
                "access_rules":["$Sword1"],
                "item_count":1,
                "chest_unopened_img":"images/items-map/Tiger Scroll.png",
                "chest_opened_img":"images/items-map/Tiger Scroll Done.png"
              }
            ]
          }
        ]
      }
	]
  }
]
