[
  {
    "chest_unopened_img":"images/items-map/chest_closed.png",
    "chest_opened_img":"images/items-map/chest_open.png",
	"name":"Veil Falls",
	"access_rules":["bombs"],
    "children":
    [
	{
            "name":"North Veil Falls",
            "access_rules":["kinstoneFalls"],
            "children": [
              {
                "name":"Biggoron",
                "access_rules":["grip,[lamp]"],
                "map_locations":[
                  {
                    "map":"map",
                    "x":1870,
                    "y":90,
                    "restrict_visibility_rules":["rando"]
                  }
                ]
              },
              {
                "name":"Source of the Flow Cave",
                "map_locations": [
                  {
                    "map":"map",
                    "x":1695,
                    "y":450
                  },
                  {
                    "map":"map",
                    "x":1800,
                    "y":350
                  }
                ],
                "sections": [
                  {
                    "name":"Fusion",
                    "item_count":1,
                    "chest_unopened_img":"images/items-map/Gold Kinstone (Falls).png",
                    "chest_opened_img":"images/items-map/Gold Kinstone (Falls) Gray.png"
                  },
                  {
                    "name":"Bombable Wall First Chest",
                    "access_rules":["bombs,[lamp]"],
                    "item_count":1
                  },
                  {
                    "name":"Bombable Wall Second Chest",
                    "access_rules":["bombs,$Sword4,spinattack,[lamp]"],
                    "item_count":1
                  }
                ]
              },
              {
                "name":"Veil Falls Upper Cave",
                "map_locations": [
                  {
                    "map":"map",
                    "x":1845,
                    "y":180,
                    "restrict_visibility_rules":["rupees_off,obscure_off","rupees_off,obscure_on"]
                  }
                ],
                "sections": [
                  {
                    "name":"Bomb Wall Chest",
                    "access_rules":["grip,bombs,[lamp]"],
                    "item_count":1
                  },
                  {
                    "name":"Freestanding Chest",
                    "access_rules":["grip,[lamp]"],
                    "item_count":1
                  }
                ]
              },
              {
                "name":"Veil Falls Upper Cave Rupees",
                "map_locations": [
                  {
                    "map":"map",
                    "x":1845,
                    "y":180,
                    "restrict_visibility_rules":["rupees_on,obscure_off"]
                  }
                ],
                "sections": [
                  {
                    "name":"Bomb Wall Chest",
                    "access_rules":["grip,bombs,[lamp]"],
                    "item_count":1
                  },
                  {
                    "name":"Freestanding Chest",
                    "access_rules":["grip,[lamp]"],
                    "item_count":1
                  },
                  {
                    "name":"Downstairs Rupees",
                    "access_rules":["grip,[lamp]"],
                    "item_count":9
                  }
                ]
              },
              {
                "name":"Veil Falls Upper Cave RupObs",
                "map_locations": [
                  {
                    "map":"map",
                    "x":1845,
                    "y":180,
                    "restrict_visibility_rules":["rupees_on,obscure_on"]
                  }
                ],
                "sections": [
                  {
                    "name":"Bomb Wall Chest",
                    "access_rules":["grip,bombs,[lamp]"],
                    "item_count":1
                  },
                  {
                    "name":"Freestanding Chest",
                    "access_rules":["grip,[lamp]"],
                    "item_count":1
                  },
                  {
                    "name":"Downstairs Rupees",
                    "access_rules":["grip,[lamp]"],
                    "item_count":9
                  },
                  {
                    "name":"Underwater Rupees",
                    "access_rules":["grip,[lamp],flippers"],
                    "item_count":6
                  }
                ]
              },
              {
                "name":"Veil Falls Rock Chest",
                "access_rules":["grip,[lamp]"],
                "map_locations":[
                  {
                    "map":"map",
                    "x":1885,
                    "y":245,
                    "restrict_visibility_rules":["obscure_off,fusions_open"]
                  }
                ],
                "sections":[
                  {
                    "name":"Veil Falls Chest",
                    "item_count":1
                  }
                ]
              },
			  {
				"name":"Veil Falls Tektite Golden",
				"map_locations":[
				  {
					"map":"map",
					"x":1830,
					"y":275, 
					"restrict_visibility_rules":["fusions_open,bingo_on"]
				  }
				],
				"sections":[
				  {
					"name":"Kill Tektite",
					"access_rules":["[$CanDamage],$CanDamageOff"],
					"item_count":1
				  }
				]
			  },
              {
                "name":"Veil Falls North Digging Spot",
                "access_rules":["grip,mitts,[lamp]"],
                "map_locations":[
                  {
                    "map":"map",
                    "x":1885,
                    "y":245,
                    "restrict_visibility_rules":["obscure_off,fusions_none"]
                  }
                ],
                "sections":[
                  {
                    "name":"North Digging Spot",
                  }
                ]
              },
              {
                "name":"Veil Falls North Digging Spot",
                "access_rules":["grip,mitts,[lamp]"],
                "map_locations":[
                  {
                    "map":"map",
                    "x":1885,
                    "y":245,
                    "restrict_visibility_rules":["obscure_on,fusions_none"]
                  }
                ],
                "sections":[
                  {
                    "name":"North Digging Spot",
                    "item_count":1
                  }
                ]
              },
              {
                "name":"Veil Falls South Digging Spot",
                "access_rules":["mitts,[lamp]"],
                "map_locations":[
                  {
                    "map":"map",
                    "x":1875,
                    "y":625,
                    "restrict_visibility_rules":["obscure_on"]
                  }
                ],
                "sections":[
                  {
                    "name":"South Digging Spot",
                    "item_count":1
                  }
                ]
              },
              {
                "name":"Upper Veil Falls Rocks",
                "access_rules":["grip,[lamp]"],
                "map_locations":[
                  {
                    "map":"map",
                    "x":1885,
                    "y":245,
                    "restrict_visibility_rules":["obscure_on,fusions_open"]
                  }
                ],
                "sections":[
                  {
                    "name":"Left Digging Spot",
                    "item_count":1,
                    "access_rules":["mitts"]
                  },
                  {
                    "name":"Right Chest",
                    "item_count":1
                  }
                ]
              },
              {
                "name":"Veil Falls Upper Waterfall",
                "access_rules":["flippers,grip,[lamp]"],
                "map_locations":[
                  {
                    "map":"map",
                    "x":1695,
                    "y":155,
                    "restrict_visibility_rules":["fusions_open"]
                  }
                ],
                "sections":[
                  {
                    "name":"Waterfall Heart Piece",
                    "item_count":1,
                    "chest_unopened_img":"images/items-map/Heart Piece.png",
                    "chest_opened_img":"images/items-map/Heart Piece Gray.png"
                  }
                ]
              }
            ]
          },
          {
            "name":"Upper Veil Falls Heart Piece",
            "access_rules":["flippers","cape","{bombs}"],
            "map_locations": [
              {
                "map":"map",
                "x":1760,
                "y":540,
              }
            ],
            "sections": [
              {
                "name":"Upper Heart Piece",
                "item_count":1,
                "capture_item":true,
                "chest_unopened_img":"images/items-map/Heart Piece.png",
                "chest_opened_img":"images/items-map/Heart Piece Gray.png"
              }
            ]
          },
          {
            "name":"Fusion Digging Cave",
            "access_rules":["flippers,mitts","cape,mitts"],
            "map_locations":[
              {
                "map":"map",
                "x":1815,
                "y":550,
                "restrict_visibility_rules":["fusions_open"]
              }
            ],
            "sections":[
              {
                "name":"Heart Piece",
                "item_count":1,
                "chest_unopened_img":"images/items-map/Heart Piece.png",
                "chest_opened_img":"images/items-map/Heart Piece Gray.png"
              },
              {
                "name":"Chest",
                "item_count":1
              }
            ]
          }
        ]
      }
	]
  }
]
