[
  {
    "name":"World",
    "chest_unopened_img":"images/items-map/chest_closed.png",
    "chest_opened_img":"images/items-map/chest_open.png",
    "children":
    [
	
          {
            "name":"Royal Valley",
            "access_rules":["$Sword4,flippers,spinattack","$Sword4,bombs,spinattack","$Sword4,cape,spinattack"],
            "children": [
              {
                "name":"Great Fairy",
                "access_rules":["bombs"],
                "map_locations": [
                  {
                    "map":"map",
                    "x":940,
                    "y":570,
                  }
                ],
                "sections":[
                  {
                    "name":"Great Fairy",
                    "item_count": 1
                  }
                ]
              },
              {
                "name":"Lost Woods Secret Chest",
                "map_locations": [
                  {
                    "map":"map",
                    "x":750,
                    "y":650,
                  }
                ],
                "sections": [
                  {
                    "name":"Left Left Left Up Up Up",
                    "item_count":1
                  }
                ]
              },
              {
                "name":"Dampe",
                "access_rules":["[lamp]"],
                "map_locations": [
                  {
                    "map":"map",
                    "x":940,
                    "y":370
                  }
                ],
                "sections":[
                  {
                    "name":"Dampe",
                    "item_count": 1
                  }
                ]
              },
              {
                "name":"Northwest Grave",
                "access_rules":["$Sword4,gravekey,boots,spinattack,[lamp]"],
                "map_locations": [
                  {
                    "map":"map",
                    "x":725,
                    "y":200,
                    "restrict_visibility_rules":["fusions_none"]
                  }
                ],
                "sections":[
                  {
                    "name":"Northwest Grave",
                    "item_count": 1,
                    "chest_unopened_img":"images/items-map/Heart Piece.png",
                    "chest_opened_img":"images/items-map/Heart Piece Gray.png"
                  }
                ]
              },
              {
                "name":"Northwest Grave Area",
                "access_rules":["$Sword4,gravekey,boots,spinattack,[lamp]"],
                "map_locations": [
                  {
                    "map":"map",
                    "x":725,
                    "y":200,
                    "restrict_visibility_rules":["fusions_open"]
                  }
                ],
                "sections":[
                  {
                    "name":"Northwest Grave",
                    "item_count": 1,
                    "chest_unopened_img":"images/items-map/Heart Piece.png",
                    "chest_opened_img":"images/items-map/Heart Piece Gray.png"
                  },
                  {
                    "name":"Nearby Chest",
                    "item_count":1
                  }
                ]
              },
              {
                "name":"Northeast Grave Area",
                "access_rules":["$Sword4,gravekey,boots,spinattack,[lamp]"],
                "map_locations":[
                  {
                    "map":"map",
                    "x":930,
                    "y":200,
                    "restrict_visibility_rules":["fusions_open"]
                  }
                ],
                "sections":[
                  {
                    "name":"Northeast Grave",
                    "item_count":1
                  },
                  {
                    "name":"Nearby Chest",
                    "item_count":1
                  }
                ]
              },
              {
                "name":"Royal Valley Joy Butterfly",
                "access_rules":["$Sword4,gravekey,boots,spinattack,[lamp]"],
                "map_locations":[
                  {
                    "map":"map",
                    "x":705,
                    "y":270,
                    "restrict_visibility_rules":["fusions_open"]
                  }
                ],
                "sections":[
                  {
                    "name":"Joy Butterfly",
                    "item_count":1
                  }
                ]
              }
            ]
          }
	]
  }
]
