[
  {
    "name":"World",
    "chest_unopened_img":"images/items-map/chest_closed.png",
    "chest_opened_img":"images/items-map/chest_open.png",
    "children":
    [
	{
        "name":"South Hyrule Field",
        "children": [
          //Link's House
          {
            "name":"Smith's House",
            "map_locations": [
              {
                "map":"map",
                "x":1430,
                "y":1900
              }
            ],
            "sections": [
              {
                "name":"Intro Items",
                "item_count": 3
              }
            ]
          },
          {
            "name":"Fusion Rupee Cave",
            "access_rules":["$Sword1","bombs","lights","lamp","flippers","cape"],
            "map_locations":[
              {
                "map":"map",
                "x":1047,
                "y":1836,
                "restrict_visibility_rules":["rupees_on,fusions_open"]
              }
            ],
            "sections":[
              {
                "name":"Rupees",
                "item_count":15
              }
            ]
          },
          {
            "name":"Near Link's House Chest",
            "access_rules":["$Sword1","bombs","lights","lamp"],
            "map_locations":[
              {
                "map":"map",
                "x":1505,
                "y":1889,
                "restrict_visibility_rules":["fusions_open"]
              }
            ],
            "sections":[
              {
                "name":"Chest",
                "item_count":1
              }
            ]
          },
          {
            "name":"Tingle",
            "access_rules":["cane,$Sword1,trophy","cane,bombs,trophy","cane,lights,trophy","cane,lamp,trophy"],
            "map_locations":[
              {
                "map":"map",
                "x":1622,
                "y":1835,
              }
            ],
            "sections":[
              {
                "name":"Tingle",
                "item_count":1
              }
            ]
          },
          //Southwest Tree Heart Piece
          {
            "name":"Tree Heart Piece",
            "access_rules":["$Sword1","lights","lamp","bombs"],
            "map_locations": [
              {
                "map":"map",
                "x":1622,
                "y":2000,
                "restrict_visibility_rules":["fusions_open"]
              }
            ],
            "sections": [
              {
                "name":"Tree Heart Piece",
                "item_count": 1,
                "chest_unopened_img":"images/items-map/Heart Piece.png",
                "chest_opened_img":"images/items-map/Heart Piece Gray.png"
              }
            ]
          },
          {
            "name":"Minish Flippers Hole",
            "access_rules":["boots,flippers,lamp","boots,flippers,bombs","boots,flippers,$Sword1","boots,flippers,lights"],
            "map_locations": [
              {
                "map":"map",
                "x":1225,
                "y":1800,
              }
            ],
            "sections": [
              {
                "name":"Minish Flippers Hole",
                "item_count":1,
                "chest_unopened_img":"images/items-map/Heart Piece.png",
                "chest_opened_img":"images/items-map/Heart Piece Gray.png"
              }
            ]
          },{
            "name":"Stranger Fusion Warp",
            "children":[
              {
                "name":"Wind Tribe House Open",
                "map_locations": [
                  {
                    "map":"map",
                    "x": 2303,
                    "y": 350,
                    "restrict_visibility_rules":["fusions_open"]
                  },
                  {
                    "map":"map",
                    "x": 1375,
                    "y": 1830,
                    "restrict_visibility_rules":["fusions_open"]
                  }
                ],
                "sections":[
                  {
                    "name":"Early House Chests",
                    "item_count":3
                  },
                  {
                    "name":"Later House Chests",
                    "access_rules":["bombs,kinstoneFalls,grip,[lamp],cape,kinstoneClouds:5",
                    "bombs,kinstoneFalls,grip,[lamp],mitts,kinstoneClouds:5"],
                    "item_count":5
                  },
                  {
                    "name":"Save Gregal",
                    "access_rules":["gust"],
                    "item_count":1
                  },
                  {
                    "name":"Gregal's Gift",
                    "access_rules":["bombs,kinstoneFalls,grip,[lamp],cape,kinstoneClouds:5,gust",
                    "bombs,kinstoneFalls,grip,[lamp],mitts,kinstoneClouds:5,gust"],
                    "item_count":1
                  }
                ]
              }
            ]
          }
        ]
      }
	]
  }
]
