[
  {
    "name":"World",
    "chest_unopened_img":"images/items-map/chest_closed.png",
    "chest_opened_img":"images/items-map/chest_open.png",
    "children":
    [
	{
        "name":"Trilby Highlands",
        "access_rules":["$Sword1,spinattack","cape","flippers","boots,[]"],
        "children":[
          {
            "name":"Vine Rupee",
            "map_locations":[
              {
                "map":"map",
                "x":525,
                "y":1035,
                "restrict_visibility_rules":["rupees_on"]
              }
            ],
            "sections":[
              {
                "name":"Rupee",
                "item_count":1
              }
            ]
          },
          //Mount Crenel Base
          {
            "name":"Mount Crenel Base",
            "access_rules":["bottle"],
            "children":[
              //Mount Crenel
              {
                "name":"Mount Crenel",
                "access_rules":[
                  "bombs",
                  "grip"
                ],
                "children":[
                  //Bridge Cave
                  {
                    "name":"Bridge Cave",
                    "access_rules":["bombs"],
                    "map_locations":[
                      {
                        "map":"map",
                        "x":557,
                        "y":595
                      }
                    ],
                    "sections": [
                      {
                        "name":"Bridge Cave",
                        "item_count":1
                      }
                    ]
                  },
                  //Business Scrub
                  {
                    "name":"Crenel Business Scrub",
                    "access_rules":["bombs,shield"],
                    "map_locations": [
                      {
                        "map":"map",
                        "x":583,
                        "y":470,
                      }
                    ],
                    "sections": [
                      {
                        "name":"Crenel Business Scrub",
                        "item_count": 1
                      }
                    ]
                  },
				  {
					"name":"Middle Crenel Tektite Golden",
					"map_locations":[
					  {
						"map":"map",
						"x":425,
						"y":470, 
						"restrict_visibility_rules":["fusions_open,bingo_on"]
					  }
					],
					"sections":[
					  {
						"name":"Kill Tektite",
						"access_rules":["[$CanDamage],$CanDamageOff"],
						"item_count":1
					  }
					]
				  },
                  //Crenel Wall HP
                  {
                    "name":"Fairy Cave Heart Piece",
                    "access_rules":["bombs"],
                    "map_locations": [
                      {
                        "map":"map",
                        "x":110,
                        "y":600,
                      }
                    ],
                    "sections": [
                      {
                        "name":"Fairy Cave",
                        "item_count": 1,
                        "chest_unopened_img":"images/items-map/Heart Piece.png",
                        "chest_opened_img":"images/items-map/Heart Piece Gray.png"
                      }
                    ]
                  },
                  {
                    "name":"Crenel Climbing Wall Chest",
                    "access_rules":["grip"],
                    "map_locations":[
                      {
                        "map":"map",
                        "x":121,
                        "y":399,
                        "restrict_visibility_rules":["fusions_open"]
                      }
                    ],
                    "sections":[
                      {
                        "name":"Wall Chest",
                        "item_count":1
                      }
                    ]
                  },
                  //Crenel Wall Fairy
                  {
                    "name":"Crenel Wall Fairy",
                    "access_rules":["bombs,grip"],
                    "map_locations": [
                      {
                        "map":"map",
                        "x":225,
                        "y":500,
                      }
                    ],
                    "sections": [
                      {
                        "name":"Crenel Fairy",
                        "item_count": 1
                      }
                    ]
                  },
                  //Crenel Mines Cave
                  {
                    "name":"Crenel Mines Cave",
                    "access_rules":[
                      "grip,gust,bombs",
                      "grip,gust,bow",
                      "grip,gust,boomerang",
                      "grip,gust,$Beam",
                      "grip,cape",
                      "grip,lights",
                      "cane"
                    ],
                    "map_locations":[
                      {
                        "map":"map",
                        "x":500,
                        "y":300
                      }
                    ],
                    "sections":[
                      {
                        "name":"Crenel Mines Cave",
                        "item_count":1
                      }
                    ]
                  },
                  //Melari
                  {
                    "name":"Melari",
                    "access_rules":[
                      "cane",
                      "grip,gust,bombs",
                      "grip,gust,bow",
                      "grip,gust,boomerang",
                      "grip,gust,$Beam",
                      "grip,cape",
                      "grip,lights"
                    ],
                    "map_locations":[
                      {
                        "map":"map",
                        "x":425,
                        "y":350,
                        "restrict_visibility_rules":["obscure_off,fusions_none"]
                      }
                    ],
                    "sections":[
                      {
                        "name":"Melari",
                        "item_count":1,
                        "access_rules":["cof"]
                      }
                    ]
                  },
                  {
                    "name":"Melari Open",
                    "access_rules":[
                      "cane",
                      "grip,gust,bombs",
                      "grip,gust,bow",
                      "grip,gust,boomerang",
                      "grip,gust,$Beam",
                      "grip,cape",
                      "grip,lights"
                    ],
                    "map_locations":[
                      {
                        "map":"map",
                        "x":425,
                        "y":350,
                        "restrict_visibility_rules":["obscure_off,fusions_open"]
                      }
                    ],
                    "sections":[
                      {
                        "name":"Melari",
                        "item_count":1,
                        "access_rules":["cof"]
                      },
                      {
                        "name":"Minish Path Chest",
                        "item_count":1
                      }
                    ]
                  },
                  {
                    "name":"Mines Obs",
                    "access_rules":[
                      "cane",
                      "grip,gust,bombs",
                      "grip,gust,bow",
                      "grip,gust,boomerang",
                      "grip,gust,$Beam",
                      "grip,cape",
                      "grip,lights"
                    ],
                    "map_locations":[
                      {
                        "map":"map",
                        "x":425,
                        "y":350,
                        "restrict_visibility_rules":["obscure_on,fusions_none"]
                      }
                    ],
                    "sections":[
                      {
                        "name":"Melari",
                        "item_count":1,
                        "access_rules":["cof"]
                      },
                      {
                        "name":"Digging Spots (Melari's Mines Tab)",
                        "item_count":8,
                        "access_rules":["mitts"]
                      }
                    ]
                  },
                  {
                    "name":"Mines",
                    "access_rules":[
                      "cane",
                      "grip,gust,bombs",
                      "grip,gust,bow",
                      "grip,gust,boomerang",
                      "grip,gust,$Beam",
                      "grip,cape",
                      "grip,lights"
                    ],
                    "map_locations":[
                      {
                        "map":"map",
                        "x":425,
                        "y":350,
                        "restrict_visibility_rules":["obscure_on,fusions_open"]
                      }
                    ],
                    "sections":[
                      {
                        "name":"Melari",
                        "item_count":1,
                        "access_rules":["cof"]
                      },
                      {
                        "name":"Digging Spots (Melari's Mines Tab)",
                        "item_count":8,
                        "access_rules":["mitts"]
                      },
                      {
                        "name":"Minish Path Chest",
                        "item_count":1
                      }
                    ]
                  },
                  {
                    "name":"Melari Mines Digging Spot",
                    "access_rules":[
                      "cane,mitts",
                      "grip,gust,bombs,mitts",
                      "grip,gust,bow,mitts",
                      "grip,gust,boomerang,mitts",
                      "grip,gust,$Beam,mitts",
                      "grip,cape,mitts",
                      "grip,lights,mitts"
                    ],
                    "children":[
                      {
                        "name":"Digging Spot 8",
                        "map_locations":[
                          {
                            "map":"mines",
                            "x":1100,
                            "y":1100,
                            "restrict_visibility_rules":["obscure_on"]
                          }
                        ],
                        "sections":[
                          {
                            "name":"Digging Spot",
                            "item_count":1
                          }
                        ]
                      },
                      {
                        "name":"Digging Spot 7",
                        "map_locations":[
                          {
                            "map":"mines",
                            "x":580,
                            "y":1650,
                            "restrict_visibility_rules":["obscure_on"]
                          }
                        ],
                        "sections":[
                          {
                            "name":"Digging Spot",
                            "item_count":1
                          }
                        ]
                      },
                      {
                        "name":"Digging Spot 5",
                        "map_locations":[
                          {
                            "map":"mines",
                            "x":2080,
                            "y":1750,
                            "restrict_visibility_rules":["obscure_on"]
                          }
                        ],
                        "sections":[
                          {
                            "name":"Digging Spot",
                            "item_count":1
                          }
                        ]
                      },
                      {
                        "name":"Digging Spot 4",
                        "map_locations":[
                          {
                            "map":"mines",
                            "x":2175,
                            "y":400,
                            "restrict_visibility_rules":["obscure_on"]
                          }
                        ],
                        "sections":[
                          {
                            "name":"Digging Spot",
                            "item_count":1
                          }
                        ]
                      },
                      {
                        "name":"Digging Spot 3",
                        "map_locations":[
                          {
                            "map":"mines",
                            "x":750,
                            "y":240,
                            "restrict_visibility_rules":["obscure_on"]
                          }
                        ],
                        "sections":[
                          {
                            "name":"Digging Spot",
                            "item_count":1
                          }
                        ]
                      },
                      {
                        "name":"Digging Spot 2",
                        "map_locations":[
                          {
                            "map":"mines",
                            "x":1700,
                            "y":240,
                            "restrict_visibility_rules":["obscure_on"]
                          }
                        ],
                        "sections":[
                          {
                            "name":"Digging Spot",
                            "item_count":1
                          }
                        ]
                      },
                      {
                        "name":"Digging Spot 1",
                        "map_locations":[
                          {
                            "map":"mines",
                            "x":775,
                            "y":800,
                            "restrict_visibility_rules":["obscure_on"]
                          }
                        ],
                        "sections":[
                          {
                            "name":"Digging Spot",
                            "item_count":1
                          }
                        ]
                      },
                      {
                        "name":"Digging Spot 6",
                        "map_locations":[
                          {
                            "map":"mines",
                            "x":1375,
                            "y":1700,
                            "restrict_visibility_rules":["obscure_on"]
                          }
                        ],
                        "sections":[
                          {
                            "name":"Digging Spot",
                            "item_count":1
                          }
                        ]
                      }
                    ]
                  },
                  {
                    "name":"Grayblade",
                    "access_rules":["grip,$Sword3,spinattack"],
                    "map_locations":[
                      {
                        "map":"map",
                        "x":600,
                        "y":350,
                      }
                    ],
                    "sections":[
                      {
                        "name": "Grayblade",
                        "item_count":1,
                        "chest_unopened_img":"images/items-map/Tiger Scroll.png",
                        "chest_opened_img":"images/items-map/Tiger Scroll Done.png"
                      },
                      {
                        "name":"Chests",
                        "item_count":2
                      },
                      {
                        "name":"Heart Piece",
                        "item_count":1,
                        "chest_unopened_img":"images/items-map/Heart Piece.png",
                        "chest_opened_img":"images/items-map/Heart Piece Gray.png"
                      }
                    ]
                  },
                  {
                    "name":"Rainy Minish Path Chest",
                    "access_rules":["grip"],
                    "map_locations":[
                      {
                        "map":"map",
                        "x":490,
                        "y":100,
                        "restrict_visibility_rules":["fusions_open"]
                      }
                    ],
                    "sections":[
                      {
                        "name":"Rainy Chest",
                        "item_count":1
                      }
                    ]
                  },
                  {
                    "name":"Mt. Crenel Beanstalk",
                    "access_rules":["grip"],
                    "map_locations":[
                      {
                        "map":"map",
                        "x":100,
                        "y":20,
                        "restrict_visibility_rules":["fusions_open,rupees_off"]
                      }
                    ],
                    "sections":[
                      {
                        "name":"Beanstalk",
                        "item_count":1,
                        "chest_unopened_img":"images/items-map/Heart Piece.png",
                        "chest_opened_img":"images/items-map/Heart Piece Gray.png"
                      }
                    ]
                  },
                  {
                    "name":"Mt. Crenel Beanstalk Rupees",
                    "access_rules":["grip"],
                    "map_locations":[
                      {
                        "map":"map",
                        "x":100,
                        "y":20,
                        "restrict_visibility_rules":["fusions_open,rupees_on"]
                      }
                    ],
                    "sections":[
                      {
                        "name":"Beanstalk",
                        "item_count":1,
                        "chest_unopened_img":"images/items-map/Heart Piece.png",
                        "chest_opened_img":"images/items-map/Heart Piece Gray.png"
                      },
                      {
                        "name":"Rupees",
                        "item_count":8
                      }
                    ]
                  }
                ]
              },
              {
                "name":"Spring Water Path Chest",
                "access_rules":["bombs"],
                "map_locations":[
                  {
                    "map":"map",
                    "x":585,
                    "y":935,
                    "restrict_visibility_rules":["fusions_open"]
                  }
                ],
                "sections":[
                  {
                    "name":"Spring Water Path",
                    "item_count":1
                  }
                ]
              },
			  {
				"name":"Lower Crenel Tektite Golden",
				"map_locations":[
				  {
					"map":"map",
					"x":300,
					"y":730, 
					"restrict_visibility_rules":["fusions_open,bingo_on"]
				  }
				],
				"sections":[
				  {
					"name":"Kill Tektite",
					"access_rules":["[$CanDamage],$CanDamageOff"],
					"item_count":1
				  }
				]
			  },
              //Crenel HP Cave
              {
                "name":"Crenel Heart Piece Cave",
                "access_rules":["bombs"],
                "map_locations": [
                  {
                    "map":"map",
                    "x":40,
                    "y":700,
                  }
                ],
                "sections": [
                  {
                    "name":"Chests",
                    "item_count": 2
                  },
                  {
                    "name":"Heart Piece",
                    "item_count": 1,
                    "chest_unopened_img":"images/items-map/Heart Piece.png",
                    "chest_opened_img":"images/items-map/Heart Piece Gray.png"
                  }
                ]
              },
              //Crenel Minish Crack
              {
                "name":"Crenel Minish Crack",
                "access_rules":["bombs","gust,cape"],
                "map_locations": [
                  {
                    "map":"map",
                    "x":225,
                    "y":865
                  }
                ],
                "sections": [
                  {
                    "name":"Minish Crack",
                    "item_count": 1
                  }
                ]
              },
              {
                "name":"Crenel Base Chest",
                "access_rules":["bombs","cape"],
                "map_locations":[
                  {
                    "map":"map",
                    "x":78,
                    "y":858,
                    "restrict_visibility_rules":["fusions_open"]
                  }
                ],
                "sections":[
                  {
                    "name":"Crenel Base Chest",
                    "item_count":1
                  }
                ]
              },
              //Crenel Minish Hole
              {
                "name":"Crenel Minish Hole",
                "access_rules":[
                  "bombs",
                  "gust,cape"
                ],
                "map_locations": [
                  {
                    "map":"map",
                    "x":300,
                    "y":830
                  }
                ],
                "sections": [
                  {
                    "name":"Minish Hole",
                    "item_count": 1,
                  }
                ]
              },
              //Crenel Fairy Rupee Cave
              {
                "name":"Fairy + Rupee Cave",
                "access_rules":["bombs"],
                "map_locations":[
                  {
                    "map":"map",
                    "x":441,
                    "y":825,
                    "restrict_visibility_rules":["rupees_on"]
                  }
                ],
                "sections":[
                  {
                    "name":"Rupees",
                    "item_count":3
                  }
                ]
              },
              {
                "name":"Crenel Climbing Wall Cave",
                "access_rules":["mitts,grip"],
                "map_locations": [
                  {
                    "map":"map",
                    "x":35,
                    "y":200,
                  }
                ],
                "sections": [
                  {
                    "name":"Crenel Climbing Wall Cave",
                    "item_count":1,
                    "chest_unopened_img":"images/items-map/Heart Piece.png",
                    "chest_opened_img":"images/items-map/Heart Piece Gray.png"
                  }
                ]
              }
            ]
          },
          //Western Wood
          {
            "name":"Western Wood",
            "access_rules":["$Sword3,spinattack"],
            "children":[
              //Castor Wilds
              {
                "name":"Castor Wilds",
                "access_rules":["boots","cape"],
                "children":[
                  //Wind Ruins
                  {
                    "name":"Wind Ruins",
                    "access_rules":["kinstoneWilds:3,cape","kinstoneWilds:3,bow","kinstoneWilds:3,flippers"],
                    "children":[
                      {
                        "name":"Minish Wall Hole",
                        "map_locations": [
                          {
                            "map":"map",
                            "x":230,
                            "y":2000,
                          }
                        ],
                        "sections": [
                          {
                            "name":"Minish Wall Hole Heart Piece",
                            "item_count":1,
                            "chest_unopened_img":"images/items-map/Heart Piece.png",
                            "chest_opened_img":"images/items-map/Heart Piece Gray.png"
                          }
                        ]
                      },
                      {
                        "name":"Minish Crack",
                        "map_locations":[
                          {
                            "map":"map",
                            "x":291,
                            "y":1953,
                            "restrict_visibility_rules":["fusions_open"]
                          }
                        ],
                        "sections":[
                          {
                            "name":"Chest",
                            "item_count":1
                          }
                        ]
                      },
                      {
                        "name":"Armos Kill",
                        "map_locations":[
                          {
                            "map":"map",
                            "x":560,
                            "y":1930
                          }
                        ],
                        "sections":[
                          {
                            "name":"Armos",
                            "item_count":2
                          }
                        ]
                      },
                      {
                        "name":"Wind Ruins Octo Golden",
                        "map_locations":[
                          {
                            "map":"map",
                            "x":500,
                            "y":2060, 
							"restrict_visibility_rules":["fusions_open,bingo_on"]
                          }
                        ],
                        "sections":[
                          {
                            "name":"Kill octo",
							"access_rules":["[$CanDamage],$CanDamageOff"],
                            "item_count":1
                          }
                        ]
                      },
                      {
                        "name":"Bombable Wall",
                        "access_rules":["bombs"],
                        "map_locations": [
                          {
                            "map":"map",
                            "x":130,
                            "y":1780
                          }
                        ],
                        "sections": [
                          {
                            "name":"Bombable Wall",
                            "item_count":1
                          }
                        ]
                      },
                      {
                        "name":"Minish Hole",
                        "map_locations": [
                          {
                            "map":"map",
                            "x":50,
                            "y":2000
                          }
                        ],
                        "sections": [
                          {
                            "name":"Minish Hole",
                            "item_count":1
                          }
                        ]
                      },
                      {
                        "name":"Wind Ruins Beanstalk",
                        "map_locations":[
                          {
                            "map":"map",
                            "x":210,
                            "y":1795,
                            "restrict_visibility_rules":["fusions_open"]
                          }
                        ],
                        "sections":[
                          {
                            "name":"Beanstalk",
                            "item_count":1,
                            "chest_unopened_img":"images/items-map/big_chest_closed.png",
                            "chest_opened_img":"images/items-map/big_chest_open.png"
                          }
                        ]
                      },
                      {
                        "name":"Pre FOW Chest",
                        "map_locations":[
                          {
                            "map":"map",
                            "x":640,
                            "y":1867,
                            "restrict_visibility_rules":["fusions_open"]
                          }
                        ],
                        "sections":[
                          {
                            "name":"Pre FOW Chest",
                            "item_count":1
                          }
                        ]
                      },
                      {
                        "name":"Wind Ruins Joy Butterfly",
                        "map_locations":[
                          {
                            "map":"map",
                            "x":20,
                            "y":1850,
                            "restrict_visibility_rules":["fusions_open"]
                          }
                        ],
                        "sections":[
                          {
                            "name":"Joy Butterfly",
                            "item_count":1
                          }
                        ]
                      },
                      {
                        "name":"4 Pillars Chest",
                        "map_locations":[
                          {
                            "map":"map",
                            "x":250,
                            "y":2060,
                            "restrict_visibility_rules":["fusions_open"]
                          }
                        ],
                        "sections":[
                          {
                            "name":"4 Pillars Chest",
                            "item_count":1
                          }
                        ]
                      }
                    ]
                  },
                  {
                    "name":"Darknut",
                    "map_locations": [
                      {
                        "map":"map",
                        "x":280,
                        "y":1375
                      }
                    ],
                    "sections": [
                      {
                        "name":"Darknut",
                        "item_count":1
                      }
                    ]
                  },
                  {
                    "name":"Castor Wilds Joy Butterfly",
                    "map_locations":[
                      {
                        "map":"map",
                        "x":280,
                        "y":1465,
                        "restrict_visibility_rules":["fusions_open"]
                      }
                    ],
                    "sections":[
                      {
                        "name":"Joy Butterfly",
                        "item_count":1
                      }
                    ]
                  },
                  {
                    "name":"Mulldozers",
                    "access_rules":["gust","flippers"],
                    "map_locations":[
                      {
                        "map":"map",
                        "x":25,
                        "y":1175,
                        "restrict_visibility_rules":["fusions_none"]
                      }
                    ],
                    "sections":[
                      {
                        "name":"Bow Chest",
                        "item_count":1
                      }
                    ]
                  },
                  {
                    "name":"Mulldozers Open",
                    "access_rules":["gust","flippers"],
                    "map_locations":[
                      {
                        "map":"map",
                        "x":25,
                        "y":1175,
                        "restrict_visibility_rules":["fusions_open"]
                      }
                    ],
                    "sections":[
                      {
                        "name":"Bow Chest",
                        "item_count":1
                      },
                      {
                        "name":"Left Crack",
                        "item_count":1
                      }
                    ]
                  },
                  {
                    "name":"Wilds Northern Minish Crack",
                    "map_locations":[
                      {
                        "map":"map",
                        "x":131,
                        "y":1165,
                        "restrict_visibility_rules":["fusions_open"]
                      }
                    ],
                    "sections":[
                      {
                        "name":"Minish Crack",
                        "item_count":1
                      }
                    ]
                  },
                  {
                    "name":"Swiftblade the First",
                    "access_rules":["bow","cape","flippers"],
                    "map_locations": [
                      {
                        "map":"map",
                        "x":50,
                        "y":1600,
                      }
                    ],
                    "sections": [
                      {
                        "name":"Swiftblade the First",
                        "access_rules":["sevenscrolls:7"],
                        "item_count":1,
                        "chest_unopened_img":"images/items-map/Tiger Scroll.png",
                        "chest_opened_img":"images/items-map/Tiger Scroll Done.png"
                      },
                      {
                        "name":"Heart Piece",
                        "item_count":1,
                        "chest_unopened_img":"images/items-map/Heart Piece.png",
                        "chest_opened_img":"images/items-map/Heart Piece Gray.png"
                      }
                    ]
                  },
                  {
                    "name":"South Lake Cave",
                    "access_rules":["cape","bow","flippers"],
                    "map_locations":[
                      {
                        "map":"map",
                        "x":465,
                        "y":1710
                      }
                    ],
                    "sections":[
                      {
                        "name":"South Lake Cave",
                        "item_count":1
                      }
                    ]
                  },
                  {
                    "name":"North Cave",
                    "access_rules":["bow"],
                    "map_locations":[
                      {
                        "map":"map",
                        "x":450,
                        "y":1165
                      }
                    ],
                    "sections":[
                      {
                        "name":"North Cave",
                        "item_count":1
                      }
                    ]
                  },
				  {
					"name":"Castor Wild Rope Golden",
					"map_locations":[
					  {
						"map":"map",
						"x":400,
						"y":1240, 
						"restrict_visibility_rules":["fusions_open,bingo_on"]
					  }
					],
					"sections":[
					  {
						"name":"Kill Rope",
						"access_rules":["[$CanDamage],$CanDamageOff"],
						"item_count":1
					  }
					]
				  },
                  {
                    "name":"Wilds Platform Chest",
                    "access_rules":["bow"],
                    "map_locations":[
                      {
                        "map":"map",
                        "x":150,
                        "y":1400
                      }
                    ],
                    "sections":[
                      {
                        "name":"Platform Chest",
                        "item_count":1
                      }
                    ]
                  },
                  {
                    "name":"Castor Wilds Fusions",
                    "clear_as_group": false,
                    "map_locations":[
                      {
                        "map":"map",
                        "x":75,
                        "y":1700
                      }
                    ],
                    "sections":[
                      {
                        "name":"Left",
                        "access_rules":["bow,[kinstoneWilds:3],kinstoneWilds:1",
                            "cape,[kinstoneWilds:3],kinstoneWilds:1",
                            "flippers,[kinstoneWilds:3],kinstoneWilds:1"],
                        "item_count": 1,
                        "chest_opened_img":"images/items-map/Gold Kinstone (Wilds) Gray.png",
                        "chest_unopened_img":"images/items-map/Gold Kinstone (Wilds).png"
                      },
                      {
                        "name":"Middle",
                        "access_rules":["bow,[kinstoneWilds:3],kinstoneWilds:1",
                            "cape,[kinstoneWilds:3],kinstoneWilds:1",
                            "flippers,[kinstoneWilds:3],kinstoneWilds:1"],
                        "item_count": 1,
                        "chest_opened_img":"images/items-map/Gold Kinstone (Wilds) Gray.png",
                        "chest_unopened_img":"images/items-map/Gold Kinstone (Wilds).png"
                      },
                      {
                        "name":"Right",
                        "access_rules":["bow,[kinstoneWilds:3],kinstoneWilds:1",
                            "cape,[kinstoneWilds:3],kinstoneWilds:1",
                            "flippers,[kinstoneWilds:3],kinstoneWilds:1"],
                        "item_count": 1,
                        "chest_opened_img":"images/items-map/Gold Kinstone (Wilds) Gray.png",
                        "chest_unopened_img":"images/items-map/Gold Kinstone (Wilds).png"
                      }
                    ]
                  },
                  {
                    "name":"Castor Wilds Mitts Cave",
                    "access_rules":["mitts"],
                    "map_locations": [
                      {
                        "map":"map",
                        "x":525,
                        "y":1375
                      }
                    ],
                    "sections": [
                      {
                        "name":"Castor Wilds Mitts Cave",
                        "item_count":2
                      }
                    ]
                  },
                  {
                    "name":"Northeast Lake Cave",
                    "access_rules":["flippers,bow","cape,bow"],
                    "map_locations": [
                      {
                        "map":"map",
                        "x":650,
                        "y":1150,
                      }
                    ],
                    "sections": [
                      {
                        "name":"Northeast Lake Cave",
                        "item_count":1,
                        "chest_unopened_img":"images/items-map/Heart Piece.png",
                        "chest_opened_img":"images/items-map/Heart Piece Gray.png"
                      }
                    ]
                  },
                  {
                    "name":"Waterfall",
                    "access_rules":["flippers,bow"],
                    "map_locations":[
                      {
                        "map":"map",
                        "x":590,
                        "y":1150,
                        "restrict_visibility_rules":["fusions_open"]
                      }
                    ],
                    "sections":[
                      {
                        "name":"Scarblade",
                        "item_count":1,
                        "chest_unopened_img":"images/items-map/Tiger Scroll.png",
                        "chest_opened_img":"images/items-map/Tiger Scroll Done.png"
                      }
                    ]
                  },
                  {
                    "name":"Wilds Western Minish Crack",
                    "map_locations":[
                      {
                        "map":"map",
                        "x":40,
                        "y":1325,
                        "restrict_visibility_rules":["fusions_open"]
                      }
                    ],
                    "sections":[
                      {
                        "name":"Minish Crack",
                        "item_count":1
                      }
                    ]
                  },
                  {
                    "name":"Wilds Vine Minish Crack",
                    "map_locations":[
                      {
                        "map":"map",
                        "x":240,
                        "y":1600,
                        "restrict_visibility_rules":["fusions_open"]
                      }
                    ],
                    "sections":[
                      {
                        "name":"Minish Crack",
                        "item_count":1
                      }
                    ]
                  },
                  {
                    "name":"Wilds Water Minish Hole",
                    "access_rules":["flippers"],
                    "map_locations":[
                      {
                        "map":"map",
                        "x":630,
                        "y":1630,
                        "restrict_visibility_rules":["fusions_open"]
                      }
                    ],
                    "sections":[
                      {
                        "name":"Hiking Trip",
                        "item_count":1
                      },
                      {
                        "name":"Hiking is Healthy",
                        "item_count":1,
                        "chest_unopened_img":"images/items-map/Heart Piece.png",
                        "chest_opened_img":"images/items-map/Heart Piece Gray.png"
                      }
                    ]
                  },
                  {
                    "name":"Wilds Diving Spots",
                    "access_rules":["flippers"],
                    "map_locations":[
                      {
                        "map":"map",
                        "x":660,
                        "y":1560,
                        "restrict_visibility_rules":["obscure_on"]
                      }
                    ],
                    "sections":[
                      {
                        "name":"Top",
                        "item_count":1
                      },
                      {
                        "name":"Middle",
                        "item_count":1
                      },
                      {
                        "name":"Bottom",
                        "item_count":1
                      }
                    ]
                  }
                ]
              },
              {
                "name":"Western Woods Beanstalk",
                "map_locations":[
                  {
                    "map":"map",
                    "x":710,
                    "y":2005,
                    "restrict_visibility_rules":["fusions_open,rupees_off"]
                  }
                ],
                "sections":[
                  {
                    "name":"Beanstalk",
                    "item_count":1
                  }
                ]
              },
              {
                "name":"Western Woods Beanstalk Rupee",
                "map_locations":[
                  {
                    "map":"map",
                    "x":710,
                    "y":2005,
                    "restrict_visibility_rules":["fusions_open,rupees_on"]
                  }
                ],
                "sections":[
                  {
                    "name":"Beanstalk",
                    "item_count":1
                  },
                  {
                    "name":"Rupees",
                    "item_count":16
                  }
                ]
              },
              {
                "name":"North Digging Spots",
                "access_rules":["mitts"],
                "map_locations":[
                  {
                    "map":"map",
                    "x":800,
                    "y":1475,
                    "restrict_visibility_rules":["fusions_open,obscure_on"]
                  }
                ],
                "sections":[
                  {
                    "name":"Buried Treasure",
                    "item_count":6
                  }
                ]
              },
              {
                "name":"South Digging Spots",
                "access_rules":["mitts"],
                "map_locations":[
                  {
                    "map":"map",
                    "x":945,
                    "y":1780,
                    "restrict_visibility_rules":["fusions_open,obscure_on"]
                  }
                ],
                "sections":[
                  {
                    "name":"More Buried Treasure",
                    "item_count":2
                  }
                ]
              },
              {
                "name":"Western Wood Chest",
                "map_locations":[
                  {
                    "map":"map",
                    "x":825,
                    "y":1603,
                    "restrict_visibility_rules":["fusions_open"]
                  }
                ],
                "sections":[
                  {
                    "name":"Freestanding Chest",
                    "item_count":1
                  }
                ]
              },
              {
                "name":"Percy's House",
                "access_rules":["lamp"],
                "map_locations":[
                  {
                    "map":"map",
                    "x":765,
                    "y":1912,
                    "restrict_visibility_rules":["fusions_open"]
                  }
                ],
                "sections":[
                  {
                    "name":"Moblin Reward",
                    "item_count":1
                  },
                  {
                    "name":"Percy Reward",
                    "item_count":1
                  }
                ]
              },
              {
                "name":"Western Woods Tree",
                "map_locations":[
                  {
                    "map":"map",
                    "x":775,
                    "y":1750,
                    "restrict_visibility_rules":["fusions_open"]
                  }
                ],
                "sections":[
                  {
                    "name":"Heart Piece",
                    "item_count":1,
                    "chest_unopened_img":"images/items-map/Heart Piece.png",
                    "chest_opened_img":"images/items-map/Heart Piece Gray.png"
                  }
                ]
              },
			  {
				"name":"Western Woods Octo Golden",
				"map_locations":[
				  {
					"map":"map",
					"x":900,
					"y":1912, 
					"restrict_visibility_rules":["fusions_open,bingo_on"]
				  }
				],
				"sections":[
				  {
					"name":"Kill Octo",
					"access_rules":["[$CanDamage],$CanDamageOff"],
					"item_count":1
				  }
				]
			  }
            ]
          },
          //Business Scrub
          {
            "name":"Trilby Business Scrub",
            "access_rules":["bombs,shield"],
            "map_locations":[
              {
                "map":"map",
                "x":875,
                "y":1210
              }
            ],
            "sections": [
              {
                "name":"Trilby Business Scrub",
                "item_count":1
              }
            ]
          },
          {
            "name":"Rocks Chest",
            "map_locations":[
              {
                "map":"map",
                "x":856,
                "y":1092,
                "restrict_visibility_rules":["fusions_open"]
              }
            ],
            "sections":[
              {
                "name":"Rocks Chest",
                "item_count":1
              }
            ]
          },
          {
            "name":"Northern Chest",
            "map_locations":[
              {
                "map":"map",
                "x":931,
                "y":836,
                "restrict_visibility_rules":["fusions_open"]
              }
            ],
            "sections":[
              {
                "name":"Chest",
                "item_count":1
              }
            ]
          },
          //Bomb Wall
          {
            "name":"Trilby Highlands Bomb Wall",
            "access_rules":["bombs,$Sword3,spinattack"],
            "map_locations":[
              {
                "map":"map",
                "x":760,
                "y":1160,
              }
            ],
            "sections": [
              {
                "name":"Trilby Highlands Bomb Wall",
                "item_count":1
              }
            ]
          },
          {
            "name":"Trilby Highlands Rupee Cave",
            "access_rules":["$Sword3,spinattack"],
            "map_locations":[
              {
                "map":"map",
                "x":705,
                "y":1250,
                "restrict_visibility_rules":["rupees_on,fusions_open"]
              }
            ],
            "sections":[
              {
                "name":"Rupees",
                "item_count":15
              }
            ]
          },
          {
            "name":"Trilby Highlands Mitts Cave",
            "access_rules":["mitts"],
            "map_locations": [
              {
                "map":"map",
                "x":725,
                "y":950,
              }
            ],
            "sections": [
              {
                "name":"Trilby Cave",
                "item_count":2
              }
            ]
          },
          {
            "name":"Trilby Highlands Fusion Cave",
            "access_rules":["flippers,mitts","cape,mitts"],
            "map_locations":[
              {
                "map":"map",
                "x":845,
                "y":950,
                "restrict_visibility_rules":["fusions_open"]
              }
            ],
            "sections":[
              {
                "name":"Fusion Digging Cave",
                "item_count":1
              }
            ]
          }
        ]
      }
	]
  }
]
