[
  {
	"name":"Flippers Cave Rupees",
	"map_locations":[
	  {
		"map":"map",
		"x":1125,
		"y":1050,
		 "restrict_visibility_rules":["rupees_on,obscure_on"]
	  }
	],
	"sections":[
	  {
		"name":"Scissor Beetles",
		"item_count":1,
		"access_rules":["$Town_OR_FlippersCaveRupees_ScissorBeetles,[$Town_OR_FlippersCaveRupees_ScissorBeetles_Y]","{$Town_OR_FlippersCaveRupees_ScissorBeetles_B}"],
		"chest_unopened_img":"images/items-map/chest_closed.png",
		"chest_opened_img":"images/items-map/chest_open.png"
	  },
	  {
		"name":"Frozen Chest",
		"item_count":1,
		"access_rules":["$Town_OR_FlippersCaveRupees_FrozenChest,[$Town_OR_FlippersCaveRupees_FrozenChest_Y]","{$Town_OR_FlippersCaveRupees_FrozenChest_B}"],
		"chest_unopened_img":"images/items-map/chest_closed.png",
		"chest_opened_img":"images/items-map/chest_open.png"
	  },
	  {
		"name":"Under the Waterfall",
		"item_count":1,
		"access_rules":["$Town_OR_FlippersCaveRupees_UndertheWaterfall,[$Town_OR_FlippersCaveRupees_UndertheWaterfall_Y]","{$Town_OR_FlippersCaveRupees_UndertheWaterfall_B}"],
		"chest_unopened_img":"images/items-map/chest_closed.png",
		"chest_opened_img":"images/items-map/chest_open.png",
		"visibility_rules":"rupees_on,obscure_on"
	  }
	]
  }
]