[
 {
	"name":"Northeast Grave Area",
    "chest_unopened_img":"images/items-map/chest_closed.png",
    "chest_opened_img":"images/items-map/chest_open.png",
	"access_rules":["$RV_F_NortheastGraveFusion,[$RV_F_NortheastGraveFusion_Y]","{$RV_F_NortheastGraveFusion_B}"],
	"map_locations":[
	  {
		"map":"map",
		"x":930,
		"y":200,
		"restrict_visibility_rules":["$Fusions"]
	  }
	],
	"sections":[
	  {
		"name":"Northeast Grave",
		"item_count":1
	  },
	  {
		"name":"Nearby Chest",
		"item_count":1
	  }
	]
  }
]