[
  {
	"name":"Northwest Grave Area",
    "chest_unopened_img":"images/items-map/chest_closed.png",
    "chest_opened_img":"images/items-map/chest_open.png",
	"access_rules":["$RV_F_NorthweatGraveFusion,[$RV_F_NorthweatGraveFusion_Y]","{$RV_F_NorthweatGraveFusion_B}"],
	"map_locations": [
	  {
		"map":"map",
		"x":725,
		"y":200,
		"restrict_visibility_rules":["$Fusions"]
	  }
	],
	"sections":[
	  {
		"name":"Northwest Grave",
		"item_count": 1,
		"chest_unopened_img":"images/items-map/Heart Piece.png",
		"chest_opened_img":"images/items-map/Heart Piece Gray.png"
	  },
	  {
		"name":"Nearby Chest",
		"item_count":1
	  }
	]
  }
]