[
  {
    "name":"Inside Dungeons",
    "chest_opened_img":"images/items-map/chest_open.png",
    "chest_unopened_img":"images/items-map/chest_closed.png",
    "children":[
	//FOW
      {
        "name": "Fortress of Winds",
        "access_rules":["$Sword3,spinattack,cape,kinstoneWilds:3",
          "$Sword3,spinattack,boots,bow,kinstoneWilds:3",
          "$Sword3,spinattack,boots,flippers,kinstoneWilds:3"],
        "children":[
          {
            "name":"Far Left Entrance Room",
            "access_rules": ["mitts"],
            "map_locations":[
              {
                "map":"fow",
                "x":250,
                "y":2335
              }
            ],
            "sections":[
              {
                "name":"Far Left Entrance Room",
                "item_count": 1,
              }
            ]
          },
          {
            "name":"Entrance Rupee",
            "access_rules": ["mitts"],
            "map_locations":[
              {
                "map":"fow",
                "x":1111,
                "y":2334,
                "force_invisibility_rules":["rupees_off"]
              }
            ],
            "sections":[
              {
                "name":"Entrance Rupee",
                "item_count": 1,
              }
            ]
          },
          {
            "name":"Wizzrobe Fight",
            "access_rules": ["mitts"],
            "map_locations":[
              {
                "map":"fow",
                "x":200,
                "y":2190
              }
            ],
            "sections":[
              {
                "name":"Wizzrobe Fight",
                "item_count": 1
              }
            ]
          },
          {
            "name":"Left Side 2nd Floor Mitts Chest",
            "access_rules": ["bow,mitts"],
            "map_locations":[
              {
                "map":"fow",
                "x":405,
                "y":1770
              }
            ],
            "sections":[
              {
                "name":"Left Side 2nd Floor Mitts Chest",
                "item_count": 1
              }
            ]
          },
          {
            "name":"Left Side Left Rupees",
            "access_rules": ["bow"],
            "map_locations":[
              {
                "map":"fow",
                "x":288,
                "y":1892,
                "force_invisibility_rules":["rupees_off"]
              }
            ],
            "sections":[
              {
                "name":"Left Side Left Rupees",
                "item_count": 4
              }
            ]
          },
          {
            "name":"Left Side Right Rupees",
            "access_rules": ["bow"],
            "map_locations":[
              {
                "map":"fow",
                "x":520,
                "y":1893,
                "force_invisibility_rules":["rupees_off"]
              }
            ],
            "sections":[
              {
                "name":"Left Side Right Rupees",
                "item_count": 3
              }
            ]
          },
          {
            "name":"Left Side 3rd Floor Mitts Chest",
            "access_rules": ["bow,mitts"],
            "map_locations":[
              {
                "map":"fow",
                "x":295,
                "y":725
              }
            ],
            "sections":[
              {
                "name":"Left Side 3rd Floor Mitts Chest",
                "item_count": 1
              }
            ]
          },
          {
            "name":"Eyegores",
            "access_rules": ["bow,$CanSplit2"],
            "map_locations":[
              {
                "map":"fow",
                "x":125,
                "y":305
              }
            ],
            "sections":[
              {
                "name":"Eyegores",
                "item_count": 1,
                "chest_unopened_img":"images/items-map/big_chest_closed.png",
                "chest_opened_img":"images/items-map/big_chest_open.png"
              }
            ]
          },
          {
            "name":"Left Side Key Drop",
            "access_rules": ["bow,$CanSplit2"],
            "map_locations":[
              {
                "map":"fow",
                "x":485,
                "y":460
              }
            ],
            "sections":[
              {
                "name":"Left Side Key Drop",
                "item_count": 1,
                "chest_unopened_img":"images/items-map/Small Key.png",
                "chest_opened_img":"images/items-map/Small Key Done.png"
              }
            ]
          },
          {
            "name":"Two Lever Room Right Chest",
            "map_locations":[
              {
                "map":"fow",
                "x":1015,
                "y":1575
              }
            ],
            "sections":[
              {
                "name":"Right Chest",
                "item_count": 1
              }
            ]
          },
          {
            "name":"Two Lever Room Left Chest",
            "map_locations":[
              {
                "map":"fow",
                "x":885,
                "y":1575
              }
            ],
            "sections":[
              {
                "name":"Left Chest",
                "item_count": 1
              }
            ]
          },
          {
            "name":"Right Side 2nd Floor Mitts Chest",
            "access_rules": ["mitts"],
            "map_locations":[
              {
                "map":"fow",
                "x":790,
                "y":1960
              }
            ],
            "sections":[
              {
                "name":"Right Side 2nd Floor Mitts Chest",
                "item_count": 1
              }
            ]
          },
          {
            "name":"Right Side 3rd Floor Mitts Chest",
            "access_rules": ["mitts,$CanSplit2"],
            "map_locations":[
              {
                "map":"fow",
                "x":790,
                "y":710
              }
            ],
            "sections":[
              {
                "name":"Right Side 3rd Floor Mitts Chest",
                "item_count": 1
              }
            ]
          },
          {
            "name":"Right Side Key Drop",
			"access_rules":["$CanSplit2"],
            "map_locations":[
              {
                "map":"fow",
                "x":900,
                "y":460
              }
            ],
            "sections":[
              {
                "name":"Right Side Key Drop",
                "item_count": 1,
                "chest_unopened_img":"images/items-map/Small Key.png",
                "chest_opened_img":"images/items-map/Small Key Done.png"
              }
            ]
          },
          {
            "name":"Right Side Heart Piece",
			"access_rules":["$CanSplit2"],
            "map_locations":[
              {
                "map":"fow",
                "x":1110,
                "y":2155
              }
            ],
            "sections":[
              {
                "name":"Right Side Heart Piece",
                "item_count": 1,
                "capture_item":true,
                "chest_unopened_img":"images/items-map/Heart Piece.png",
                "chest_opened_img":"images/items-map/Heart Piece Gray.png"
              }
            ]
          },
          {
            "name":"Pedestal Chest",
            "access_rules": ["bow"],
            "map_locations":[
              {
                "map":"fow",
                "x":680,
                "y":1510
              }
            ],
            "sections":[
              {
                "name":"Pedestal Chest",
                "item_count": 1,
                "chest_unopened_img":"images/items-map/big_chest_closed.png",
                "chest_opened_img":"images/items-map/big_chest_open.png"
              }
            ]
          },
          {
            "name":"Center Path Switch",
            "access_rules": ["mitts"],
            "map_locations":[
              {
                "map":"fow",
                "x":630,
                "y":1895
              }
            ],
            "sections":[
              {
                "name":"Center Path Switch",
                "item_count": 1
              }
            ]
          },
          {
            "name":"Bombable Wall Big Chest",
            "access_rules":["bow,bombs,[fow_smallkey:4],fow_smallkey:1"],
            "map_locations":[
              {
                "map":"fow",
                "x":370,
                "y":1160
              }
            ],
            "sections":[
              {
                "name":"Bombable Wall Big Chest",
                "item_count": 1,
                "chest_unopened_img":"images/items-map/big_chest_closed.png",
                "chest_opened_img":"images/items-map/big_chest_open.png"
              }
            ]
          },
          {
            "name":"Bombable Wall Small Chest",
            "access_rules":["bow,bombs,mitts,[fow_smallkey:4],fow_smallkey:1"],
            "map_locations":[
              {
                "map":"fow",
                "x":500,
                "y":1160
              }
            ],
            "sections":[
              {
                "name":"Bombable Wall Small Chest",
                "item_count": 1,
              }
            ]
          },
          {
            "name":"Clone Puzzle Key Drop",
            "access_rules": ["bow,[fow_smallkey:2],fow_smallkey:1,$CanSplit2"],
            "map_locations":[
              {
                "map":"fow",
                "x":1270,
                "y":1130
              }
            ],
            "sections":[
              {
                "name":"Clone Puzzle Key Drop",
                "item_count": 1,
                "chest_unopened_img":"images/items-map/Small Key.png",
                "chest_opened_img":"images/items-map/Small Key Done.png"
              }
            ]
          },
          {
            "name":"Minish Dirt Room Key Drop",
            "access_rules":["bow,mitts,[fow_smallkey:3],fow_smallkey:2","{bow,fow_smallkey:2}"],
            "map_locations":[
              {
                "map":"fow",
                "x":1030,
                "y":1180
              }
            ],
            "sections":[
              {
                "name":"Minish Dirt Room Key Drop",
                "item_count": 1,
                "capture_item":true,
                "chest_unopened_img":"images/items-map/Small Key.png",
                "chest_opened_img":"images/items-map/Small Key Done.png"
              }
            ]
          },
          {
            "name":"Right Side Top Moldorm Pot",
            "access_rules":["mitts,bow,[fow_smallkey:3],fow_smallkey:2"],
            "map_locations":[
              {
                "map":"fow",
                "x":1080,
                "y":1830,
                "force_invisibility_rules":["obscure_off"]
              }
            ],
            "sections":[
              {
                "name":"Moldorm Pot",
                "item_count":1
              }
            ]
          },
          {
            "name":"Right Side Left Moldorm Pot",
            "access_rules":["mitts,bow,[fow_smallkey:3],fow_smallkey:2"],
            "map_locations":[
              {
                "map":"fow",
                "x":965,
                "y":1980,
                "force_invisibility_rules":["obscure_off"]
              }
            ],
            "sections":[
              {
                "name":"Moldorm Pot",
                "item_count":1
              }
            ]
          },
          {
            "name":"Skull Room Chest",
            "access_rules": ["bow,mitts,[fow_smallkey:4],fow_smallkey:3"],
            "map_locations":[
              {
                "map":"fow",
                "x":1280,
                "y":1380
              }
            ],
            "sections":[
              {
                "name":"Skull Room Chest",
                "item_count": 1,
                "chest_unopened_img":"images/items-map/big_chest_closed.png",
                "chest_opened_img":"images/items-map/big_chest_open.png"
              }
            ]
          },
          {
            "name":"Mazaal",
            "access_rules": ["bow,mitts,fow_bigkey"],
            "map_locations":[
              {
                "map":"fow",
                "x":650,
                "y":55
              }
            ],
            "sections":[
              {
                "name":"Mazaal",
                "item_count": 1,
                "chest_unopened_img":"images/items-map/Heart Container.png",
                "chest_opened_img":"images/items-map/Heart Container Gray.png"
              }
            ]
          }
        ]
      }
	]
  }
]