[
  {
    "name":"Dungeons",
    "chest_opened_img":"images/items-map/chest_open.png",
    "chest_unopened_img":"images/items-map/chest_closed.png",
    "children":
    [
	  {
        "name": "FOW Obscure",
        "access_rules":["$Sword3,spinattack,cape,kinstoneWilds:3",
          "$Sword3,spinattack,boots,bow,kinstoneWilds:3",
          "$Sword3,spinattack,boots,flippers,kinstoneWilds:3"],
        "short_name": "FOW",
        "codes":"fow",
        "map_locations": [
          {
            "map": "map",
            "x":592,
            "y":1800,
            "restrict_visibility_rules":["obscure_on,rupees_off"]
          }
        ],
        "sections": [
          {
            "name":"Entrance Far Left",
            "access_rules": ["mitts"],
            "item_count": 1,
          },
          {
            "name":"Wizzrobe Fight",
            "access_rules":["mitts"],
            "item_count":1
          },
          {
            "name":"Left Side Mitts Chests",
            "access_rules":["bow,mitts"],
            "item_count": 2,
            "clear_as_group": false
          },
          {
            "name":"Eyegores",
            "access_rules":["bow,$CanSplit2"],
            "item_count": 1,
            "chest_unopened_img":"images/items-map/big_chest_closed.png",
            "chest_opened_img":"images/items-map/big_chest_open.png"
          },
          {
            "name":"Left Side Key Drop",
            "access_rules":["bow,$CanSplit2","bow,cape"],
            "item_count": 1,
            "chest_unopened_img":"images/items-map/Small Key.png",
            "chest_opened_img":"images/items-map/Small Key Done.png"
          },
          {
            "name":"Right Side Two Lever Room",
            "short_name":"2 Lever Room",
            "item_count": 2
          },
          {
            "name":"Right Side Mitts Chests",
            "access_rules":["mitts,$CanSplit2"],
            "item_count": 2,
            "clear_as_group": false
          },
          {
            "name":"Right Side Key Drop",
            "access_rules":["$CanSplit2"],
            "item_count": 1,
            "chest_unopened_img":"images/items-map/Small Key.png",
            "chest_opened_img":"images/items-map/Small Key Done.png"
          },
          {
            "name":"Right Side Heart Piece",
            "short_name":"Far Right HP",
            "access_rules":["$CanSplit2"],
            "item_count": 1,
            "chest_unopened_img":"images/items-map/Heart Piece.png",
            "chest_opened_img":"images/items-map/Heart Piece Gray.png"
          },
          {
            "name":"Pedestal Chest",
            "access_rules":["bow"],
            "item_count": 1,
            "chest_unopened_img":"images/items-map/big_chest_closed.png",
            "chest_opened_img":"images/items-map/big_chest_open.png"
          },
          {
            "name":"Center Path Switch",
            "access_rules":["mitts"],
            "item_count": 1
          },
          //Everything past here needs two keys
          {
            "name":"Bombable Wall Big Chest",
            "access_rules":["bow,bombs,[fow_smallkey:4],fow_smallkey:1"],
            "item_count": 1,
            "chest_unopened_img":"images/items-map/big_chest_closed.png",
            "chest_opened_img":"images/items-map/big_chest_open.png"
          },
          {
            "name":"Bombable Wall Small Chest",
            "access_rules":["bow,bombs,mitts,[fow_smallkey:4],fow_smallkey:1"],
            "item_count": 1
          },
          {
            "name":"Clone Puzzle Key Drop",
            "access_rules":["bow,[fow_smallkey:2],fow_smallkey:1,$CanSplit2"],
            "item_count": 1,
            "chest_unopened_img":"images/items-map/Small Key.png",
            "chest_opened_img":"images/items-map/Small Key Done.png"
          },
          //Everything past here needs three keys
          {
            "name":"Minish Dirt Room Key Drop",
            "access_rules":["bow,mitts,[fow_smallkey:3],fow_smallkey:2","{bow,fow_smallkey:2}"],
			"capture_item":true,
            "item_count": 1,
            "chest_unopened_img":"images/items-map/Small Key.png",
            "chest_opened_img":"images/items-map/Small Key Done.png"
          },
          //Next one needs four small keys
          {
            "name":"Right Side Moldorm Pots",
            "item_count":2,
            "clear_as_group": false,
            "access_rules":["mitts,bow,[fow_smallkey:3],fow_smallkey:2"]
          },
          {
            "name":"Skull Room Chest",
            "access_rules":["bow,mitts,[fow_smallkey:4],fow_smallkey:3"],
            "item_count": 1,
            "chest_unopened_img":"images/items-map/big_chest_closed.png",
            "chest_opened_img":"images/items-map/big_chest_open.png"
          },
          //Big Key
          {
            "name":"Mazaal",
            "access_rules":["bow,mitts,fow_bigkey"],
            "item_count": 1,
            "chest_unopened_img":"images/items-map/Heart Container.png",
            "chest_opened_img":"images/items-map/Heart Container Gray.png"
          },
          {
            "name":"FOW Reward",
            "access_rules":["bow,mitts,fow_bigkey"],
            "item_count": 1
          }
        ]
      }
    ]
  }
]