[
  {
	"name":"4 Trees Done",
	"map_locations":[
	  {
		"map":"map",
		"x":1325,
		"y":695,
        "restrict_visibility_rules":["$Fusions"]
	  }
	],
	"sections":[
	  {
		"name":"Center Ladder",
		"item_count":1,
		"access_rules":["$NorthField_F_4TreesDone_CenterLadder,[$NorthField_F_4TreesDone_CenterLadder_Y]","{$NorthField_F_4TreesDone_CenterLadder_B}"],
        "chest_unopened_img":"images/items-map/big_chest_closed.png",
        "chest_opened_img":"images/items-map/big_chest_open.png"
	  }
	]
  }
]