[
  {
	"name":"North Field Waterfall",
	"map_locations":[
	  {
		"map":"map",
		"x":1120,
		"y":800,
        "restrict_visibility_rules":["$Fusions"]
	  }
	],
	"sections":[
	  {
		"name":"Greatblade",
		"item_count":1,
		"access_rules":["$NorthField_F_Waterfall_Greatblade,[$NorthField_F_Waterfall_Greatblade_Y]","{$NorthField_F_Waterfall_Greatblade_B}"],
		"chest_unopened_img":"images/items-map/Tiger Scroll.png",
		"chest_opened_img":"images/items-map/Tiger Scroll Done.png"
	  }
	]
  }
]