[
  {
	"name":"North Field Cave Heart Piece",
	"map_locations":[
	  {
		"map":"map",
		"x":1175,
		"y":650,
	  },
	  {
		"map":"map",
		"x":1180,
		"y":800
	  }
	],
	"sections":[
	  {
		"name":"Heart Piece",
		"item_count":1,
		"access_rules":["$NorthField_N_CaveHeartPiece_HeartPiece,[$NorthField_N_CaveHeartPiece_HeartPiece_Y]","{$NorthField_N_CaveHeartPiece_HeartPiece_B}"],
		"chest_unopened_img":"images/items-map/Heart Piece.png",
		"chest_opened_img":"images/items-map/Heart Piece Gray.png"
	  }
	]
  }
]