[
  {
	"name":"Librari",
	"map_locations":[
	  {
		"map":"map",
		"x":2239,
		"y":1144,
		"restrict_visibility_rules":["$Fusions"]
	  },
	  {
		"map":"map",
		"x":2464,
		"y":1083,
		"restrict_visibility_rules":["$Fusions"]
	  }
	],
	"sections":[
	  {
		"name":"Librari",
		"item_count":1,
		"access_rules":["$Hylia_F_Librari_Librari,[$Hylia_F_Librari_Librari_Y]","{$Hylia_F_Librari_Librari_B}"],
        "chest_unopened_img":"images/items-map/Heart Container.png",
        "chest_opened_img":"images/items-map/Heart Container Gray.png"
	  }
	]
  }
]