[
  {
	"name":"Middle of the Lake",
	"map_locations":[
	  {
		"map":"map",
		"x":2464,
		"y":1133,
		"restrict_visibility_rules":["$Fusions"]
	  }
	],
	"sections":[
	  {
		"name":"Digging Cave",
		"item_count":1,
		"access_rules":["$Hylia_F_MiddleoftheLake_DiggingCave,[$Hylia_F_MiddleoftheLake_DiggingCave_Y]","{$Hylia_F_MiddleoftheLake_DiggingCave_B}"],
		"chest_unopened_img":"images/items-map/chest_closed.png",
		"chest_opened_img":"images/items-map/chest_open.png"
	  }
	]
  }
]