{
    "tracker_broadcast": {
        "type": "array",
        "dropshadow": true,
        "margin": "10",
        "content": [
            {
                "type": "array",
                "orientation": "vertical",
                "content": [
                    {
                        "type": "itemgrid",
                        "h_alignment": "center",
                        "item_margin": "4,5",
                        "rows": [
						  ["","sword","gust","cane","boomerang","wallet",""],
						  ["","shield","mittsandfly","lamp","bombsremote","wilds",""],
						  ["","boots","cape","flute","bowandfly","clouds",""],
						  ["","grip","jabber","carlovtingle","quiver","falls",""],
						  ["","bracelets","mushroom","bothkeys","sevenscrolls","spinandbeam",""],
						  ["","10hearts","flippersandfly","dogbottle","books","figurine",""],
						  ["","earth","fire","gomode","water","wind",""],
						  ["dws","cof","fow","tod","rc","pow","dhc"],
						  ["dws_smallkey","cof_smallkey","fow_smallkey","tod_smallkey","","pow_smallkey","explicit_dhc_smallkey"],
						  ["dws_bigkey","cof_bigkey","fow_bigkey","tod_bigkey","","pow_bigkey","explicit_dhc_bigkey"],
						  ["dws_cm","cof_cm","fow_cm","tod_cm","","pow_cm","dhc_cm"]
                        ]
                    }
                ]
            }
        ]
    }
}
