[
  {
	"name":"Eastern Hills Beanstalk",
	"map_locations":[
	  {
		"map":"map",
		"x":1705,
		"y":1830,
		"restrict_visibility_rules":["$Fusions"]
	  }
	],
	"sections":[
	  {
		"name":"Left Chest",
		"item_count":1,
		"access_rules":["$Hills_F_Beanstalk_LeftChest,[$Hills_F_Beanstalk_LeftChest_Y]","{$Hills_F_Beanstalk_LeftChest_B}"],
		"chest_unopened_img":"images/items-map/chest_closed.png",
		"chest_opened_img":"images/items-map/chest_open.png"
	  },
	  {
		"name":"Right Chest",
		"item_count":1,
		"access_rules":["$Hills_F_Beanstalk_RightChest,[$Hills_F_Beanstalk_RightChest_Y]","{$Hills_F_Beanstalk_RightChest_B}"],
		"chest_unopened_img":"images/items-map/chest_closed.png",
		"chest_opened_img":"images/items-map/chest_open.png"
	  },
	  {
        "name":"Heart Piece",
		"item_count":1,
		"access_rules":["$Hills_F_Beanstalk_HeartPiece,[$Hills_F_Beanstalk_HeartPiece_Y]","{$Hills_F_Beanstalk_HeartPiece_B}"],
		"chest_unopened_img":"images/items-map/Heart Piece.png",
		"chest_opened_img":"images/items-map/Heart Piece Gray.png"
	  }
	]
  }
]