[
  {
	"name":"Eastern Hills Rope Golden",
	"map_locations":[
	  {
		"map":"map",
		"x":1725,
		"y":1725,
		"restrict_visibility_rules":["$Fusions,golden_enemy_on"]
	  }
	],
	"sections":[
	  {
		"name":"Kill Rope",
		"item_count":1,
		"access_rules":["$Hills_F_RopeGolden_KillRope,[$Hills_F_RopeGolden_KillRope_Y]","{$Hills_F_RopeGolden_KillRope_B}"],
		"chest_unopened_img":"images/items-map/chest_closed.png",
		"chest_opened_img":"images/items-map/chest_open.png"
	  }
	]
  }
]