[
  {
	"name":"Belari Open",
	"map_locations":[
	  {
		"map":"map",
		"x":2175,
		"y":1950,
        "restrict_visibility_rules":["$Fusions"]
	  }
	],
	"sections":[
	  {
		"name":"1st Item",
		"item_count":1,
		"access_rules":["$MinishWoods_F_BelariOpen_1stItem,[$MinishWoods_F_BelariOpen_1stItem_Y]","{$MinishWoods_F_BelariOpen_1stItem_B}"],
		"chest_unopened_img":"images/items-map/chest_closed.png",
		"chest_opened_img":"images/items-map/chest_open.png"
	  },
	  {
		"name":"2nd Item",
		"item_count":1,
		"access_rules":["$MinishWoods_F_BelariOpen_2ndItem,[$MinishWoods_F_BelariOpen_2ndItem_Y]","{$MinishWoods_F_BelariOpen_2ndItem_B}"],
		"chest_unopened_img":"images/items-map/chest_closed.png",
		"chest_opened_img":"images/items-map/chest_open.png"
	  },
	]
  }
]