[
  {
	"name":"Minish Village Open",
	"map_locations":[
	  {
		"map":"map",
		"x":2297,
		"y":2000,
        "restrict_visibility_rules":["$Fusions"]
	  }
	],
	"sections":[
	  {
		"name":"Barrel",
		"item_count":1,
		"access_rules":["$MinishWoods_F_MinishVillage_Barrel,[$MinishWoods_F_MinishVillage_Barrel_Y]","{$MinishWoods_F_MinishVillage_Barrel_B}"],
		"chest_unopened_img":"images/items-map/chest_closed.png",
		"chest_opened_img":"images/items-map/chest_open.png"
	  },
	  {
		"name":"Dock Heart Piece",
		"item_count":1,
		"access_rules":["$MinishWoods_F_MinishVillage_DockHeartPiece,[$MinishWoods_F_MinishVillage_DockHeartPiece_Y]","{$MinishWoods_F_MinishVillage_DockHeartPiece_B}"],
		"chest_unopened_img":"images/items-map/chest_closed.png",
		"chest_opened_img":"images/items-map/chest_open.png"
	  },
	  {
		"name":"Minish Path Chest",
		"item_count":1,
		"access_rules":["$MinishWoods_F_MinishVillage_MinishPathChest,[$MinishWoods_F_MinishVillage_MinishPathChest_Y]","{$MinishWoods_F_MinishVillage_MinishPathChest_B}"],
		"chest_unopened_img":"images/items-map/chest_closed.png",
		"chest_opened_img":"images/items-map/chest_open.png"
	  },
	]
  }
]