[
  {
	"name":"Post Minish Village Chest",
	"map_locations":[
	  {
		"map":"map",
		"x":2038,
		"y":1879,
        "restrict_visibility_rules":["$Fusions"]
	  }
	],
	"sections":[
	  {
		"name":"Wind Crest Chest",
		"item_count":1,
		"access_rules":["$MinishWoods_F_PostMinishVillageChest_WindCrestChest,[$MinishWoods_F_PostMinishVillageChest_WindCrestChest_Y]","{$MinishWoods_F_PostMinishVillageChest_WindCrestChest_B}"],
		"chest_unopened_img":"images/items-map/chest_closed.png",
		"chest_opened_img":"images/items-map/chest_open.png"
	  }
	]
  }
]