[
  {
	"name":"Minish Woods Pre Stump Chest",
	"map_locations":[
	  {
		"map":"map",
		"x":2580,
		"y":1826,
        "restrict_visibility_rules":["$Fusions"]
	  }
	],
	"sections":[
	  {
		"name":"Chest",
		"item_count":1,
		"access_rules":["$MinishWoods_F_PreStumpChest_Chest,[$MinishWoods_F_PreStumpChest_Chest_Y]","{$MinishWoods_F_PreStumpChest_Chest_B}"],
		"chest_unopened_img":"images/items-map/chest_closed.png",
		"chest_opened_img":"images/items-map/chest_open.png"
	  }
	]
  }
]