[
  {
	"name":"North Field Digging Spot",
	"map_locations":[
	  {
		"map":"map",
		"x":1250,
		"y":800,
        "restrict_visibility_rules":["obscure_on"]
	  }
	],
	"sections":[
	  {
		"name":"Digging Spot",
		"item_count":1,
		"access_rules":["$NorthField_O_DiggingSpot_DiggingSpot,[$NorthField_O_DiggingSpot_DiggingSpot_Y]","{$NorthField_O_DiggingSpot_DiggingSpot_B}"],
		"chest_unopened_img":"images/items-map/chest_closed.png",
		"chest_opened_img":"images/items-map/chest_open.png"
	  }
	]
  }
]