{
    "shared_item_grid": {
        "type": "itemgrid",
        "h_alignment": "center",
        "item_margin": "1,2",
        "rows": [
			["smithsword","greensword","redsword","bluesword","foursword","wallet","earth","dwsx","cofx","fowx","todx","rcx","powx","dhc"],
			["beta","gust","cane","boomerang","wilds","10hearts","fire","dws_smallkey","cof_smallkey","fow_smallkey","tod_smallkey","rc_smallkey","pow_smallkey","dhc_smallkey"],
			["shield","mittsandfly","lamp","bombsremote","clouds","dogbottle","water","dws_bigkey","cof_bigkey","fow_bigkey","tod_bigkey","","pow_bigkey","dhc_bigkey"],
			["boots","cape","ocarina","bowandfly","falls","quiver","wind","dws_map","cof_map","fow_map","tod_map","","pow_map","dhc_map"],
			["flippersandfly","ringandbracelets","carlovtingle","nutandshroom","bothkeys","books","figurine","dws_compass","cof_compass","fow_compass","tod_compass","","pow_compass","dhc_compass"],
			["spinattack","fastspin","fastsplit","greatspin","longspin","perilbeam","swordbeam","rockbreaker","dashattack","downthrust","rollattack","sevenscrolls","gomode",""],
		]
    },
    "tracker_capture_item": {
        "type": "container",
        "content": {
            "type": "layout",
            "key": "shared_item_grid"
        }
    },
    "tracker_default": {
        "type": "container",
        //"width": 270,
        //"height": 250,
        "background": "#212121",
        "content": {
            "dropshadow": true,
            "margin": 5,
            "type": "layout",
            "key": "shared_item_grid"
        }
    }
}
