[
  {
    "name":"Inside Dungeons",
    "chest_opened_img":"images/items-map/chest_open.png",
    "chest_unopened_img":"images/items-map/chest_closed.png",
    "children":[
//RC
      {
        "name":"RC",
        "access_rules":["gravekey,$CanSplit3,boots,spinattack,bombs,[lamp]","gravekey,$CanSplit3,boots,spinattack,cape,[lamp]","gravekey,$CanSplit3,boots,spinattack,flippers,[lamp]"],
        "children":[
          {
            "name":"Gibdos",
            "map_locations":[
              {
                "map":"rc",
                "x":295,
                "y":805
              }
            ],
            "sections":[
              {
                "name":"First Gibdos",
                "item_count":1,
                "chest_unopened_img":"images/items-map/Small Key.png",
                "chest_opened_img":"images/items-map/Small Key Done.png"
              },
              {
                "name":"Other Gibdos",
                "item_count":1
              }
            ]
          },
          {
            "name":"Left Path",
            "access_rules":["cryptkey:1"],
            "map_locations":[
              {
                "map":"rc",
                "x":143,
                "y":85
              }
            ],
            "sections":[
              {
                "name":"Left Path",
                "item_count":1,
                "chest_unopened_img":"images/items-map/Small Key.png",
                "chest_opened_img":"images/items-map/Small Key Done.png"
              }
            ]
          },
          {
            "name":"Right Path",
            "access_rules":["cryptkey:1"],
            "map_locations":[
              {
                "map":"rc",
                "x":447,
                "y":85
              }
            ],
            "sections":[
              {
                "name":"Right Path",
                "item_count":1,
                "chest_unopened_img":"images/items-map/Small Key.png",
                "chest_opened_img":"images/items-map/Small Key Done.png"
              }
            ]
          },
          {
            "name":"King Gustaf",
            "access_rules":["lamp,cryptkey:3"],
            "map_locations":[
              {
                "map":"rc",
                "x":895,
                "y":75
              }
            ],
            "sections":[
              {
                "name":"King Gustaf",
                "item_count":1
              }
            ]
          }
        ]
      }
	]
  }
]