[
  {
	"name":"Hyrule Well",
	"map_locations":[
	  {
		"map":"map",
		"x":1500,
		"y":1425,
	  }
	],
	"sections":[
	  {
		"name":"Hyrule Well Bottom Chest",
		"item_count":1,
		"access_rules":["$Town_N_HyruleWell_HyruleWellBottomChest,[$Town_N_HyruleWell_HyruleWellBottomChest_Y]","{$Town_N_HyruleWell_HyruleWellBottomChest_B}"],
		"chest_unopened_img":"images/items-map/chest_closed.png",
		"chest_opened_img":"images/items-map/chest_open.png"
	  },
	  {
		"name":"Hyrule Well Center Chest",
		"item_count":1,
		"access_rules":["$Town_N_HyruleWell_HyruleWellCenterChest,[$Town_N_HyruleWell_HyruleWellCenterChest_Y]","{$Town_N_HyruleWell_HyruleWellCenterChest_B}"],
		"chest_unopened_img":"images/items-map/chest_closed.png",
		"chest_opened_img":"images/items-map/chest_open.png"
	  }
	]
  }
]