[
  {
	"name":"School",
	"map_locations":[
	  {
		"map":"map",
		"x":1500,
		"y":1050,
	  }
	],
	"sections":[
	  {
		"name":"Roof Chest",
		"item_count":1,
		"access_rules":["$Town_N_School_RoofChest,[$Town_N_School_RoofChest_Y]","{$Town_N_School_RoofChest_B}"],
		"chest_unopened_img":"images/items-map/chest_closed.png",
		"chest_opened_img":"images/items-map/chest_open.png"
	  },
	  {
		"name":"Pull the Statue",
		"item_count":1,
		"access_rules":["$Town_N_School_PulltheStatue,[$Town_N_School_PulltheStatue_Y]","{$Town_N_School_PulltheStatue_B}"],
		"chest_unopened_img":"images/items-map/chest_closed.png",
		"chest_opened_img":"images/items-map/chest_open.png"
	  }
	]
  }
]