[
  {
	"name":"Town Digging Cave",
	"map_locations":[
	  {
		"map":"map",
		"x":1465,
		"y":1275,
	  }
	],
	"sections":[
	  {
		"name":"Cave Chests",
		"item_count":1,	
		"access_rules":["$Town_N_TownDiggingCave_CaveChests,[$Town_N_TownDiggingCave_CaveChests_Y]","{$Town_N_TownDiggingCave_CaveChests_B}"],
		"chest_unopened_img":"images/items-map/chest_closed.png",
		"chest_opened_img":"images/items-map/chest_open.png"
	  },
	  {
		"name":"Town Basement Left",
		"item_count":1,
		"access_rules":["$Town_N_TownDiggingCave_TownBasementLeft,[$Town_N_TownDiggingCave_TownBasementLeft_Y]","{$Town_N_TownDiggingCave_TownBasementLeft_B}"],
		"chest_unopened_img":"images/items-map/chest_closed.png",
		"chest_opened_img":"images/items-map/chest_open.png"
	  }
	]
  }
]