[
  {
	"name":"Hylia Southern Heart Piece",
	"map_locations":[
	  {
		"map":"map",
		"x":2430,
		"y":1335,
	  }
	],
	"sections":[
	  {
		"name":"Heart Piece",
		"item_count":1,
        "capture_item":true,
		"access_rules":["$Hylia_N_HyliaSouthernHeartPiece_HeartPiece,[$Hylia_N_HyliaSouthernHeartPiece_HeartPiece_Y]","{$Hylia_N_HyliaSouthernHeartPiece_HeartPiece_B}"],
		"chest_unopened_img":"images/items-map/Heart Piece.png",
		"chest_opened_img":"images/items-map/Heart Piece Gray.png"
	  }
	]
  }
]