[
  {
	"name":"Hylia Cape Heart Piece",
	"map_locations":[
	  {
		"map":"map",
		"x":2475,
		"y":950,
	  }
	],
	"sections":[
	  {
		"name":"Cape Heart Piece",
		"item_count":1,
        "capture_item":true,
		"access_rules":["$Hylia_N_HyliaCapeHeartPiece_CapeHeartPiece,[$Hylia_N_HyliaCapeHeartPiece_CapeHeartPiece_Y]","{$Hylia_N_HyliaCapeHeartPiece_CapeHeartPiece_B}"],
		"chest_unopened_img":"images/items-map/Heart Piece.png",
		"chest_opened_img":"images/items-map/Heart Piece Gray.png"
	  }
	]
  }
]