[
  {
	"name":"Minish Woods North Minish Hole",
	"map_locations":[
	  {
		"map":"map",
		"x":2626,
		"y":1470,
	  }
	],
	"sections":[
	  {
		"name":"Minish Woods North Minish Hole",
		"item_count":1,
		"access_rules":["$Hylia_N_MinishWoodsNorthMinishHole_MinishWoodsNorthMinishHole,[$Hylia_N_MinishWoodsNorthMinishHole_MinishWoodsNorthMinishHole_Y]","{$Hylia_N_MinishWoodsNorthMinishHole_MinishWoodsNorthMinishHole_B}"],
		"chest_unopened_img":"images/items-map/chest_closed.png",
		"chest_opened_img":"images/items-map/chest_open.png"
	  }
	]
  }
]