[
  {
    "name": "map",
    "img": "images/maps/big_map.png",
    "location_size": 65
  },
  {
    "name": "entrance",
    "img": "images/maps/big_map.png",
    "location_size": 65
  },
  {
    "name":"mines",
    "img": "images/maps/Mines.png",
    "locations_size": 50
  },
  {
    "name":"dws",
    "img":"images/maps/DeepwoodShrineFix.png",
    "location_size": 50
  },
  {
    "name":"cof",
    "img":"images/maps/CaveOfFlames.png"
  },
  {
    "name":"fow",
    "img":"images/maps/FortressOfWinds.png"
  },
  {
    "name":"tod",
    "img":"images/maps/TempleOfDroplets.png"
  },
  {
    "name":"rc",
    "img":"images/maps/Royal_Crypt(mod).gif"
  },
  {
    "name":"pow",
    "img":"images/maps/PalaceOfWinds.png"
  },
  {
    "name":"dhc",
    "img":"images/maps/DarkHyruleCastle.png"
  }
]
