[
  // DWS
  {
    "name": "Deepwood Shrine",
    "type": "progressive_toggle",
    "capturable": false,
    "stages": [
      {
        "img":"images/donjons/chu.png",
        "codes":"dws,dwsunknown",
      },
      {
        "img": "images/donjons/chu_earth.png",
        "codes": "dws",
      },
      {
        "img": "images/donjons/chu_fire.png",
        "codes": "dws",
      },
      {
        "img": "images/donjons/chu_water.png",
        "codes": "dws",
      },
      {
        "img": "images/donjons/chu_wind.png",
        "codes": "dws",
      }
    ]
  },
  // COF
  {
    "name": "Cave of Flames",
    "type": "progressive_toggle",
    "capturable": false,
    "stages": [
      {
        "img":"images/donjons/gleerok.png",
        "codes":"cof,cofunknown",
      },
      {
        "img": "images/donjons/gleerok_earth.png",
        "codes": "cof",
      },
      {
        "img": "images/donjons/gleerok_fire.png",
        "codes": "cof",
      },
      {
        "img": "images/donjons/gleerok_water.png",
        "codes": "cof",
      },
      {
        "img": "images/donjons/gleerok_wind.png",
        "codes": "cof",
      }
    ]
  },
  // FOW
  {
    "name": "Fortress of Winds",
    "type": "progressive_toggle",
    "capturable": false,
    "stages": [
      {
        "img":"images/donjons/mazaal.png",
        "codes":"fow,fowunknown",
      },
      {
        "img": "images/donjons/mazaal_earth.png",
        "codes": "fow",
      },
      {
        "img": "images/donjons/mazaal_fire.png",
        "codes": "fow",
      },
      {
        "img": "images/donjons/mazaal_water.png",
        "codes": "fow",
      },
      {
        "img": "images/donjons/mazaal_wind.png",
        "codes": "fow",
      }
    ]
  },
  // TOD
  {
    "name": "Temple of Droplets",
    "type": "progressive_toggle",
    "capturable": false,
    "stages": [
      {
        "img":"images/donjons/octo.png",
        "codes":"tod,todunknown",
      },
      {
        "img": "images/donjons/octo_earth.png",
        "codes": "tod",
      },
      {
        "img": "images/donjons/octo_fire.png",
        "codes": "tod",
      },
      {
        "img": "images/donjons/octo_water.png",
        "codes": "tod",
      },
      {
        "img": "images/donjons/octo_wind.png",
        "codes": "tod",
      }
    ]
  },
  // RC
  {
    "name": "Royal Crypt",
    "type": "progressive_toggle",
    "capturable": false,
    "stages": [
      {
        "img":"images/donjons/gustaf.png",
        "codes":"rc,rcunknown",
      },
      {
        "img": "images/donjons/gustaf_earth.png",
        "codes": "rc",
      },
      {
        "img": "images/donjons/gustaf_fire.png",
        "codes": "rc",
      },
      {
        "img": "images/donjons/gustaf_water.png",
        "codes": "rc",
      },
      {
        "img": "images/donjons/gustaf_wind.png",
        "codes": "rc",
      }
    ]
  },
  // POW
  {
    "name": "Palace of Winds",
    "type": "progressive_toggle",
    "capturable": false,
    "stages": [
      {
        "img":"images/donjons/gyorg.png",
        "codes":"pow,powunknown",
      },
      {
        "img": "images/donjons/gyorg_earth.png",
        "codes": "pow",
      },
      {
        "img": "images/donjons/gyorg_fire.png",
        "codes": "pow",
      },
      {
        "img": "images/donjons/gyorg_water.png",
        "codes": "pow",
      },
      {
        "img": "images/donjons/gyorg_wind.png",
        "codes": "pow",
      }
    ]
  },
  // DHC
  {
    "name": "DHC",
    "type": "toggle",
	"img": "images/donjons/vaati.png",
	"codes": "dhc"
  },
]
