[
  {
    "name": "Deepwood Shrine",
    "short_name": "DWS",
    "chest_opened_img": "images/items-map/chest_open.png",
    "chest_unopened_img": "images/items-map/chest_closed.png",
    "access_rules": [
      "sword,jabber",
      "sword,flippers",
      "bombs,jabber",
      "bombs,flippers",
      "lights,jabber",
      "lights,flippers",
      "lamp,jabber",
      "lamp,flippers",
      "ocarina,flippers",
      "ocarina,jabber"
    ],
    "map_locations": [
      {
        "map": "map",
        "x": 2282,
        "y": 1800
      }
    ],
    "sections": [
      {
        "name": "Slug Room",
        "item_count": 1
      },
      {
        "name": "Upstairs Chest",
        "access_rules": [
          "gust",
          "lamp"
        ],
        "item_count": 1
      },
      {
        "name": "Barrel Room Northwest",
        "access_rules": [
          "bombs,dws_smallkey:1",
          "gust,dws_smallkey:1"
        ],
        "item_count": 1
      },
      {
        "name": "West Side Big Chest",
        "access_rules": [
          "dws_smallkey:1"
        ],
        "item_count": 1,
        "chest_unopened_img": "images/items-map/big_chest_closed.png",
        "chest_opened_img": "images/items-map/big_chest_open.png"
      },
      {
        "name": "Two Statue Room",
        "access_rules": [
          "dws_smallkey:1"
        ],
        "item_count": 1
      },
      {
        "name": "Mulldozer Key",
        "access_rules": [
          "[$canDamage],$canDamage_off,[dws_smallkey:4],dws_smallkey:2"
        ],
        "item_count": 1,
        "chest_unopened_img": "images/items-map/Small Key.png",
        "chest_opened_img": "images/items-map/Small Key Done.png"
      },
      {
        "name": "Two Lamp Chest",
        "access_rules": [
          "bombs,dws_smallkey:2",
          "gust,dws_smallkey:1"
        ],
        "item_count": 1
      },
      {
        "name": "Basement Switch Room Big Chest",
        "access_rules": [
          "gust, dws_smallkey:1",
          "dws_smallkey:2"
        ],
        "item_count": 1,
        "chest_unopened_img": "images/items-map/big_chest_closed.png",
        "chest_opened_img": "images/items-map/big_chest_open.png"
      },
      {
        "name": "Basement Switch Chest",
        "short_name": "Basement Switch Chest",
        "access_rules": [
          "gust,dws_smallkey:1",
          "cape,dws_smallkey:2"
        ],
        "item_count": 1
      },
      {
        "name": "Blue Warp Heart Piece",
        "short_name": "Blue Warp HP",
        "access_rules": [
          "bombs,dws_smallkey:2",
          "gust,dws_smallkey",
          "{dws_smallkey:2}"
        ],
        "capture_item": true,
        "item_count": 1,
        "chest_unopened_img": "images/items-map/Heart Piece.png",
        "chest_opened_img": "images/items-map/Heart Piece Gray.png"
      },
      {
        "name": "Puffstool Room",
        "access_rules": [
          "bombs,dws_smallkey:2",
          "gust,dws_smallkey:1"
        ],
        "item_count": 2
      },
      {
        "name": "Madderpillar Chest",
        "access_rules": [
          "[$canDamage],$canDamage_off,[dws_smallkey:4],dws_smallkey:3",
          "dws_smallkey:2,lamp,[$canDamage],$canDamage_off",
          "[lamp],dws_smallkey:2,gust,[$canDamage],$canDamage_off",
          "dws_smallkey:1,lamp,gust,[$canDamage],$canDamage_off"
        ],
        "item_count": 1,
        "chest_unopened_img": "images/items-map/big_chest_closed.png",
        "chest_opened_img": "images/items-map/big_chest_open.png"
      },
      {
        "name": "Madderpillar Heart Piece",
        "short_name": "Madderpillar HP",
        "access_rules": [
          "[dws_smallkey:4],dws_smallkey:3,lamp",
          "[dws_smallkey:4],dws_smallkey:3,gust",
          "dws_smallkey:2,lamp",
          "[lamp],dws_smallkey:2,gust",
          "dws_smallkey:1,lamp,gust",
          "{dws_smallkey:1}"
        ],
        "capture_item": true,
        "item_count": 1,
        "chest_unopened_img": "images/items-map/Heart Piece.png",
        "chest_opened_img": "images/items-map/Heart Piece Gray.png"
      },
      {
        "name": "Basement Big Chest",
        "access_rules": [
          "gust,[dws_smallkey:4],dws_smallkey:2"
        ],
        "item_count": 1,
        "chest_unopened_img": "images/items-map/big_chest_closed.png",
        "chest_opened_img": "images/items-map/big_chest_open.png"
      },
      {
        "name": "Green Chu",
        "access_rules": [
          "gust,sword,dws_bigkey"
        ],
        "item_count": 1,
        "chest_unopened_img": "images/items-map/Heart Container.png",
        "chest_opened_img": "images/items-map/Heart Container Gray.png"
      }
    ]
  }
]