[
  {
	"name":"Northwest Grave",
    "chest_unopened_img":"images/items-map/chest_closed.png",
    "chest_opened_img":"images/items-map/chest_open.png",
	"access_rules":["$RV_N_NorthwestGrave,[$RV_N_NorthwestGrave_Y]","{$RV_N_NorthwestGrave_B}"],
	"map_locations": [
	  {
		"map":"map",
		"x":725,
		"y":200,
		"restrict_visibility_rules":["fusions_none"]
	  }
	],
	"sections":[
	  {
		"name":"Northwest Grave",
		"item_count": 1,
		"chest_unopened_img":"images/items-map/Heart Piece.png",
		"chest_opened_img":"images/items-map/Heart Piece Gray.png"
	  }
	]
  }
]