[
	{
		"name":"Fusions",
		"chest_unopened_img":"images/Kinstone Bag (Medium).png",
		"chest_opened_img":"images/Kinstone Bag (Medium) Gray.png",	
		"children":
		[
			//Hyrule Town
			{
				"name":"General Fusions",
				"map_locations":
				[
					{
						"map":"map",
						"x":1200,
						"y":1900,
						"visibility_rules":["fusions_Rando"]
					}
				],
				"sections":
				[
					{
						"name":"HurdyGurdyFusion",
                        "item_count":1
					},
					{
						"name":"LonLonPool",
                        "item_count":1
					},
					{
						"name":"WarpTile",
                        "item_count":1
					}
				]
			},
			{
				"name":"General Fusions",
				"map_locations":
				[
					{
						"map":"map",
						"x":1400,
						"y":1900,
						"visibility_rules":["fusions_Rando"]
					}
				],
				"sections":
				[
					{
						"name":"MinishEastChest",
                        "item_count":1
					},
					{
						"name":"MinishNorthChest",
                        "item_count":1
					},
					{
						"name":"LinkHousePool",
                        "item_count":1
					},
					{
						"name":"HyruleCastleRope",
                        "item_count":1
					},
					{
						"name":"HyruleCastlePoolLeft",
                        "item_count":1
					},
					{
						"name":"LonLonNorthChest",
                        "item_count":1
					},
					{
						"name":"SchoolGardenPathChest",
                        "item_count":1
					},
					{
						"name":"PreRoyalValleyChest",
                        "item_count":1
					},
					{
						"name":"LonLonPathChest",
                        "item_count":1
					},
					{
						"name":"HillsRope",
                        "item_count":1
					},
					{
						"name":"MinishWestChest",
                        "item_count":1
					},
					{
						"name":"PreRoyalValleyChest",
                        "item_count":1
					},
					{
						"name":"PreRoyalValleyChest",
                        "item_count":1
					},
					{
						"name":"PreRoyalValleyChest",
                        "item_count":1
					},
					{
						"name":"PreRoyalValleyChest",
                        "item_count":1
					},
					{
						"name":"PreRoyalValleyChest",
                        "item_count":1
					},
					{
						"name":"PreRoyalValleyChest",
                        "item_count":1
					},
					{
						"name":"PreRoyalValleyChest",
                        "item_count":1
					},
					{
						"name":"PreRoyalValleyChest",
                        "item_count":1
					},
					{
						"name":"PreRoyalValleyChest",
                        "item_count":1
					},
					{
						"name":"PreRoyalValleyChest",
                        "item_count":1
					},
					{
						"name":"PreRoyalValleyChest",
                        "item_count":1
					},
					{
						"name":"PreRoyalValleyChest",
                        "item_count":1
					},
					{
						"name":"PreRoyalValleyChest",
                        "item_count":1
					},
					{
						"name":"PreRoyalValleyChest",
                        "item_count":1
					}
				]
			}
		]
	}
]