[
  {
	"name":"Goron Quest",
	"map_locations":[
	  {
		"map":"map",
		"x":1750,
		"y":1365,
        "restrict_visibility_rules":["$Fusions"]
	  }
	],
	"sections":[
	  {
		"name":"Small Chest",
		"item_count":1,
		"access_rules":["$LonLon_F_GoronQuest_SmallChest,[$LonLon_F_GoronQuest_SmallChest_Y]","{$LonLon_F_GoronQuest_SmallChest_B}"],
		"chest_unopened_img":"images/items-map/chest_closed.png",
		"chest_opened_img":"images/items-map/chest_open.png"
	  },
	  {
		"name":"Big Chest",
		"item_count":1,
		"access_rules":["$LonLon_F_GoronQuest_BigChest,[$LonLon_F_GoronQuest_BigChest_Y]","{$LonLon_F_GoronQuest_BigChest_B}"],
		"chest_unopened_img":"images/items-map/big_chest_closed.png",
		"chest_opened_img":"images/items-map/big_chest_open.png"
	  }
	]
  }
]