[
  {
	"name":"Lon Lon Dried Up Pond",
	"map_locations":[
	  {
		"map":"map",
		"x":1995,
		"y":1140,
        "restrict_visibility_rules":["$Fusions"]
	  }
	],
	"sections":[
	  {
		"name":"Lon Lon Pond",
		"item_count":1,
		"access_rules":["$LonLon_F_LonLonDriedUpPond_LonLonPond,[$LonLon_F_LonLonDriedUpPond_LonLonPond_Y]","{$LonLon_F_LonLonDriedUpPond_LonLonPond_B}"],
		"chest_unopened_img":"images/items-map/chest_closed.png",
		"chest_opened_img":"images/items-map/chest_open.png"
	  }
	]
  }
]