[
  {
    "name":"Inside Dungeons",
    "chest_opened_img":"images/items-map/chest_open.png",
    "chest_unopened_img":"images/items-map/chest_closed.png",
    "children":[
	      //TOD
      {
        "name":"Temple of Droplets",
        "access_rules":[
          "llrkey,$Sword1,flippers",
          "llrkey,bombs,flippers",
          "llrkey,lamp,flippers",
          "llrkey,lights,flippers",
          "$Sword1,flippers,mitts",
          "bombs,flippers,mitts",
          "lamp,flippers,mitts",
          "lights,flippers,mitts",
          "cape,$Sword1",
          "cape,bombs,",
          "cape,lamp",
          "cape,lights",
          "ocarina,flippers",
          "ocarina,cape"],
        "children":[
          {
            "name":"First Ice Block",
            "map_locations":[
              {
                "map":"tod",
                "x":1225,
                "y":110
              }
            ],
            "sections":[
              {
                "name":"First Ice Block",
                "item_count":1
              }
            ]
          },
          {
            "name":"Key Locked Ice Block",
            "access_rules":["[tod_smallkey:4],tod_smallkey:1"],
            "map_locations":[
              {
                "map":"tod",
                "x":905,
                "y":140
              }
            ],
            "sections":[
              {
                "name":"Key Locked Ice Block",
                "item_count":1
              }
            ]
          },
          {
            "name":"Post Madderpillar Chest",
            "access_rules":["tod_bigkey,[tod_smallkey:4],tod_smallkey:1,gust,flippers,$Sword1","tod_bigkey,[tod_smallkey:4],tod_smallkey:1,gust,cape,lamp,$Sword1"],
            "map_locations":[
              {
                "map":"tod",
                "x":1505,
                "y":1215
              }
            ],
            "sections":[
              {
                "name":"Post Madderpillar Chest",
                "item_count":1,
                "chest_unopened_img":"images/items-map/big_chest_closed.png",
                "chest_opened_img":"images/items-map/big_chest_open.png"
              }
            ]
          },
          {
            "name":"Underwater Pot",
            "access_rules":["flippers,gust,tod_bigkey","flippers,cape,tod_bigkey"],
            "map_locations":[
              {
                "map":"tod",
                "x":910,
                "y":1420
              }
            ],
            "sections":[
              {
                "name":"Underwater Pot",
                "item_count":1,
                "chest_unopened_img":"images/items-map/Small Key.png",
                "chest_opened_img":"images/items-map/Small Key Done.png"
              }
            ]
          },
          {
            "name":"Overhang Chest",
            "access_rules":["tod_bigkey"],
            "map_locations":[
              {
                "map":"tod",
                "x":740,
                "y":2925
              }
            ],
            "sections":[
              {
                "name":"Overhang Chest",
                "item_count":1,
                "chest_unopened_img":"images/items-map/big_chest_closed.png",
                "chest_opened_img":"images/items-map/big_chest_open.png"
              }
            ]
          },
          {
            "name":"Left Path Rupees",
            "access_rules":["tod_bigkey"],
            "map_locations":[
              {
                "map":"tod",
                "x":690,
                "y":2815,
                "force_invisibility_rules":["rupees_off"]
              }
            ],
            "sections":[
              {
                "name":"Left Path Rupees",
                "item_count":5,
              }
            ]
          },
          {
            "name":"Right Path Rupees",
            "access_rules":["tod_bigkey,[tod_smallkey:4],tod_smallkey:1,lamp,[$CanDamage],$CanDamageOff",
            "tod_bigkey,[tod_smallkey:4],tod_smallkey:1,cape,gust,flippers,[lamp]"],
            "map_locations":[
              {
                "map":"tod",
                "x":1450,
                "y":517,
                "force_invisibility_rules":["rupees_off"]
              }
            ],
            "sections":[
              {
                "name":"Right Path Rupees",
                "item_count":5,
              }
            ]
          },
          {
            "name":"Upper Underwater Rupees",
            "access_rules":["tod_bigkey,flippers"],
            "map_locations":[
              {
                "map":"tod",
                "x":370,
                "y":2350,
                "restrict_visibility_rules":["rupees_on,obscure_on"]
              }
            ],
            "sections":[
              {
                "name":"Upper Underwater Rupees",
                "item_count":6,
              }
            ]
          },
          {
            "name":"Lower Underwater Rupees",
            "access_rules":["flippers,gust,tod_bigkey","flippers,cape,tod_bigkey"],
            "map_locations":[
              {
                "map":"tod",
                "x":600,
                "y":1215,
                "restrict_visibility_rules":["rupees_on,obscure_on"]
              }
            ],
            "sections":[
              {
                "name":"Lower Underwater Rupees",
                "item_count":6,
              }
            ]
          },
          {
            "name":"Ice Puzzle Free Chest",
            "access_rules":["gust,flippers,tod_bigkey,[tod_smallkey:4],tod_smallkey:1","cape,lamp,[$CanDamage],$CanDamageOff,tod_bigkey,[tod_smallkey:4],tod_smallkey:1"],
            "map_locations":[
              {
                "map":"tod",
                "x":1000,
                "y":830
              }
            ],
            "sections":[
              {
                "name":"Ice Puzzle Free Chest",
                "item_count":1
              }
            ]
          },
          {
            "name":"Ice Puzzle Frozen Chest",
            "access_rules":["gust,flippers,lamp,tod_bigkey,[tod_smallkey:4],tod_smallkey:1","lamp,[$CanDamage],$CanDamageOff,cape,tod_bigkey,[tod_smallkey:4],tod_smallkey:1"],
            "map_locations":[
              {
                "map":"tod",
                "x":1110,
                "y":975
              }
            ],
            "sections":[
              {
                "name":"Ice Puzzle Frozen Chest",
                "item_count":1
              }
            ]
          },
          {
            "name":"Post Ice Puzzle Frozen Chest",
            "access_rules":["gust,flippers,lamp,tod_bigkey,[tod_smallkey:4],tod_smallkey:1",
			"gust,cape,lamp,tod_bigkey,[tod_smallkey:4],tod_smallkey:1,[$CanDamage],$CanDamageOff"],
            "map_locations":[
              {
                "map":"tod",
                "x":695,
                "y":1025
              }
            ],
            "sections":[
              {
                "name":"Post Ice Puzzle Frozen Chest",
                "item_count":1
              }
            ]
          },
          {
            "name":"Right Path Ice Walkway First Chest",
            "access_rules":["gust,flippers,$Sword3,spinattack,tod_bigkey,[tod_smallkey:4],tod_smallkey:1","lamp,tod_bigkey"],
            "map_locations":[
              {
                "map":"tod",
                "x":1475,
                "y":2365
              }
            ],
            "sections":[
              {
                "name":"Right Path Ice Walkway First Chest",
                "item_count":1
              }
            ]
          },
          {
            "name":"Right Path Ice Walkway Second Chest",
            "access_rules":["gust,flippers,$Sword3,spinattack,tod_bigkey,[tod_smallkey:4],tod_smallkey:1","lamp,tod_bigkey"],
            "map_locations":[
              {
                "map":"tod",
                "x":1680,
                "y":2545
              }
            ],
            "sections":[
              {
                "name":"Right Path Ice Walkway Second Chest",
                "item_count":1
              }
            ]
          },
          {
            "name":"Right Path Ice Walkway Pot",
            "access_rules":["gust,flippers,$Sword3,spinattack,tod_bigkey,[tod_smallkey:4],tod_smallkey:1","lamp,tod_bigkey"],
            "map_locations":[
              {
                "map":"tod",
                "x":1780,
                "y":2780,
                "force_invisibility_rules":["obscure_off"]
              }
            ],
            "sections":[
              {
                "name":"Right Path Ice Walkway Pot",
                "item_count":1
              }
            ]
          },
          {
            "name":"Blue Chu",
            "access_rules":["gust,flippers,$Sword3,spinattack,tod_bigkey,[tod_smallkey:4],tod_smallkey:2",
              "gust,lamp,$Sword1,tod_bigkey,[tod_smallkey:4],tod_smallkey:1",
              "gust,lamp,bombs,tod_bigkey,[tod_smallkey:4],tod_smallkey:1"],
            "map_locations":[
              {
                "map":"tod",
                "x":1440,
                "y":3010
              }
            ],
            "sections":[
              {
                "name":"Blue Chu",
                "item_count":1,
                "chest_unopened_img":"images/items-map/big_chest_closed.png",
                "chest_opened_img":"images/items-map/big_chest_open.png"
              }
            ]
          },
          {
            "name":"Basement Frozen Chest",
            "access_rules":["gust,flippers,$Sword3,spinattack,tod_bigkey,[tod_smallkey:4],tod_smallkey","lamp,tod_bigkey"],
            "map_locations":[
              {
                "map":"tod",
                "x":1720,
                "y":1440
              }
            ],
            "sections":[
              {
                "name":"Basement Frozen Chest",
                "item_count":1
              }
            ]
          },
          {
            "name":"Post Blue Chu Frozen Chest",
            "access_rules":["lamp,tod_bigkey"],
            "map_locations":[
              {
                "map":"tod",
                "x":1385,
                "y":1235
              }
            ],
            "sections":[
              {
                "name":"Post Blue Chu Frozen Chest",
                "item_count":1
              }
            ]
          },
          {
            "name":"Dark Maze Bottom",
            "access_rules":["lamp,[$CanDamage],$CanDamageOff,tod_bigkey"],
            "map_locations":[
              {
                "map":"tod",
                "x":1895,
                "y":1120
              }
            ],
            "sections":[
              {
                "name":"Dark Maze Bottom",
                "item_count":1
              }
            ]
          },
          {
            "name":"Dark Maze Top Left",
            "access_rules":["lamp,[$CanDamage],$CanDamageOff,tod_bigkey"],
            "map_locations":[
              {
                "map":"tod",
                "x":1850,
                "y":800
              }
            ],
            "sections":[
              {
                "name":"Dark Maze Top Left",
                "item_count":1
              }
            ]
          },
          {
            "name":"Dark Maze Top Right",
            "access_rules":["lamp,[$CanDamage],$CanDamageOff,tod_bigkey"],
            "map_locations":[
              {
                "map":"tod",
                "x":1990,
                "y":720
              }
            ],
            "sections":[
              {
                "name":"Dark Maze Top Right",
                "item_count":1
              }
            ]
          },
          {
            "name":"Dark Maze Bombable Wall",
            "access_rules":["lamp,[$CanDamage],$CanDamageOff,bombs,tod_bigkey"],
            "map_locations":[
              {
                "map":"tod",
                "x":1670,
                "y":975
              }
            ],
            "sections":[
              {
                "name":"Dark Maze Bombable Wall",
                "item_count":1,
                "chest_unopened_img":"images/items-map/Small Key.png",
                "chest_opened_img":"images/items-map/Small Key Done.png"
              }
            ]
          },
          {
            "name":"Octo",
            "access_rules":["gust,flippers,lamp,bombs,$Sword3,spinattack,tod_bigkey,[tod_smallkey:4],tod_smallkey:1","[flippers],cape,lamp,bombs,$Sword3,spinattack,tod_bigkey,[tod_smallkey:4],tod_smallkey:1"],
            "map_locations":[
              {
                "map":"tod",
                "x":1040,
                "y":2875
              }
            ],
            "sections":[
              {
                "name":"Octo",
                "item_count":1,
                "chest_unopened_img":"images/items-map/Heart Container.png",
                "chest_opened_img":"images/items-map/Heart Container Gray.png"
              }
            ]
          }
        ]
      }
	]
  }
]