{
    "shared_item_grid": {
        "type": "itemgrid",
        "h_alignment": "center",
        "item_margin": "1,2",
        "rows": [
			["sword","gust","cane","boomerang","wallet","spinattack","fastspin"],
			["shield","mittsandfly","lamp","bombsremote","wilds","rockbreaker","rollattack"],
			["boots","cape","flute","bowandfly","clouds","dashattack","perilbeam"],
			["grip","jabber","carlov","quiver","falls","swordbeam","downthrust"],
			["bracelets","mushroom","trophy","gravekey","llrkey","greatspin","longspin"],
			["10hearts","flippersandfly","dogbottle","books","figurine","fastsplit","sevenscrolls"],
			["","earth","fire","gomode","water","wind",""],
			["dws","cof","fow","tod","rc","pow","dhc"],
			["dws_smallkey","cof_smallkey","fow_smallkey","tod_smallkey","cryptkey","pow_smallkey","explicit_dhc_smallkey"],
			["dws_bigkey","cof_bigkey","fow_bigkey","tod_bigkey","","pow_bigkey","explicit_dhc_bigkey"],
			["dws_cm","cof_cm","fow_cm","tod_cm","","pow_cm","dhc_cm"]
        ]
    },
    "tracker_capture_item": {
        "type": "container",
        "content": {
            "type": "layout",
            "key": "shared_item_grid"
        }
    },
    "tracker_default": {
        "type": "container",
        "width": 270,
        //"height": 250,
        "background": "#212121",
        "content": {
            "dropshadow": true,
            "margin": 5,
            "type": "layout",
            "key": "shared_item_grid"
        }
    }
}
