[
  {
	"name":"Hearth Back Door Heart Piece",
	"map_locations":[
	  {
		"map":"map",
		"x":1610,
		"y":1275,
        "restrict_visibility_rules":["obscure_on"]
	  }
	],
	"sections":[
	  {
		"name":"Hearth Back Door Heart Piece",
		"item_count":1,
		"access_rules":["$Town_O_HearthBackDoorHeartPiece_HearthBackDoorHeartPiece,[$Town_O_HearthBackDoorHeartPiece_HearthBackDoorHeartPiece_Y]","{$Town_O_HearthBackDoorHeartPiece_HearthBackDoorHeartPiece_B}"],
		"chest_unopened_img":"images/items-map/Heart Piece.png",
		"chest_opened_img":"images/items-map/Heart Piece Gray.png"
		},
		{
			"name":"Hearth Right Pot",
			"item_count":1,
			"access_rules":["$Town_O_HearthBackDoorHeartPiece_HearthRightPot,[$Town_O_HearthBackDoorHeartPiece_HearthRightPot_Y]","{$Town_O_HearthBackDoorHeartPiece_HearthRightPot_B}"],
			"chest_unopened_img":"images/items-map/chest_closed.png",
			"chest_opened_img":"images/items-map/chest_open.png"
		}
	]
  }
]