[
  {
	"name":"Castle - Moat",
	"map_locations":[
	  {
		"map":"map",
		"x":1050,
		"y":450, 
	  }
	],
	"sections":[
	  {
		"name":"Left Chest",
		"access_rules":["$Json_Castle_Moat_LeftChest"],
		"chest_unopened_img":"images/items-map/chest_closed.png",
		"chest_opened_img":"images/items-map/chest_open.png",
		"item_count":1
	  },
	  {
		"name":"Right Chest",
		"access_rules":["$Json_Castle_Moat_RightChest"],
		"chest_unopened_img":"images/items-map/chest_closed.png",
		"chest_opened_img":"images/items-map/chest_open.png",
		"item_count":1
	  }
	]
  },
  {
	"name":"Castle - Dojo",
	"map_locations": [
	  {
		"map":"map",
		"x":1610,
		"y":360,
	  }
	],
	"sections": [
	  {
		"name":"Grimblade",
		"access_rules":["$Json_Castle_Dojo_Grimblade"],
		"item_count":1,
		"chest_unopened_img":"images/items-map/Tiger Scroll.png",
		"chest_opened_img":"images/items-map/Tiger Scroll Done.png"
	  },
	  {
		"name":"Heart Piece",
		"access_rules":["$Json_Castle_Dojo_HeartPiece"],
		"item_count":1,
		"chest_unopened_img":"images/items-map/Heart Piece.png",
		"chest_opened_img":"images/items-map/Heart Piece Gray.png"
	  },
	  {
		"name":"Fuzer Grimblade",
		"hosted_item":"fusions1d",
		"visibility_rules":["fusionred_vanilla,openworld_off"],
		"access_rules":["$Json_Castle_Dojo_Fuzer"],
	  }
	]
  },
  {
	"name":"Castle - Rope Golden",
	"map_locations":[
	  {
		"map":"map",
		"x":1610,
		"y":300, 
		"restrict_visibility_rules":["$FusionsGreen,golden_enemy_on"]
	  }
	],
	"sections":[
	  {
		"name":"Kill",
		"access_rules":["$Json_Castle_RopeGolden_Kill"],
		"chest_unopened_img":"images/items-map/chest_closed.png",
		"chest_opened_img":"images/items-map/chest_open.png",
		"item_count":1
	  }
	]
  },
  {
	"name":"Castle - Minish Crack",
	"map_locations":[
	  {
		"map":"map",
		"x":1610,
		"y":160,
	  }
	],
	"sections":[
	  {
		"name":"Fuzer Forest Minish",
		"hosted_item":"fusions4c",
		"visibility_rules":["fusiongreen_vanilla,openworld_off"],
		"access_rules":["$Json_Castle_MinishCrack_Fuzer"],
		"chest_unopened_img":"images/items-map/KinstoneGreenN.png",
		"chest_opened_img":"images/items-map/KinstoneGreenNGray.png"
	  }
	]
  },
  {
	"name":"Castle - Right Fountain",
	"map_locations":[
	  {
		"map":"map",
		"x":1505,
		"y":160,
		"restrict_visibility_rules":["$FusionsRed"]
	  }
	],
	"sections":[
	  {
		"name":"Dry Fountain",
		"access_rules":["$Json_Castle_RightFountain_DryFountain"],
		"item_count":1,
		"chest_unopened_img":"images/items-map/Heart Piece.png",
		"chest_opened_img":"images/items-map/Heart Piece Gray.png"
	  },
	  {
		"name":"Minish Hole",
		"item_count":1,
		"access_rules":["$Json_Castle_RightFountain_MinishHole"],
		"chest_unopened_img":"images/items-map/chest_closed.png",
		"chest_opened_img":"images/items-map/chest_open.png",
	  }
	]
  },
  {
	"name":"Castle - Left Fountain",
	"map_locations":[
	  {
		"map":"map",
		"x":1140,
		"y":160,
		"restrict_visibility_rules":["$FusionsGreen"]
	  }
	],
	"sections":[
	  {
		"name":"Minish Hole",
		"item_count":1,
		"access_rules":["$Json_Castle_LeftFountain_MinishHole"],
		"chest_unopened_img":"images/items-map/chest_closed.png",
		"chest_opened_img":"images/items-map/chest_open.png",
	  }
	]
  }
]