[
  {
	"name":"Clouds - Fuzer",
	"map_locations":[
	  {
		"map":"map",
		"x":2970,
		"y":1110
	  }
	],
	"sections":[
	  {
		"name":"Fuzer Gale",
		"hosted_item":"fusions13",
		"visibility_rules":["fusionred_vanilla,openworld_off"],
		"access_rules":["$Json_Clouds_Fuzer_Fuzer1"],
	  },
	  {
		"name":"Fuzer Hailey",
		"hosted_item":"fusions4a",
		"visibility_rules":["fusiongreen_vanilla,openworld_off"],
		"access_rules":["$Json_Clouds_Fuzer_Fuzer2"],
	  },
	]
  },
  {
	"name":"Clouds - Central Fusion",
	"map_locations":[
	  {
		"map":"map",
		"x":3150,
		"y":1110
	  }
	],
	"sections":[
	  {
		"name":"Fusion",
		"item_count":1,
		"access_rules":["$Json_Clouds_CentralFusion_Fusion"],
		"chest_unopened_img": "images/items-map/Gold Kinstone (Clouds).png",
		"chest_opened_img": "images/items-map/Gold Kinstone (Clouds) Gray.png"
	}
	]
  },
  {
	"name":"Clouds - Bottom Left Digging Spot",
	"map_locations":[
	  {
		"map":"map",
		"x":2670,
		"y":730,
		"restrict_visibility_rules":["digging_on"]
	  }
	],
	"sections":[
	  {
		"name":"Digging",
		"item_count":1,
		"access_rules":["$Json_Clouds_BottomLeftDiggingSpot_Digging"],
		"chest_unopened_img":"images/items-map/chest_closed.png",
		"chest_opened_img":"images/items-map/chest_open.png"
	  }
	]
  },
  {
	"name":"Clouds - Top Right Digging Spot",
	"map_locations":[
	  {
		"map":"map",
		"x":3300,
		"y":175,
		"restrict_visibility_rules":["digging_on"]
	  }
	],
	"sections":[
	  {
		"name":"Digging",
		"item_count":1,
		"access_rules":["$Json_Clouds_TopRightDiggingSpot_Digging"],
		"chest_unopened_img":"images/items-map/chest_closed.png",
		"chest_opened_img":"images/items-map/chest_open.png"
	  }
	]
  },
  {
	"name":"Clouds - Top Left North Chests",
	"map_locations":[
	  {
		"map":"map",
		"x":2730,
		"y":150
	  }
	],
	"sections":[
		{
		  "name":"Chests",
		  "item_count":2,
		  "access_rules":["$Json_Clouds_TopLeftNorthChests_Chests"],
		  "chest_unopened_img":"images/items-map/chest_closed.png",
		  "chest_opened_img":"images/items-map/chest_open.png"
		},
		{
		  "name":"Digging",
		  "item_count":1,
		  "visibility_rules":["digging_on"],
		  "access_rules":["$Json_Clouds_TopLeftNorthChests_Digging"],
		  "chest_unopened_img":"images/items-map/chest_closed.png",
		  "chest_opened_img":"images/items-map/chest_open.png"
		}
	]
  },
  {
	"name":"Clouds - Southeast South Digging Spot",
	"map_locations":[
	  {
		"map":"map",
		"x":3300,
		"y":730,
		"restrict_visibility_rules":["digging_on"]
	  }
	],
	"sections":[
	  {
		"name":"Digging",
		"item_count":1,
		"access_rules":["$Json_Clouds_SoutheastSouthDiggingSpot_Digging"],
		"chest_unopened_img":"images/items-map/chest_closed.png",
		"chest_opened_img":"images/items-map/chest_open.png"
	  }
	]
  },
  {
	"name":"Clouds - Southeast North Digging Spot",
	"map_locations":[
	  {
		"map":"map",
		"x":3300,
		"y":600,
		"restrict_visibility_rules":["digging_on"]
	  }
	],
	"sections":[
	  {
		"name":"Digging",
		"item_count":1,
		"access_rules":["$Json_Clouds_SoutheastNorthDiggingSpot_Digging"],
		"chest_unopened_img":"images/items-map/chest_closed.png",
		"chest_opened_img":"images/items-map/chest_open.png"
	  }
	]
  },
  {
	"name":"Clouds - South Digging Spot",
	"map_locations":[
	  {
		"map":"map",
		"x":3150,
		"y":730,
		"restrict_visibility_rules":["digging_on"]
	  }
	],
	"sections":[
	  {
		"name":"Digging",
		"item_count":1,
		"access_rules":["$Json_Clouds_SouthDiggingSpot_Digging"],
		"chest_unopened_img":"images/items-map/chest_closed.png",
		"chest_opened_img":"images/items-map/chest_open.png"
	  }
	]
  },
  {
	"name":"Clouds - Center Digging Spot",
	"map_locations":[
	  {
		"map":"map",
		"x":2920,
		"y":550,
		"restrict_visibility_rules":["digging_on"]
	  }
	],
	"sections":[
	  {
		"name":"Digging",
		"item_count":1,
		"access_rules":["$Json_Clouds_CenterDiggingSpot_Digging"],
		"chest_unopened_img":"images/items-map/chest_closed.png",
		"chest_opened_img":"images/items-map/chest_open.png"
	  }
	]
  },
  {
	"name":"Clouds - Kill Piranhas (North)",
	"map_locations":[
	  {
		"map":"map",
		"x":2970,
		"y":840
	  }
	],
	"sections":[
	  {
		"name":"Kill",
		"item_count":1,
		"access_rules":["$Json_Clouds_KillPiranhasNorth_Kill"],
		"chest_unopened_img":"images/items-map/chest_closed.png",
		"chest_opened_img":"images/items-map/chest_open.png"
	  }
	]
  },
  {
	"name":"Clouds - Kill Piranhas (South)",
	"map_locations":[
	  {
		"map":"map",
		"x":3010,
		"y":1270
	  }
	],
	"sections":[
	  {
		"name":"Kill",
		"item_count":1,
		"access_rules":["$Json_Clouds_KillPiranhasSouth_Kill"],
		"chest_unopened_img":"images/items-map/chest_closed.png",
		"chest_opened_img":"images/items-map/chest_open.png"
	  }
	]
  },
  {
	"name":"Clouds - Right Chest",
	"map_locations":[
	  {
		"map":"map",
		"x":3290,
		"y":450
	  }
	],
	"sections":[
	  {
		"name":"Chest",
		"item_count":1,
		"access_rules":["$Json_Clouds_RightChest_Chest"],
		"chest_unopened_img":"images/items-map/chest_closed.png",
		"chest_opened_img":"images/items-map/chest_open.png"
	  }
	]
  },
  {
	"name":"Clouds - Top Left Fusion",
	"map_locations":[
	  {
		"map":"map",
		"x":2700,
		"y":830
	  }
	],
	"sections":[
	  {
		"name":"Fusion",
		"item_count":1,
		"access_rules":["$Json_Clouds_TopLeftFusion_Fusion"],
		"chest_unopened_img": "images/items-map/Gold Kinstone (Clouds).png",
		"chest_opened_img": "images/items-map/Gold Kinstone (Clouds) Gray.png"
	  }
	]
  },
  {
	"name":"Clouds - Top Left South Chest",
	"map_locations":[
	  {
		"map":"map",
		"x":2710,
		"y":260
	  }
	],
	"sections":[
	  {
		"name":"Chest",
		"item_count":1,
		"access_rules":["$Json_Clouds_TopLeftSouthChest_Chest"],
		"chest_unopened_img":"images/items-map/chest_closed.png",
		"chest_opened_img":"images/items-map/chest_open.png"
	  }
	]
  },
  {
	"name":"Clouds - Top Right Fusion",
	"map_locations":[
	  {
		"map":"map",
		"x":3275,
		"y":850
	  }
	],
	"sections":[
	  {
		"name":"Fusion",
		"item_count":1,
		"access_rules":["$Json_Clouds_TopRightFusion_Fusion"],
		"chest_unopened_img": "images/items-map/Gold Kinstone (Clouds).png",
		"chest_opened_img": "images/items-map/Gold Kinstone (Clouds) Gray.png"
	  }
	]
  },
  {
	"name":"Wind Tribe House",
	"map_locations":[
	  {
		"map":"map",
		"x":2303,
		"y":350
	  },
	  {
		"map":"map",
		"x":1375,
		"y":1830,
        "restrict_visibility_rules":["$FusionsRed"]
	  }
	],
	"sections":[
	  {
		"name":"1F Chests",
		"item_count":2,
		"access_rules":["$Json_WindTribe_WindTribeHouse_1FChests"],
		"chest_unopened_img":"images/items-map/chest_closed.png",
		"chest_opened_img":"images/items-map/chest_open.png"
	  },
	  {
		"name":"2F Chest",
		"item_count":1,
		"access_rules":["$Json_WindTribe_WindTribeHouse_2FChest"],
		"chest_unopened_img":"images/items-map/chest_closed.png",
		"chest_opened_img":"images/items-map/chest_open.png"
	  },
	  {
		"name":"2F Save Gregal",
		"item_count":1,
		"access_rules":["$Json_WindTribe_WindTribeHouse_2FSaveGregal"],
		"chest_unopened_img":"images/items-map/chest_closed.png",
		"chest_opened_img":"images/items-map/chest_open.png"
	  },
	  {
		"name":"2F Gregal's Gift",
		"item_count":1,
		"access_rules":["$Json_WindTribe_WindTribeHouse_2FGregalGift"],
		"chest_unopened_img":"images/items-map/chest_closed.png",
		"chest_opened_img":"images/items-map/chest_open.png"
	  },
	  {
		"name":"3F Chests",
		"item_count":3,
		"access_rules":["$Json_WindTribe_WindTribeHouse_3FChests"],
		"chest_unopened_img":"images/items-map/chest_closed.png",
		"chest_opened_img":"images/items-map/chest_open.png"
	  },
	  {
		"name":"4F Chests",
		"item_count":2,
		"access_rules":["$Json_WindTribe_WindTribeHouse_4FChests"],
		"chest_unopened_img":"images/items-map/chest_closed.png",
		"chest_opened_img":"images/items-map/chest_open.png"
	  },
	  {
		"name":"Fuzer Flurris 1",
		"hosted_item":"fusions49",
		"visibility_rules":["fusiongreen_vanilla,openworld_off"],
		"access_rules":["$Json_Clouds_WindTribeHouse_Fuzer1"],
	  },
	  {
		"name":"Fuzer Flurris 2",
		"hosted_item":"fusions48",
		"visibility_rules":["fusiongreen_vanilla,openworld_off"],
		"access_rules":["$Json_Clouds_WindTribeHouse_Fuzer2"],
	  },
	  {
		"name":"Fuzer Caprice",
		"hosted_item":"fusions61",
		"visibility_rules":["fusiongreen_vanilla,openworld_off"],
		"access_rules":["$Json_Clouds_WindTribeHouse_Fuzer3"],
	  },
	  {
		"name":"Fuzer Gale",
		"hosted_item":"fusions13",
		"visibility_rules":["fusionred_vanilla,openworld_off"],
		"access_rules":["$Json_Clouds_WindTribeHouse_Fuzer4"],
	  },
	  {
		"name":"Fuzer Hailey",
		"hosted_item":"fusions4a",
		"visibility_rules":["fusiongreen_vanilla,openworld_off"],
		"access_rules":["$Json_Clouds_WindTribeHouse_Fuzer5"],
	  },
	  {
		"name":"Fuzer Siroc 1",
		"hosted_item":"fusions5c",
		"visibility_rules":["fusiongreen_vanilla,openworld_off"],
		"access_rules":["$Json_Clouds_WindTribeHouse_Fuzer6"],
	  },
	  {
		"name":"Fuzer Siroc 2",
		"hosted_item":"fusions5d",
		"visibility_rules":["fusiongreen_vanilla,openworld_off"],
		"access_rules":["$Json_Clouds_WindTribeHouse_Fuzer7"],
	  }
	]
  },
  {
	"name":"Clouds - Bottom Left Chest",
	"map_locations":[
	  {
		"map":"map",
		"x":2730,
		"y":680
	  }
	],
	"sections":[
	  {
		"name":"Chest",
		"item_count":1,
		"access_rules":["$Json_Clouds_BottomLeftChest_Chest"],
		"chest_unopened_img":"images/items-map/chest_closed.png",
		"chest_opened_img":"images/items-map/chest_open.png"
	  }
	]
  },
  {
	"name":"Clouds - Bottom Left Fusion",
	"map_locations":[
	  {
		"map":"map",
		"x":2855,
		"y":1270
	  }
	],
	"sections":[
	  {
		"name":"Fusion",
		"item_count":1,
		"access_rules":["$Json_Clouds_BottomLeftFusion_Fusion"],
		"chest_unopened_img": "images/items-map/Gold Kinstone (Clouds).png",
		"chest_opened_img": "images/items-map/Gold Kinstone (Clouds) Gray.png"
	  }
	]
  },
  {
	"name":"Clouds - Bottom Right Fusion",
	"map_locations":[
	  {
		"map":"map",
		"x":3275,
		"y":1270
	  }
	],
	"sections":[
	  {
		"name":"Fusion",
		"item_count":1,
		"access_rules":["$Json_Clouds_BottomRightFusion_Fusion"],
		"chest_unopened_img": "images/items-map/Gold Kinstone (Clouds).png",
		"chest_opened_img": "images/items-map/Gold Kinstone (Clouds) Gray.png"
	  }
	]
  },
  {
	"name":"Clouds - Center Left",
	"map_locations":[
	  {
		"map":"map",
		"x":2845,
		"y":575
	  }
	],
	"sections":[
	  {
		"name":"Chest",
		"item_count":1,
		"access_rules":["$Json_Clouds_CenterLeft_Chest"],
		"chest_unopened_img":"images/items-map/chest_closed.png",
		"chest_opened_img":"images/items-map/chest_open.png"
	  }
	]
  },
  {
	"name":"Clouds - Center Right",
	"map_locations":[
	  {
		"map":"map",
		"x":3000,
		"y":575
	  }
	],
	"sections":[
	  {
		"name":"Chest",
		"item_count":1,
		"access_rules":["$Json_Clouds_CenterRight_Chest"],
		"chest_unopened_img":"images/items-map/chest_closed.png",
		"chest_opened_img":"images/items-map/chest_open.png"
	  }
	]
  }
]