[
  {
	"name":"Crenel Base - Spring Water Path Chest",
	"map_locations":[
	  {
		"map":"map",
		"x":585,
		"y":935,
		"restrict_visibility_rules":["$FusionsGreen"]
	  }
	],
	"sections":[
	  {
		"name":"Chest",
		"item_count":1,
		"access_rules":["$Json_CrenelBase_WaterPathChest_Chest"],
		"chest_unopened_img":"images/items-map/chest_closed.png",
		"chest_opened_img":"images/items-map/chest_open.png"
	  }
	]
  },
  {
	"name":"Crenel Base - Chest",
	"map_locations":[
	  {
		"map":"map",
		"x":78,
		"y":858,
		"restrict_visibility_rules":["$FusionsGreen"]
	  }
	],
	"sections":[
	  {
		"name":"Chest",
		"item_count":1,
		"access_rules":["$Json_CrenelBase_Chest_Chest"],
		"chest_unopened_img":"images/items-map/chest_closed.png",
		"chest_opened_img":"images/items-map/chest_open.png"
	  }
	]
  },
  {
	"name":"Crenel Base - Minish Hole",
	"map_locations":[
	  {
		"map":"map",
		"x":300,
		"y":830
	  }
	],
	"sections":[
	  {
		"name":"Chest",
		"item_count":1,
		"access_rules":["$Json_CrenelBase_MinishHole_Chest"],
		"chest_unopened_img":"images/items-map/chest_closed.png",
		"chest_opened_img":"images/items-map/chest_open.png"
	  }
	]
  },
  {
	"name":"Crenel Base - Minish Crack",
	"map_locations":[
	  {
		"map":"map",
		"x":225,
		"y":865
	  }
	],
	"sections":[
	  {
		"name":"Chest",
		"item_count":1,
		"access_rules":["$Json_CrenelBase_MinishCrack_Chest"],
		"chest_unopened_img":"images/items-map/chest_closed.png",
		"chest_opened_img":"images/items-map/chest_open.png"
	  },
	  {
		"name":"Fuzer Forest Minish",
		"hosted_item":"fusions63",
		"visibility_rules":["fusiongreen_vanilla,openworld_off"],
		"access_rules":["$Json_CrenelBase_MinishCrack_Fuzer"],
	  }
	]
  },
  {
	"name":"Crenel Base - Heart Piece Cave",
	"map_locations":[
	  {
		"map":"map",
		"x":40,
		"y":700
	  }
	],
	"sections":[
		{
		  "name":"Chests",
		  "item_count":2,
		  "access_rules":["$Json_CrenelBase_HeartPieceCave_Chests"],
		  "chest_unopened_img":"images/items-map/chest_closed.png",
		  "chest_opened_img":"images/items-map/chest_open.png"
		},
		{
		  "name":"Heart Piece",
		  "item_count":1,
		  "access_rules":["$Json_CrenelBase_HeartPieceCave_HeartPiece"],
		  "chest_unopened_img":"images/items-map/Heart Piece.png",
		  "chest_opened_img":"images/items-map/Heart Piece Gray.png"
		}
	]
  },
  {
	"name":"Crenel Base - Vine Rupee",
	"map_locations":[
	  {
		"map":"map",
		"x":525,
		"y":1035,
		"restrict_visibility_rules":["rupees_on"]
	  }
	],
	"sections":[
	  {
		"name":"Rupee",
		"item_count":1,
		"access_rules":["$Json_CrenelBase_VineRupee_Rupee"],
		"chest_unopened_img":"images/items-map/chest_closed.png",
		"chest_opened_img":"images/items-map/chest_open.png"
	  }
	]
  },
  {
	"name":"Crenel Base - Fairy",
	"map_locations":[
	  {
		"map":"map",
		"x":441,
		"y":825,
		"restrict_visibility_rules":["rupees_on"]
	  }
	],
	"sections":[
	  {
		"name":"Rupees",
		"item_count":3,
		"access_rules":["$Json_CrenelBase_Fairy_Rupees"],
		"chest_unopened_img":"images/items-map/chest_closed.png",
		"chest_opened_img":"images/items-map/chest_open.png"
	  }
	]
  }
]
