[
  {
	"name":"Veil Falls South - Rupees",
	"map_locations":[
	  {
		"map":"map",
		"x":1905,
		"y":543,
		"restrict_visibility_rules":["rupees_on"]
	  }
	],
	"sections":[
		{
		  "name":"Rupee 1",
		  "item_count":1,
		  "capture_item": true,
		  "access_rules":["$Json_FallsLower_Rupees_Rupee"],
		  "chest_unopened_img":"images/items-map/chest_closed.png",
		  "chest_opened_img":"images/items-map/chest_open.png"
		},
		{
		  "name":"Rupee 2",
		  "item_count":1,
		  "capture_item":true,
		  "access_rules":["$Json_FallsLower_Rupees_Rupee"],
		  "chest_unopened_img":"images/items-map/chest_closed.png",
		  "chest_opened_img":"images/items-map/chest_open.png"
		},
		{
		  "name":"Rupee 3",
		  "item_count":1,
		  "capture_item":true,
		  "access_rules":["$Json_FallsLower_Rupees_Rupee"],
		  "chest_unopened_img":"images/items-map/chest_closed.png",
		  "chest_opened_img":"images/items-map/chest_open.png"
		},
	]
  },
  {
	"name":"Veil Falls South - Mitts Cave",
	"map_locations":[
	  {
		"map":"map",
		"x":1970,
		"y":525,
	  }
	],
	"sections":[
	  {
		"name":"Left Chest",
		"item_count":1,
		"access_rules":["$Json_FallsLower_MittsCave_Chest"],
		"chest_unopened_img":"images/items-map/chest_closed.png",
		"chest_opened_img":"images/items-map/chest_open.png"
	  },
	  {
		"name":"Right Chest",
		"item_count":1,
		"access_rules":["$Json_FallsLower_MittsCave_Chest"],
		"chest_unopened_img":"images/items-map/chest_closed.png",
		"chest_opened_img":"images/items-map/chest_open.png"
	  },
	]
  },
  {
	"name":"Veil Falls South - Heart Piece",
	"map_locations":[
	  {
		"map":"map",
		"x":1910,
		"y":750,
	  }
	],
	"sections":[
	  {
		"name":"Heart Piece",
		"item_count":1,
		"access_rules":["$Json_FallsLower_HeartPiece_HeartPiece"],
        "chest_unopened_img":"images/items-map/Heart Piece.png",
        "chest_opened_img":"images/items-map/Heart Piece Gray.png"
	  }
	]
  },
  {
	"name":"Veil Falls South - Dojo Waterfall",
	"map_locations":[
	  {
		"map":"map",
		"x":1820,
		"y":686,
        "restrict_visibility_rules":["$FusionsRed"]
	  }
	],
	"sections":[
	  {
		"name":"Splitblade",
		"item_count":1,
		"access_rules":["$Json_FallsLower_DojoWaterfall_Splitblade"],
		"chest_unopened_img":"images/items-map/chest_closed.png",
		"chest_opened_img":"images/items-map/chest_open.png"
	  }
	]
  },
  {
	"name":"Veil Falls South - North Ranch Chest",
	"map_locations":[
	  {
		"map":"map",
		"x":1772,
		"y":826,
        "restrict_visibility_rules":["$FusionsGreen"]
	  }
	],
	"sections":[
	  {
		"name":"Chest",
		"item_count":1,
		"access_rules":["$Json_FallsLower_RanchChest_Chest"],
		"chest_unopened_img":"images/items-map/chest_closed.png",
		"chest_opened_img":"images/items-map/chest_open.png"
	  }
	]
  }
]