[
  {
	"name":"Fusions Shared",
	"map_locations":[
	  {
		"map":"map",
		"x":2680,
		"y":1700
	  }
	],
	"sections":[
	  {
		"name":"Castle - Right Fountain",
		"hosted_item":"fusions18",
		"visibility_rules":["fusionred_vanilla,openworld_off"],
	  },
	  {
		"name":"North Field - Fairy",
		"hosted_item":"fusions2d",
		"visibility_rules":["fusionblue_vanilla,openworld_off"],
	  },
	  {
		"name":"Castle - Left Fountain",
		"hosted_item":"fusions35",
		"visibility_rules":["fusiongreen_vanilla,openworld_off"],
	  },
	  {
		"name":"Town - School Gardens - Minish Path Chest",
		"hosted_item":"fusions36",
		"visibility_rules":["fusiongreen_vanilla,openworld_off"],
	  },
	  {
		"name":"Minish Woods - Pre Shrine Chest",
		"hosted_item":"fusions39",
		"visibility_rules":["fusiongreen_vanilla,openworld_off"],
	  },
	  {
		"name":"Pre Royal Valley - Chest",
		"hosted_item":"fusions5f",
		"visibility_rules":["fusiongreen_vanilla,openworld_off"],
	  },
	  {
		"name":"Minish Woods - Minish Village - Chest",
		"hosted_item":"fusions37",
		"visibility_rules":["fusiongreen_vanilla,openworld_off"],
	  },
	  {
		"name":"Castle - Rope Golden",
		"hosted_item":"fusions3c",
		"visibility_rules":["fusiongreen_vanilla,openworld_off"],
	  },
	  {
		"name":"Minish Woods - Entrance",
		"hosted_item":"fusions44",
		"visibility_rules":["fusiongreen_vanilla,openworld_off"],
	  },
	  {
		"name":"Minish Woods - Chest",
		"hosted_item":"fusions46",
		"visibility_rules":["fusiongreen_vanilla,openworld_off"],
	  },
	  {
		"name":"Minish Woods - Pre Minish Village - Minish Hole",
		"hosted_item":"fusions4e",
		"visibility_rules":["fusiongreen_vanilla,openworld_off"],
	  },
	  {
		"name":"Minish Woods North - Cross The Pond",
		"hosted_item":"fusions47",
		"visibility_rules":["fusiongreen_vanilla,openworld_off"],
	  },
	  {
		"name":"Veil Falls South - North Ranch Chest",
		"hosted_item":"fusions60",
		"visibility_rules":["fusiongreen_vanilla,openworld_off"],
	  },
	  {
		"name":"Lon Lon Ranch - Bonk the Tree - Chest",
		"hosted_item":"fusions50",
		"visibility_rules":["fusiongreen_vanilla,openworld_off"],
	  },
	  {
		"name":"South Field - Near link's House Chest",
		"hosted_item":"fusions53",
		"visibility_rules":["fusiongreen_vanilla,openworld_off"],
	  },
	  {
		"name":"Eastern Hills - Golden Rope",
		"hosted_item":"fusions55",
		"visibility_rules":["fusiongreen_vanilla,openworld_off"],
	  },
	  {
		"name":"Minish Woods North - Golden Octo",
		"hosted_item":"fusions56",
		"visibility_rules":["fusiongreen_vanilla,openworld_off"],
	  },
	  {
		"name":"South Field - Rupee Cave",
		"hosted_item":"fusions58",
		"visibility_rules":["fusiongreen_vanilla,openworld_off"],
	  },
	]
  }
]