[
  {
	"name":"Eastern Hills - Mitts cave",
	"map_locations":[
	  {
		"map":"map",
		"x":1700,
		"y":1560,
		"restrict_visibility_rules":["rupees_on","fusionblue_vanilla,openworld_off"]
	  }
	],
	"sections":[
	  {
		"name":"Rupee",
		"item_count":1,
		"access_rules":["$Json_Hills_MittsCave_Rupee"],
		"chest_unopened_img":"images/items-map/chest_closed.png",
		"chest_opened_img":"images/items-map/chest_open.png"
	  },
	  {
		"name":"Fuzer Mysterious Wall",
		"hosted_item":"fusions2b",
		"visibility_rules":["fusionblue_vanilla,openworld_off"],
		"access_rules":["$Json_Hills_MittsCave_Fuzer"],
	  }
	]
  },
  {
	"name":"Eastern Hills - Bombable Wall",
	"map_locations":[
	  {
		"map":"map",
		"x":1775,
		"y":1900,
	  }
	],
	"sections":[
	  {
		"name":"Chest",
		"item_count":1,
		"access_rules":["$Json_Hills_BombWall_Chest"],
		"chest_unopened_img":"images/items-map/chest_closed.png",
		"chest_opened_img":"images/items-map/chest_open.png"
	  }
	]
  },
  {
	"name":"Eastern Hills - Rope Golden",
	"map_locations":[
	  {
		"map":"map",
		"x":1725,
		"y":1725,
		"restrict_visibility_rules":["$FusionsGreen,golden_enemy_on"]
	  }
	],
	"sections":[
	  {
		"name":"Kill",
		"item_count":1,
		"access_rules":["$Json_Hills_RopeGolden_Kill"],
		"chest_unopened_img":"images/items-map/chest_closed.png",
		"chest_opened_img":"images/items-map/chest_open.png"
	  }
	]
  },
  {
	"name":"Eastern Hills - Farm",
	"map_locations":[
	  {
		"map":"map",
		"x":1795,
		"y":1685,
		"restrict_visibility_rules":["$FusionsRed"]
	  }
	],
	"sections":[
	  {
		"name":"Chest",
		"item_count":1,
		"access_rules":["$Json_Hills_Farm_Chest"],
		"chest_unopened_img":"images/items-map/chest_closed.png",
		"chest_opened_img":"images/items-map/chest_open.png"
	  }
	]
  },
  {
	"name":"Eastern Hills - Beanstalk",
	"map_locations":[
	  {
		"map":"map",
		"x":1705,
		"y":1830,
		"restrict_visibility_rules":["$FusionsBlue"]
	  }
	],
	"sections":[
	  {
		"name":"Chests",
		"item_count":2,
		"access_rules":["$Json_Hills_Beanstalk_Chests"],
		"chest_unopened_img":"images/items-map/chest_closed.png",
		"chest_opened_img":"images/items-map/chest_open.png"
	  },
	  {
        "name":"Heart Piece",
		"item_count":1,
		"access_rules":["$Json_Hills_Beanstalk_HeartPiece"],
		"chest_unopened_img":"images/items-map/Heart Piece.png",
		"chest_opened_img":"images/items-map/Heart Piece Gray.png"
	  }
	]
  },
  {
	"name":"Eastern Hills - Minish House",
	"map_locations":[
	  {
		"map":"map",
		"x":1705,
		"y":2000,
	  }
	],
	"sections":[
	  {
		"name":"Fuzer Forest Minish",
		"hosted_item":"fusions2e",
		"visibility_rules":["fusionblue_vanilla,openworld_off"],
		"access_rules":["$Json_Hills_MinishHouse_Fuzer"],
	  }
	]
  },
  {
	"name":"Eastern Hills - Farmer",
	"map_locations":[
	  {
		"map":"map",
		"x":1795,
		"y":1570
      }
	],
	"sections":[
	  {
		"name":"Fuzer Meenie",
		"hosted_item":"fusions62",
		"visibility_rules":["fusionblue_vanilla,openworld_off"],
		"access_rules":["$Json_Hills_Farmer_Fuzer1"],
	  },
	  {
		"name":"Fuzer eenie",
		"hosted_item":"fusions29",
		"visibility_rules":["fusionblue_vanilla,openworld_off"],
		"access_rules":["$Json_Hills_Farmer_Fuzer2"],
	  }
	]
  }
]