[
  {
	"name":"Hylia - Dojo",
	"map_locations":[
	  {
		"map":"map",
		"x":2310,
		"y":1250,
	  }
	],
	"sections":[
	  {
		"name":"Waveblade",
		"item_count":1,
		"access_rules":["$Json_Hylia_Dojo_Waveblade"],
		"chest_unopened_img":"images/items-map/Tiger Scroll.png",
		"chest_opened_img":"images/items-map/Tiger Scroll Done.png"
	  },
	  {
		"name":"Heart Piece",
		"item_count":1,
		"access_rules":["$Json_Hylia_Dojo_HeartPiece"],
		"chest_unopened_img":"images/items-map/Heart Piece.png",
		"chest_opened_img":"images/items-map/Heart Piece Gray.png"
	  },
	  {
		"name":"Fuzer Waveblade",
		"hosted_item":"fusions15",
		"visibility_rules":["fusionred_vanilla,openworld_off"],
		"access_rules":["$Json_Hylia_Dojo_Fuzer"],
	  }
	]
  },
  {
	"name":"Hylia - Pond Heart Piece",
	"map_locations":[
	  {
		"map":"map",
		"x":2290,
		"y":820,
	  }
	],
	"sections":[
	  {
		"name":"Diving",
		"item_count":1,
		"access_rules":["$Json_Hylia_PondHeartPiece_Chest"],
		"chest_unopened_img":"images/items-map/Heart Piece.png",
		"chest_opened_img":"images/items-map/Heart Piece Gray.png"
	  }
	]
  },
  {
	"name":"Hylia - North Minish Hole",
	"map_locations":[
	  {
		"map":"map",
		"x":2600,
		"y":850,
	  }
	],
	"sections":[
	  {
		"name":"Chest",
		"item_count":1,
		"access_rules":["$Json_Hylia_NorthMinishHole_Chest"],
		"chest_unopened_img":"images/items-map/chest_closed.png",
		"chest_opened_img":"images/items-map/chest_open.png"
	  }
	]
  },
  {
	"name":"Hylia - Treasure Cave",
	"map_locations":[
	  {
		"map":"map",
		"x":2450,
		"y":850,
	  }
	],
	"sections":[
	  {
		"name":"Chest",
		"item_count":7,
		"access_rules":["$Json_Hylia_TreasureCave_Chest"],
		"chest_unopened_img":"images/items-map/chest_closed.png",
		"chest_opened_img":"images/items-map/chest_open.png"
	  },
	  {
		"name":"Beanstalk - Chest",
		"visibility_rules":["$FusionsBlue"],
		"item_count":2,
		"access_rules":["$Json_Hylia_TreasureCave_BeanstalkChest"],
		"chest_unopened_img":"images/items-map/chest_closed.png",
		"chest_opened_img":"images/items-map/chest_open.png"
	  },
	  {
		"name":"Beanstalk - Heart Piece",
		"visibility_rules":["$FusionsBlue"],
		"item_count":1,
		"access_rules":["$Json_Hylia_TreasureCave_BeanstalkHeartPiece"],
		"chest_unopened_img":"images/items-map/Heart Piece.png",
		"chest_opened_img":"images/items-map/Heart Piece Gray.png"
	  },
	  {
		"name":"Fuzer Mysterious Wall",
		"hosted_item":"fusions2a",
		"visibility_rules":["fusionblue_vanilla,openworld_off"],
		"access_rules":["$Json_Hylia_TreasureCave_Fuzer"],
	  }
	]
  },
  {
	"name":"Hylia - Minish Woods - North Minish Hole",
	"map_locations":[
	  {
		"map":"map",
		"x":2626,
		"y":1470,
	  }
	],
	"sections":[
	  {
		"name":"Chest",
		"item_count":1,
		"access_rules":["$Json_Hylia_MinishWoods_NorthMinishHole_Chest"],
		"chest_unopened_img":"images/items-map/chest_closed.png",
		"chest_opened_img":"images/items-map/chest_open.png"
	  }
	]
  },
  {
	"name":"Hylia - Lon Lon Ranch - North Heart Piece",
	"map_locations":[
	  {
		"map":"map",
		"x":2020,
		"y":875,
	  }
	],
	"sections":[
	  {
		"name":"Heart Piece",
		"item_count":1,
		"capture_item":true,
		"access_rules":["$Json_Hylia_LonLon_NorthHeartPiece_HeartPiece"],
		"chest_unopened_img":"images/items-map/Heart Piece.png",
		"chest_opened_img":"images/items-map/Heart Piece Gray.png"
	  }
	]
  },
  {
	"name":"Hylia - Lake Cabin",
	"map_locations":[
	  {
		"map":"map",
		"x":2590,
		"y":1365
	  }
	],
	"sections":[
	  {
		"name":"Item",
		"item_count":1,
        "capture_item":true,
		"access_rules":["$Json_Hylia_LakeCabin_Item"],
		"chest_unopened_img":"images/items-map/chest_closed.png",
		"chest_opened_img":"images/items-map/chest_open.png"
	  },
	  {
		"name":"Chest",
		"item_count":1,
		"visibility_rules":["$FusionsGreen"],
		"access_rules":["$Json_Hylia_LakeCabin_Chest"],
		"chest_unopened_img":"images/items-map/chest_closed.png",
		"chest_opened_img":"images/items-map/chest_open.png"
	  }
	]
  },
  {
	"name":"Hylia - Southern",
	"map_locations":[
	  {
		"map":"map",
		"x":2430,
		"y":1335,
	  }
	],
	"sections":[
	  {
		"name":"Heart Piece",
		"item_count":1,
        "capture_item":true,
		"access_rules":["$Json_Hylia_Southern_HeartPiece"],
		"chest_unopened_img":"images/items-map/Heart Piece.png",
		"chest_opened_img":"images/items-map/Heart Piece Gray.png"
	  }
	]
  },
  {
	"name":"Hylia - Cape Heart Piece",
	"map_locations":[
	  {
		"map":"map",
		"x":2475,
		"y":950,
	  }
	],
	"sections":[
	  {
		"name":"Heart Piece",
		"item_count":1,
        "capture_item":true,
		"access_rules":["$Json_Hylia_CapeHeartPiece_HeartPiece"],
		"chest_unopened_img":"images/items-map/Heart Piece.png",
		"chest_opened_img":"images/items-map/Heart Piece Gray.png"
	  }
	]
  },
  {
	"name":"Hylia - Fifi",
	"map_locations":[
	  {
		"map":"map",
		"x":2360,
		"y":820,
	  }
	],
	"sections":[
	  {
		"name":"Gift",
		"item_count":1,
		"access_rules":["$Json_Hylia_Fifi_Item"],
		"chest_unopened_img":"images/items-map/chest_closed.png",
		"chest_opened_img":"images/items-map/chest_open.png"
	  },
	  {
		"name":"Fuzer Dog",
		"hosted_item":"fusions51",
		"visibility_rules":["fusiongreen_vanilla,openworld_off"],
		"access_rules":["$Json_Hylia_Fifi_Fuzer"],
	  }
	]
  },
  {
	"name":"Hylia - Middle Island Cave",
	"map_locations":[
	  {
		"map":"map",
		"x":2464,
		"y":1133,
		"restrict_visibility_rules":["$FusionsGreen"]
	  }
	],
	"sections":[
	  {
		"name":"Chest",
		"item_count":1,
		"access_rules":["$Json_Hylia_MiddleIslandCave_Chest"],
		"chest_unopened_img":"images/items-map/chest_closed.png",
		"chest_opened_img":"images/items-map/chest_open.png"
	  }
	]
  },
  {
	"name":"Hylia - Librari",
	"map_locations":[
	  {
		"map":"map",
		"x":2239,
		"y":1144,
		"restrict_visibility_rules":["$FusionsRed"]
	  },
	  {
		"map":"map",
		"x":2464,
		"y":1083,
		"restrict_visibility_rules":["$FusionsRed"]
	  }
	],
	"sections":[
	  {
		"name":"Gift",
		"item_count":1,
		"access_rules":["$Json_Hylia_Librari_Item"],
        "chest_unopened_img":"images/items-map/Heart Container.png",
        "chest_opened_img":"images/items-map/Heart Container Gray.png"
	  },
	  {
		"name":"Fuzer Librari",
		"hosted_item":"fusions54",
		"visibility_rules":["fusionred_vanilla,openworld_off"],
		"access_rules":["$Json_Hylia_Librari_Fuzer"],
	  }
	]
  },
  {
	"name":"Hylia - Minish House Wind Crest",
	"map_locations":[
	  {
		"map":"map",
		"x":2264,
		"y":1074
	  }
	],
	"sections":[
	  {
		"name":"Fuzer Forest Minish",
		"hosted_item":"fusions11",
		"visibility_rules":["fusionred_vanilla,openworld_off"],
		"access_rules":["$Json_Hylia_MinishHouseWindCrest_Fuzer"],
	  }
	]
  },
  {
	"name":"Hylia - David Jr.",
	"map_locations":[
	  {
		"map":"map",
		"x":2350,
		"y":960,
	  }
	],
	"sections":[
	  {
		"name":"Fuzer David Jr. 1",
		"hosted_item":"fusions5a",
		"visibility_rules":["fusiongreen_vanilla,openworld_off"],
		"access_rules":["$Json_Hylia_DavidJr_Fuzer1"],
	  },
	  {
		"name":"Fuzer David Jr. 2",
		"hosted_item":"fusions45",
		"visibility_rules":["fusiongreen_vanilla,openworld_off"],
		"access_rules":["$Json_Hylia_DavidJr_Fuzer2"],
	  }
	]
  },
  {
	"name":"Hylia - Minish Crack",
	"map_locations":[
	  {
		"map":"map",
		"x":2620,
		"y":970,
	  }
	],
	"sections":[
	  {
		"name":"Fuzer Minish Forest",
		"hosted_item":"fusions23",
		"visibility_rules":["fusiongreen_vanilla,openworld_off"],
		"access_rules":["$Json_Hylia_MinishCrack_Fuzer"],
	  }
	]
  }
]