[
  {
	"name":"Cave Of Flame - Spiny Beetle Fight",
	"map_locations":[
	  {
		"map":"cof",
		"x":2259,
		"y":1005
	  }
	],
	"sections":[
	  {
		"name":"Kill",
		"item_count":1,
		"access_rules":["$Json_Dungeon_CaveOfFlame_SpinyBeetleFight"],
		"chest_unopened_img":"images/items-map/chest_closed.png",
		"chest_opened_img":"images/items-map/chest_open.png",
	  }  
	  
	]
  },
  {
	"name":"Cave Of Flame - Rupees",
	"map_locations":[
	  {
		"map":"cof",
		"x":2005,
		"y":1005,
        "restrict_visibility_rules":["rupees_on"]
	  }
	],
	"sections":[
	  {
		"name":"Rupees",
		"item_count":1,
		"access_rules":["$Json_Dungeon_CaveOfFlame_Rupees"],
		"chest_unopened_img":"images/items-map/chest_closed.png",
		"chest_opened_img":"images/items-map/chest_open.png",
	  }  
	  
	]
  },
  {
	"name":"Cave Of Flame - Big Chest Room Big Chest",
	"map_locations":[
	  {
		"map":"cof",
		"x":890,
		"y":1090
	  }
	],
	"sections":[
	  {
		"name":"Big Chest",
		"item_count":1,
		"access_rules":["$Json_Dungeon_CaveOfFlame_BigChestRoom"],
		"chest_unopened_img":"images/items-map/big_chest_closed.png",
		"chest_opened_img":"images/items-map/big_chest_open.png",
	  }  
	  
	]
  },
  {
	"name":"Cave Of Flame - Big Chest Room Chest",
	"map_locations":[
	  {
		"map":"cof",
		"x":690,
		"y":1290
	  }
	],
	"sections":[
	  {
		"name":"Chest",
		"item_count":1,
		"access_rules":["$Json_Dungeon_CaveOfFlame_BigChestRoom"],
		"chest_unopened_img":"images/items-map/chest_closed.png",
		"chest_opened_img":"images/items-map/chest_open.png",
	  }  
	  
	]
  },
  {
	"name":"Cave Of Flame - First Rollobite Room",
	"map_locations":[
	  {
		"map":"cof",
		"x":370,
		"y":1390
	  }
	],
	"sections":[
	  {
		"name":"Chest",
		"item_count":1,
		"access_rules":["$Json_Dungeon_CaveOfFlame_FirstRollobiteRoom"],
		"chest_unopened_img":"images/items-map/chest_closed.png",
		"chest_opened_img":"images/items-map/chest_open.png",
	  }  
	  
	]
  },
  {
	"name":"Cave Of Flame - First Rollobite Room Pillar",
	"map_locations":[
	  {
		"map":"cof",
		"x":370,
		"y":1120
	  }
	],
	"sections":[
	  {
		"name":"Chest",
		"item_count":1,
		"access_rules":["$Json_Dungeon_CaveOfFlame_FirstRollobiteRoom"],
		"chest_unopened_img":"images/items-map/chest_closed.png",
		"chest_opened_img":"images/items-map/chest_open.png",
	  }  
	  
	]
  },
  {
	"name":"Cave Of Flame - Bombable Wall",
	"map_locations":[
	  {
		"map":"cof",
		"x":840,
		"y":850
	  }
	],
	"sections":[
	  {
		"name":"Heart Piece",
		"item_count":1,
		"access_rules":["$Json_Dungeon_CaveOfFlame_BombableWallHeartPiece"],
		"chest_unopened_img":"images/items-map/Heart Piece.png",
		"chest_opened_img":"images/items-map/Heart Piece Gray.png",
	  }  
	  
	]
  },
  {
	"name":"Cave Of Flame - Spiny Chu Fight",
	"map_locations":[
	  {
		"map":"cof",
		"x":730,
		"y":410
	  }
	],
	"sections":[
	  {
		"name":"Kill",
		"item_count":1,
		"access_rules":["$Json_Dungeon_CaveOfFlame_SpinyChuFight"],
		"chest_unopened_img":"images/items-map/big_chest_closed.png",
		"chest_opened_img":"images/items-map/big_chest_open.png",
	  }  
	  
	]
  },
  {
	"name":"Cave Of Flame - Spiny Chu Pillar Chest",
	"map_locations":[
	  {
		"map":"cof",
		"x":860,
		"y":340
	  }
	],
	"sections":[
	  {
		"name":"Chest",
		"item_count":1,
		"access_rules":["$Json_Dungeon_CaveOfFlame_SpinyChuPillarChest"],
		"chest_unopened_img":"images/items-map/chest_closed.png",
		"chest_opened_img":"images/items-map/chest_open.png",
	  }  
	  
	]
  },
  {
	"name":"Cave Of Flame - Pre Lava Basement Room Block Chest",
	"map_locations":[
	  {
		"map":"cof",
		"x":1220,
		"y":270
	  }
	],
	"sections":[
	  {
		"name":"Chest",
		"item_count":1,
		"access_rules":["$Json_Dungeon_CaveOfFlame_PreLavaBasementRoom"],
		"chest_unopened_img":"images/items-map/Heart Piece.png",
		"chest_opened_img":"images/items-map/Heart Piece Gray.png",
	  }  
	  
	]
  },
  {
	"name":"Cave Of Flame - Pre Lava Basement Room Ledge",
	"map_locations":[
	  {
		"map":"cof",
		"x":1270,
		"y":340
	  }
	],
	"sections":[
	  {
		"name":"Chest",
		"item_count":1,
		"access_rules":["$Json_Dungeon_CaveOfFlame_PreLavaBasementRoom"],
		"chest_unopened_img":"images/items-map/chest_closed.png",
		"chest_opened_img":"images/items-map/chest_open.png",
	  }  
	  
	]
  },
  {
	"name":"Cave Of Flame - Blade Chest",
	"map_locations":[
	  {
		"map":"cof",
		"x":2370,
		"y":120
	  }
	],
	"sections":[
	  {
		"name":"Chest",
		"item_count":1,
		"access_rules":["$Json_Dungeon_CaveOfFlame_BladeChest"],
		"chest_unopened_img":"images/items-map/chest_closed.png",
		"chest_opened_img":"images/items-map/chest_open.png",
	  }  
	  
	]
  },
  {
	"name":"Cave Of Flame - Lava Basement Left",
	"map_locations":[
	  {
		"map":"cof",
		"x":1520,
		"y":665
	  }
	],
	"sections":[
	  {
		"name":"Chest",
		"item_count":1,
		"access_rules":["$Json_Dungeon_CaveOfFlame_LavaBasement"],
		"chest_unopened_img":"images/items-map/chest_closed.png",
		"chest_opened_img":"images/items-map/chest_open.png",
	  }  
	  
	]
  },
  {
	"name":"Cave Of Flame - Lava Basement Right",
	"map_locations":[
	  {
		"map":"cof",
		"x":2050,
		"y":665
	  }
	],
	"sections":[
	  {
		"name":"Chest",
		"item_count":1,
		"access_rules":["$Json_Dungeon_CaveOfFlame_LavaBasement"],
		"chest_unopened_img":"images/items-map/chest_closed.png",
		"chest_opened_img":"images/items-map/chest_open.png",
	  }  
	  
	]
  },
  {
	"name":"Cave Of Flame - Lava Basement Big Chest",
	"map_locations":[
	  {
		"map":"cof",
		"x":1665,
		"y":400
	  }
	],
	"sections":[
	  {
		"name":"Big Chest",
		"item_count":1,
		"access_rules":["$Json_Dungeon_CaveOfFlame_LavaBasementBigChest"],
		"chest_unopened_img":"images/items-map/big_chest_closed.png",
		"chest_opened_img":"images/items-map/big_chest_open.png",
	  }  
	  
	]
  },
  {
	"name":"Cave Of Flame - Gleerok",
	"map_locations":[
	  {
		"map":"cof",
		"x":1380,
		"y":1200
	  }
	],
	"sections":[
	  {
		"name":"Heart",
		"item_count":1,
		"access_rules":["$Json_Dungeon_CaveOfFlame_Gleerok"],
		"chest_unopened_img":"images/items-map/chest_closed.png",
		"chest_opened_img":"images/items-map/chest_open.png",
	  }  
	  
	]
  },
  {
	"name":"Crypt - Gibdos",
	"map_locations":[
	  {
		"map":"rc",
		"x":295,
		"y":805
	  }
	],
	"sections":[
	  {
		"name":"First Kill",
		"item_count":1,
		"access_rules":["$Json_Dungeon_Crypt_Gibdos"],
		"chest_unopened_img":"images/items-map/Small Key.png",
		"chest_opened_img":"images/items-map/Small Key Done.png",
	  },
	  {
		"name":"Second Kill",
		"item_count":1,
		"access_rules":["$Json_Dungeon_Crypt_OtherGibdos"],
		"chest_unopened_img":"images/items-map/chest_closed.png",
		"chest_opened_img":"images/items-map/chest_open.png",
	  }
	  
	  
	]
  },
  {
	"name":"Crypt - Left Path",
	"map_locations":[
	  {
		"map":"rc",
		"x":143,
		"y":85
	  }
	],
	"sections":[
	  {
		"name":"Chest",
		"item_count":1,
		"access_rules":["$Json_Dungeon_Crypt_LeftPath"],
		"chest_unopened_img":"images/items-map/Small Key.png",
		"chest_opened_img":"images/items-map/Small Key Done.png",
	  }
	]
  },
  {
	"name":"Crypt - Right Path",
	"map_locations":[
	  {
		"map":"rc",
		"x":447,
		"y":85
	  }
	],
	"sections":[
	  {
		"name":"Chest",
		"item_count":1,
		"access_rules":["$Json_Dungeon_Crypt_RightPath"],
		"chest_unopened_img":"images/items-map/Small Key.png",
		"chest_opened_img":"images/items-map/Small Key Done.png",
	  }
	]
  },
  {
	"name":"Crypt - King Gustaf",
	"map_locations":[
	  {
		"map":"rc",
		"x":895,
		"y":75
	  }
	],
	"sections":[
	  {
		"name":"Gift",
		"item_count":1,
		"access_rules":["$Json_Dungeon_Crypt_KingGustaf"],
		"chest_unopened_img":"images/items-map/chest_closed.png",
		"chest_opened_img":"images/items-map/chest_open.png",
	  }
	]
  },
  {
	"name":"Deepwoods - Slug Room",
	"map_locations":[
	  {
		"map":"dws",
		"x":786,
		"y":1054
	  }
	],
	"sections":[
	  {
		"name":"Chest",
		"item_count":1,
		"access_rules":["$Json_Dungeon_Deepwood_SlugRoom"],
		"chest_unopened_img":"images/items-map/chest_closed.png",
		"chest_opened_img":"images/items-map/chest_open.png",
	  }  
	  
	]
  },
  {
	"name":"Deepwoods - Upstairs Room",
	"map_locations":[
	  {
		"map":"dws",
		"x":152,
		"y":1137
	  }
	],
	"sections":[
	  {
		"name":"Chest",
		"item_count":1,
		"access_rules":["$Json_Dungeon_Deepwood_UpstairsChest"],
		"chest_unopened_img":"images/items-map/chest_closed.png",
		"chest_opened_img":"images/items-map/chest_open.png",
	  }  
	  
	]
  },
  {
	"name":"Deepwoods - Barrel Room Northwest",
	"map_locations":[
	  {
		"map":"dws",
		"x":622,
		"y":299
	  }
	],
	"sections":[
	  {
		"name":"Chest",
		"item_count":1,
		"access_rules":["$Json_Dungeon_Deepwood_BarrelRoomNorthwest"],
		"chest_unopened_img":"images/items-map/chest_closed.png",
		"chest_opened_img":"images/items-map/chest_open.png",
	  }  
	  
	]
  },
  {
	"name":"Deepwoods - West Side",
	"map_locations":[
	  {
		"map":"dws",
		"x":410,
		"y":280
	  }
	],
	"sections":[
	  {
		"name":"Big Chest",
		"item_count":1,
		"access_rules":["$Json_Dungeon_Deepwood_WestSideBigChest"],
		"chest_unopened_img":"images/items-map/big_chest_closed.png",
		"chest_opened_img":"images/items-map/big_chest_open.png",
	  }  
	  
	]
  },
  {
	"name":"Deepwoods - Two Statue Room",
	"map_locations":[
	  {
		"map":"dws",
		"x":145,
		"y":570
	  }
	],
	"sections":[
	  {
		"name":"Chest",
		"item_count":1,
		"access_rules":["$Json_Dungeon_Deepwood_TwoStatueRoom"],
		"chest_unopened_img":"images/items-map/chest_closed.png",
		"chest_opened_img":"images/items-map/chest_open.png",
	  }  
	  
	]
  },
  {
	"name":"Deepwoods - Mulldozer Key",
	"map_locations":[
	  {
		"map":"dws",
		"x":1425,
		"y":330
	  }
	],
	"sections":[
	  {
		"name":"Kill",
		"item_count":1,
		"access_rules":["$Json_Dungeon_Deepwood_MulldozerKey"],
		"chest_unopened_img":"images/items-map/Small Key.png",
		"chest_opened_img":"images/items-map/Small Key Done.png",
	  }  
	  
	]
  },
  {
	"name":"Deepwoods - Two Lamp",
	"map_locations":[
	  {
		"map":"dws",
		"x":1040,
		"y":140
	  }
	],
	"sections":[
	  {
		"name":"Chest",
		"item_count":1,
		"access_rules":["$Json_Dungeon_Deepwood_TwoLampChest"],
		"chest_unopened_img":"images/items-map/chest_closed.png",
		"chest_opened_img":"images/items-map/chest_open.png",
	  }  
	  
	]
  },
  {
	"name":"Deepwoods - Basement Switch Room Big Chest",
	"map_locations":[
	  {
		"map":"dws",
		"x":1635,
		"y":730
	  }
	],
	"sections":[
	  {
		"name":"Big Chest",
		"item_count":1,
		"access_rules":["$Json_Dungeon_Deepwood_BasementSwitchRoomBigChest"],
		"chest_unopened_img":"images/items-map/big_chest_closed.png",
		"chest_opened_img":"images/items-map/big_chest_open.png",
	  }  
	  
	]
  },
  {
	"name":"Deepwoods - Basement Switch Room Chest",
	"map_locations":[
	  {
		"map":"dws",
		"x":1450,
		"y":795
	  }
	],
	"sections":[
	  {
		"name":"Chest",
		"item_count":1,
		"access_rules":["$Json_Dungeon_Deepwood_BasementSwitchChest"],
		"chest_unopened_img":"images/items-map/chest_closed.png",
		"chest_opened_img":"images/items-map/chest_open.png",
	  }  
	  
	]
  },
  {
	"name":"Deepwoods - Blue Warp",
	"map_locations":[
	  {
		"map":"dws",
		"x":785,
		"y":60
	  }
	],
	"sections":[
	  {
		"name":"Heart Piece",
		"item_count":1,
		"access_rules":["$Json_Dungeon_Deepwood_BlueWarpHeartPiece"],
		"chest_unopened_img":"images/items-map/Heart Piece.png",
		"chest_opened_img":"images/items-map/Heart Piece Gray.png",
	  }  
	  
	]
  },
  {
	"name":"Deepwoods - Puffstool Room",
	"map_locations":[
	  {
		"map":"dws",
		"x":665,
		"y":60
	  }
	],
	"sections":[
	  {
		"name":"Chest",
		"item_count":2,
		"access_rules":["$Json_Dungeon_Deepwood_PuffstoolRoom"],
		"chest_unopened_img":"images/items-map/chest_closed.png",
		"chest_opened_img":"images/items-map/chest_open.png",
	  }  
	  
	]
  },
  {
	"name":"Deepwoods - Madderpillar Fight",
	"map_locations":[
	  {
		"map":"dws",
		"x":420,
		"y":115
	  }
	],
	"sections":[
	  {
		"name":"Kill",
		"item_count":1,
		"access_rules":["$Json_Dungeon_Deepwood_MadderpillarChest"],
		"chest_unopened_img":"images/items-map/big_chest_closed.png",
		"chest_opened_img":"images/items-map/big_chest_open.png",
	  }  
	  
	]
  },
  {
	"name":"Deepwoods - Madderpillar Heart Piece",
	"map_locations":[
	  {
		"map":"dws",
		"x":480,
		"y":320
	  }
	],
	"sections":[
	  {
		"name":"Heart Piece",
		"item_count":1,
		"access_rules":["$Json_Dungeon_Deepwood_MadderpillarHeartPiece"],
		"chest_unopened_img":"images/items-map/Heart Piece.png",
		"chest_opened_img":"images/items-map/Heart Piece.png",
	  }  
	  
	]
  },
  {
	"name":"Deepwoods - Basement Big Chest",
	"map_locations":[
	  {
		"map":"dws",
		"x":1155,
		"y":775
	  }
	],
	"sections":[
	  {
		"name":"Big Chest",
		"item_count":1,
		"access_rules":["$Json_Dungeon_Deepwood_BasementBigChest"],
		"chest_unopened_img":"images/items-map/big_chest_closed.png",
		"chest_opened_img":"images/items-map/big_chest_open.png",
	  }  
	  
	]
  },
  {
	"name":"Deepwoods - Green Chu",
	"map_locations":[
	  {
		"map":"dws",
		"x":245,
		"y":820
	  }
	],
	"sections":[
	  {
		"name":"Heart",
		"item_count":1,
		"access_rules":["$Json_Dungeon_Deepwood_GreenChu"],
		"chest_unopened_img":"images/items-map/chest_closed.png",
		"chest_opened_img":"images/items-map/chest_open.png",
	  }  
	  
	]
  },
  {
	"name":"Fortress - Far Left Entrance Room",
	"map_locations":[
	  {
		"map":"fow",
		"x":250,
		"y":1115
	  }
	],
	"sections":[
	  {
		"name":"Chest",
		"item_count":1,
		"access_rules":["$Json_Dungeon_Fortress_EntranceFarLeft"],
		"chest_unopened_img":"images/items-map/chest_closed.png",
		"chest_opened_img":"images/items-map/chest_open.png",
	  }  
	  
	]
  },
  {
	"name":"Fortress - Entrance Rupee",
	"map_locations":[
	  {
		"map":"fow",
		"x":1111,
		"y":1114,
        "restrict_visibility_rules":["rupees_on"]
	  }
	],
	"sections":[
	  {
		"name":"Rupee",
		"item_count":1,
		"access_rules":["$Json_Dungeon_Fortress_EntranceLargeRupee"],
		"chest_unopened_img":"images/items-map/chest_closed.png",
		"chest_opened_img":"images/items-map/chest_open.png",
	  }  
	  
	]
  },
  {
	"name":"Fortress - Wizzrobe Fight",
	"map_locations":[
	  {
		"map":"fow",
		"x":200,
		"y":970
	  }
	],
	"sections":[
	  {
		"name":"Kill",
		"item_count":1,
		"access_rules":["$Json_Dungeon_Fortress_WizzrobeFight"],
		"chest_unopened_img":"images/items-map/chest_closed.png",
		"chest_opened_img":"images/items-map/chest_open.png",
	  }  
	  
	]
  },
  {
	"name":"Fortress - Left Side 2nd Floor Mitts",
	"map_locations":[
	  {
		"map":"fow",
		"x":1805,
		"y":870
	  }
	],
	"sections":[
	  {
		"name":"Chest",
		"item_count":1,
		"access_rules":["$Json_Dungeon_Fortress_LeftSideMittsChests"],
		"chest_unopened_img":"images/items-map/chest_closed.png",
		"chest_opened_img":"images/items-map/chest_open.png",
	  }  
	  
	]
  },
  {
	"name":"Fortress - Left Side Left Rupees",
	"map_locations":[
	  {
		"map":"fow",
		"x":1688,
		"y":992,
		"restrict_visibility_rules":["rupees_on"]
	  }
	],
	"sections":[
	  {
		"name":"Rupees",
		"item_count":4,
		"access_rules":["$Json_Dungeon_Fortress_LeftSideRupees"],
		"chest_unopened_img":"images/items-map/chest_closed.png",
		"chest_opened_img":"images/items-map/chest_open.png",
	  }  
	  
	]
  },
  {
	"name":"Fortress - Left Side Right Rupees",
	"map_locations":[
	  {
		"map":"fow",
		"x":1920,
		"y":993,
		"restrict_visibility_rules":["rupees_on"]
	  }
	],
	"sections":[
	  {
		"name":"Rupees",
		"item_count":3,
		"access_rules":["$Json_Dungeon_Fortress_LeftSideRupees"],
		"chest_unopened_img":"images/items-map/chest_closed.png",
		"chest_opened_img":"images/items-map/chest_open.png",
	  }  
	  
	]
  },
  {
	"name":"Fortress - Left Side 3rd Floor Mitts",
	"map_locations":[
	  {
		"map":"fow",
		"x":295,
		"y":725
	  }
	],
	"sections":[
	  {
		"name":"Chest",
		"item_count":1,
		"access_rules":["$Json_Dungeon_Fortress_LeftSideMittsChests"],
		"chest_unopened_img":"images/items-map/chest_closed.png",
		"chest_opened_img":"images/items-map/chest_open.png",
	  }  
	  
	]
  },
  {
	"name":"Fortress - Eyegores",
	"map_locations":[
	  {
		"map":"fow",
		"x":125,
		"y":305
	  }
	],
	"sections":[
	  {
		"name":"Kill",
		"item_count":1,
		"access_rules":["$Json_Dungeon_Fortress_Eyegores"],
		"chest_unopened_img":"images/items-map/chest_closed.png",
		"chest_opened_img":"images/items-map/chest_open.png",
	  }  
	  
	]
  },
  {
	"name":"Fortress - Left Side Key",
	"map_locations":[
	  {
		"map":"fow",
		"x":485,
		"y":460
	  }
	],
	"sections":[
	  {
		"name":"Drop",
		"item_count":1,
		"access_rules":["$Json_Dungeon_Fortress_LeftSideKeyDrop"],
		"chest_unopened_img":"images/items-map/Small Key.png",
		"chest_opened_img":"images/items-map/Small Key Done.png",
	  }  
	  
	]
  },
  {
	"name":"Fortress - Two Lever Room Right",
	"map_locations":[
	  {
		"map":"fow",
		"x":2415,
		"y":675
	  }
	],
	"sections":[
	  {
		"name":"Chest",
		"item_count":1,
		"access_rules":["$Json_Dungeon_Fortress_RightSideTwoLeverRoom"],
		"chest_unopened_img":"images/items-map/chest_closed.png",
		"chest_opened_img":"images/items-map/chest_open.png",
	  }  
	  
	]
  },
  {
	"name":"Fortress - Two Lever Room Left",
	"map_locations":[
	  {
		"map":"fow",
		"x":2285,
		"y":675
	  }
	],
	"sections":[
	  {
		"name":"Chest",
		"item_count":1,
		"access_rules":["$Json_Dungeon_Fortress_RightSideTwoLeverRoom"],
		"chest_unopened_img":"images/items-map/chest_closed.png",
		"chest_opened_img":"images/items-map/chest_open.png",
	  }  
	  
	]
  },
  {
	"name":"Fortress - Right Side 2nd Floor Mitts",
	"map_locations":[
	  {
		"map":"fow",
		"x":2190,
		"y":1060
	  }
	],
	"sections":[
	  {
		"name":"Chest",
		"item_count":1,
		"access_rules":["$Json_Dungeon_Fortress_RightSideMittsChests"],
		"chest_unopened_img":"images/items-map/chest_closed.png",
		"chest_opened_img":"images/items-map/chest_open.png",
	  }  
	  
	]
  },
  {
	"name":"Fortress - Right Side 3rd Floor Mitts",
	"map_locations":[
	  {
		"map":"fow",
		"x":795,
		"y":710
	  }
	],
	"sections":[
	  {
		"name":"Chest",
		"item_count":1,
		"access_rules":["$Json_Dungeon_Fortress_RightSideMittsChests"],
		"chest_unopened_img":"images/items-map/chest_closed.png",
		"chest_opened_img":"images/items-map/chest_open.png",
	  }  
	  
	]
  },
  {
	"name":"Fortress - Right Side Key",
	"map_locations":[
	  {
		"map":"fow",
		"x":900,
		"y":460
	  }
	],
	"sections":[
	  {
		"name":"Drop",
		"item_count":1,
		"access_rules":["$Json_Dungeon_Fortress_RightSideKeyDrop"],
		"chest_unopened_img":"images/items-map/Small Key.png",
		"chest_opened_img":"images/items-map/Small Key Done.png",
	  }  
	  
	]
  },
  {
	"name":"Fortress - Right Side Heart Piece",
	"map_locations":[
	  {
		"map":"fow",
		"x":1110,
		"y":935
	  }
	],
	"sections":[
	  {
		"name":"Heart Piece",
		"item_count":1,
		"access_rules":["$Json_Dungeon_Fortress_RightSideHeartPiece"],
		"chest_unopened_img":"images/items-map/Heart Piece.png",
		"chest_opened_img":"images/items-map/Heart Piece Gray.png",
	  }  
	  
	]
  },
  {
	"name":"Fortress - Pedestal",
	"map_locations":[
	  {
		"map":"fow",
		"x":2075,
		"y":610
	  }
	],
	"sections":[
	  {
		"name":"Big Chest",
		"item_count":1,
		"access_rules":["$Json_Dungeon_Fortress_PedestalChest"],
		"chest_unopened_img":"images/items-map/big_chest_closed.png",
		"chest_opened_img":"images/items-map/big_chest_open.png",
	  }  
	  
	]
  },
  {
	"name":"Fortress - Center Path Switch",
	"map_locations":[
	  {
		"map":"fow",
		"x":2030,
		"y":995
	  }
	],
	"sections":[
	  {
		"name":"Drop",
		"item_count":1,
		"access_rules":["$Json_Dungeon_Fortress_CenterPathSwitch"],
		"chest_unopened_img":"images/items-map/chest_closed.png",
		"chest_opened_img":"images/items-map/chest_open.png",
	  }  
	  
	]
  },
  {
	"name":"Fortress - Bombable Wall Big Chest",
	"map_locations":[
	  {
		"map":"fow",
		"x":1765,
		"y":260
	  }
	],
	"sections":[
	  {
		"name":"Big Chest",
		"item_count":1,
		"access_rules":["$Json_Dungeon_Fortress_BombableWallBigChest"],
		"chest_unopened_img":"images/items-map/big_chest_closed.png",
		"chest_opened_img":"images/items-map/big_chest_open.png",
	  }  
	  
	]
  },
  {
	"name":"Fortress - Bombable Wall Chest",
	"map_locations":[
	  {
		"map":"fow",
		"x":1900,
		"y":260
	  }
	],
	"sections":[
	  {
		"name":"Chest",
		"item_count":1,
		"access_rules":["$Json_Dungeon_Fortress_BombableWallSmallChest"],
		"chest_unopened_img":"images/items-map/chest_closed.png",
		"chest_opened_img":"images/items-map/chest_open.png",
	  }  
	  
	]
  },
  {
	"name":"Fortress - Clone Puzzle Key",
	"map_locations":[
	  {
		"map":"fow",
		"x":2665,
		"y":230
	  }
	],
	"sections":[
	  {
		"name":"Drop",
		"item_count":1,
		"access_rules":["$Json_Dungeon_Fortress_ClonePuzzleKeyDrop"],
		"chest_unopened_img":"images/items-map/Small Key.png",
		"chest_opened_img":"images/items-map/Small Key Done.png",
	  }  
	  
	]
  },
  {
	"name":"Fortress - Minish Dirt Room Key",
	"map_locations":[
	  {
		"map":"fow",
		"x":2430,
		"y":280
	  }
	],
	"sections":[
	  {
		"name":"Drop",
		"item_count":1,
        "capture_item":true,
		"access_rules":["$Json_Dungeon_Fortress_MinishDirtRoomKeyDrop"],
		"chest_unopened_img":"images/items-map/chest_closed.png",
		"chest_opened_img":"images/items-map/chest_open.png",
	  }  
	  
	]
  },
  {
	"name":"Fortress - Right Side Top Moldorm Pot",
	"map_locations":[
	  {
		"map":"fow",
		"x":2480,
		"y":930,
		"restrict_visibility_rules":["specialpot_on"]
	  }
	],
	"sections":[
	  {
		"name":"Drop",
		"item_count":1,
		"access_rules":["$Json_Dungeon_Fortress_RightSideMoldormTopPot"],
		"chest_unopened_img":"images/items-map/chest_closed.png",
		"chest_opened_img":"images/items-map/chest_open.png",
	  }  
	  
	]
  },
  {
	"name":"Fortress - Right Side Left Moldorm Pot",
	"map_locations":[
	  {
		"map":"fow",
		"x":2365,
		"y":1080,
		"restrict_visibility_rules":["specialpot_on"]
	  }
	],
	"sections":[
	  {
		"name":"Drop",
		"item_count":1,
		"access_rules":["$Json_Dungeon_Fortress_RightSideMoldormBottomPot"],
		"chest_unopened_img":"images/items-map/chest_closed.png",
		"chest_opened_img":"images/items-map/chest_open.png",
	  }  
	  
	]
  },
  {
	"name":"Fortress - Skull Room",
	"map_locations":[
	  {
		"map":"fow",
		"x":2680,
		"y":480
	  }
	],
	"sections":[
	  {
		"name":"Big Chest",
		"item_count":1,
		"access_rules":["$Json_Dungeon_Fortress_SkullRoomChest"],
		"chest_unopened_img":"images/items-map/big_chest_closed.png",
		"chest_opened_img":"images/items-map/big_chest_open.png",
	  }  
	  
	]
  },
  {
	"name":"Fortress - Mazaal",
	"map_locations":[
	  {
		"map":"fow",
		"x":660,
		"y":55
	  }
	],
	"sections":[
	  {
		"name":"Heart",
		"item_count":1,
		"access_rules":["$Json_Dungeon_Fortress_Mazaal"],
		"chest_unopened_img":"images/items-map/Heart Container.png",
		"chest_opened_img":"images/items-map/Heart Container Gray.png",
	  }  
	  
	]
  },
  {
	"name":"Palace - Firebar Grate",
	"map_locations":[
	  {
		"map":"pow",
		"x":630,
		"y":90
	  }
	],
	"sections":[
	  {
		"name":"Chest",
		"item_count":1,
		"access_rules":["$Json_Dungeon_Palace_FirebarGrate"],
		"chest_unopened_img":"images/items-map/chest_open.png",
		"chest_opened_img":"images/items-map/chest_closed.png",
	  }  
	]
  },
  {
	"name":"Palace - Wizzrobe Platform Fight",
	"map_locations":[
	  {
		"map":"pow",
		"x":120,
		"y":215
	  }
	],
	"sections":[
	  {
		"name":"Kill",
		"item_count":1,
		"access_rules":["$Json_Dungeon_Palace_WizzrobePlatformFight"],
		"chest_unopened_img":"images/items-map/big_chest_closed.png",
		"chest_opened_img":"images/items-map/big_chest_open.png",
	  }  
	]
  },
  {
	"name":"Palace - Pot Puzzle Key",
	"map_locations":[
	  {
		"map":"pow",
		"x":3720,
		"y":535
	  }
	],
	"sections":[
	  {
		"name":"Drop",
		"item_count":1,
		"access_rules":["$Json_Dungeon_Palace_PotPuzzleKey"],
		"chest_unopened_img":"images/items-map/Small Key.png",
		"chest_opened_img":"images/items-map/Small Key Done.png",
	  }  
	]
  },
  {
	"name":"Palace - Rupees",
	"map_locations":[
	  {
		"map":"pow",
		"x":1930,
		"y":383,
        "restrict_visibility_rules":["rupees_on"]
	  }
	],
	"sections":[
	  {
		"name":"Rupees",
		"item_count":5,
		"access_rules":["$Json_Dungeon_Palace_Rupees"],
		"chest_unopened_img":"images/items-map/chest_closed.png",
		"chest_opened_img":"images/items-map/chest_open.png",
	  }  
	]
  },
  {
	"name":"Palace - Moblin Archer Chest",
	"map_locations":[
	  {
		"map":"pow",
		"x":585,
		"y":1645
	  }
	],
	"sections":[
	  {
		"name":"Chest",
		"item_count":1,
		"access_rules":["$Json_Dungeon_Palace_MoblinArcherChest"],
		"chest_unopened_img":"images/items-map/chest_closed.png",
		"chest_opened_img":"images/items-map/chest_open.png",
	  }  
	]
  },
  {
	"name":"Palace - Flail Soldiers",
	"map_locations":[
	  {
		"map":"pow",
		"x":2385,
		"y":2125
	  }
	],
	"sections":[
	  {
		"name":"Drop",
		"item_count":1,
		"access_rules":["$Json_Dungeon_Palace_FlailSoldiers"],
		"chest_unopened_img":"images/items-map/Small Key.png",
		"chest_opened_img":"images/items-map/Small Key Done.png",
	  }  
	]
  },
  {
	"name":"Palace - Spark",
	"map_locations":[
	  {
		"map":"pow",
		"x":2110,
		"y":2075
	  }
	],
	"sections":[
	  {
		"name":"Chest",
		"item_count":1,
		"access_rules":["$Json_Dungeon_Palace_SparkChest"],
		"chest_unopened_img":"images/items-map/chest_closed.png",
		"chest_opened_img":"images/items-map/chest_open.png",
	  }  
	]
  },
  {
	"name":"Palace - Pre Big Key Door",
	"map_locations":[
	  {
		"map":"pow",
		"x":2140,
		"y":1865
	  }
	],
	"sections":[
	  {
		"name":"Big Chest",
		"item_count":1,
		"access_rules":["$Json_Dungeon_Palace_PreBigKeyDoorBigChest"],
		"chest_unopened_img":"images/items-map/big_chest_closed.png",
		"chest_opened_img":"images/items-map/big_chest_open.png",
	  }  
	]
  },
  {
	"name":"Palace - Roller",
	"map_locations":[
	  {
		"map":"pow",
		"x":1595,
		"y":825
	  }
	],
	"sections":[
	  {
		"name":"Chest",
		"item_count":1,
		"access_rules":["$Json_Dungeon_Palace_RollerChest"],
		"chest_unopened_img":"images/items-map/chest_closed.png",
		"chest_opened_img":"images/items-map/chest_open.png",
	  }  
	]
  },
  {
	"name":"Palace - Dark Room Big Chest",
	"map_locations":[
	  {
		"map":"pow",
		"x":775,
		"y":627
	  }
	],
	"sections":[
	  {
		"name":"Big Chest",
		"item_count":1,
		"access_rules":["$Json_Dungeon_Palace_DarkRoomBig"],
		"chest_unopened_img":"images/items-map/big_chest_closed.png",
		"chest_opened_img":"images/items-map/big_chest_open.png",
	  }  
	]
  },
  {
	"name":"Palace - Dark Room Chest",
	"map_locations":[
	  {
		"map":"pow",
		"x":600,
		"y":520
	  }
	],
	"sections":[
	  {
		"name":"Chest",
		"item_count":1,
		"access_rules":["$Json_Dungeon_Palace_DarkRoomSmall"],
		"chest_unopened_img":"images/items-map/chest_closed.png",
		"chest_opened_img":"images/items-map/chest_open.png",
	  }  
	]
  },
  {
	"name":"Palace - Twin Wizzrobe Fight",
	"map_locations":[
	  {
		"map":"pow",
		"x":2090,
		"y":695
	  }
	],
	"sections":[
	  {
		"name":"Kill",
		"item_count":1,
		"access_rules":["$Json_Dungeon_Palace_TwinWizzrobeFight"],
		"chest_unopened_img":"images/items-map/chest_closed.png",
		"chest_opened_img":"images/items-map/chest_open.png",
	  }  
	]
  },
  {
	"name":"Palace - Firerobe Fight",
	"map_locations":[
	  {
		"map":"pow",
		"x":3400,
		"y":355
	  }
	],
	"sections":[
	  {
		"name":"Kill",
		"item_count":1,
		"access_rules":["$Json_Dungeon_Palace_FireWizzrobeFight"],
		"chest_unopened_img":"images/items-map/big_chest_closed.png",
		"chest_opened_img":"images/items-map/big_chest_open.png",
	  }  
	]
  },
  {
	"name":"Palace - Heart Piece",
	"map_locations":[
	  {
		"map":"pow",
		"x":425,
		"y":1660
	  }
	],
	"sections":[
	  {
		"name":"Heart Piece",
		"item_count":1,
        "capture_item":true,
		"access_rules":["$Json_Dungeon_Palace_HeartPiece"],
		"chest_unopened_img":"images/items-map/Heart Piece.png",
		"chest_opened_img":"images/items-map/Heart Piece Gray.png",
	  }  
	]
  },
  {
	"name":"Palace - Switch",
	"map_locations":[
	  {
		"map":"pow",
		"x":710,
		"y":1915
	  }
	],
	"sections":[
	  {
		"name":"Chest",
		"item_count":1,
		"access_rules":["$Json_Dungeon_Palace_SwitchChest"],
		"chest_unopened_img":"images/items-map/chest_closed.png",
		"chest_opened_img":"images/items-map/chest_open.png",
	  }  
	]
  },
  {
	"name":"Palace - Bombarossa Maze",
	"map_locations":[
	  {
		"map":"pow",
		"x":2625,
		"y":1820
	  }
	],
	"sections":[
	  {
		"name":"Chest",
		"item_count":1,
		"access_rules":["$Json_Dungeon_Palace_BombarossaMaze"],
		"chest_unopened_img":"images/items-map/chest_closed.png",
		"chest_opened_img":"images/items-map/chest_open.png",
	  }  
	]
  },
  {
	"name":"Palace - Block Maze Room",
	"map_locations":[
	  {
		"map":"pow",
		"x":950,
		"y":1660
	  }
	],
	"sections":[
	  {
		"name":"Chest",
		"item_count":1,
		"access_rules":["$Json_Dungeon_Palace_BlockMazeRoom"],
		"chest_unopened_img":"images/items-map/chest_closed.png",
		"chest_opened_img":"images/items-map/chest_open.png",
	  }  
	]
  },
  {
	"name":"Palace - Block Maze Room Detour",
	"map_locations":[
	  {
		"map":"pow",
		"x":3340,
		"y":1870
	  }
	],
	"sections":[
	  {
		"name":"Chest",
		"item_count":1,
		"access_rules":["$Json_Dungeon_Palace_BlockMazeDetour"],
		"chest_unopened_img":"images/items-map/chest_closed.png",
		"chest_opened_img":"images/items-map/chest_open.png",
	  }  
	]
  },
  {
	"name":"Palace - Gyorg",
	"map_locations":[
	  {
		"map":"pow",
		"x":3010,
		"y":1580
	  }
	],
	"sections":[
	  {
		"name":"Heart",
		"item_count":1,
		"access_rules":["$Json_Dungeon_Palace_Gyorg"],
		"chest_unopened_img":"images/items-map/Heart Container.png",
		"chest_opened_img":"images/items-map/Heart Container Gray.png",
	  }  
	]
  },
  {
	"name":"Droplet - First Ice Block",
	"map_locations":[
	  {
		"map":"tod",
		"x":1225,
		"y":110
	  }
	],
	"sections":[
	  {
		"name":"Ice Block",
		"item_count":1,
		"access_rules":["$Json_Dungeon_Droplet_FirstIceBlock"],
		"chest_unopened_img":"images/items-map/chest_closed.png",
		"chest_opened_img":"images/items-map/chest_open.png",
	  }  
	]
  },
  {
	"name":"Droplet - Key Locked Ice Block",
	"map_locations":[
	  {
		"map":"tod",
		"x":905,
		"y":140
	  }
	],
	"sections":[
	  {
		"name":"Ice Block",
		"item_count":1,
		"access_rules":["$Json_Dungeon_Droplet_LockedIceBlock"],
		"chest_unopened_img":"images/items-map/chest_closed.png",
		"chest_opened_img":"images/items-map/chest_open.png",
	  }  
	]
  },
  {
	"name":"Droplet - Post Madderpillar",
	"map_locations":[
	  {
		"map":"tod",
		"x":1505,
		"y":1215
	  }
	],
	"sections":[
	  {
		"name":"Chest",
		"item_count":1,
		"access_rules":["$Json_Dungeon_Droplet_PostMadderpillarChest"],
		"chest_unopened_img":"images/items-map/big_chest_closed.png",
		"chest_opened_img":"images/items-map/big_chest_open.png",
	  }  
	]
  },
  {
	"name":"Droplet - Underwater Pot",
	"map_locations":[
	  {
		"map":"tod",
		"x":910,
		"y":1420
	  }
	],
	"sections":[
	  {
		"name":"Drop",
		"item_count":1,
		"access_rules":["$Json_Dungeon_Droplet_UnderwaterPot"],
		"chest_unopened_img":"images/items-map/Small Key.png",
		"chest_opened_img":"images/items-map/Small Key Done.png",
	  }  
	]
  },
  {
	"name":"Droplet - Overhang",
	"map_locations":[
	  {
		"map":"tod",
		"x":740,
		"y":2925
	  }
	],
	"sections":[
	  {
		"name":"Chest",
		"item_count":1,
		"access_rules":["$Json_Dungeon_Droplet_OverhangChest"],
		"chest_unopened_img":"images/items-map/big_chest_closed.png",
		"chest_opened_img":"images/items-map/big_chest_open.png",
	  }  
	]
  },
  {
	"name":"Droplet - Left Path",
	"map_locations":[
	  {
		"map":"tod",
		"x":690,
		"y":2815,
        "restrict_visibility_rules":["rupees_on"]
	  }
	],
	"sections":[
	  {
		"name":"Rupees",
		"item_count":5,
		"access_rules":["$Json_Dungeon_Droplet_LeftPathRupees"],
		"chest_unopened_img":"images/items-map/chest_closed.png",
		"chest_opened_img":"images/items-map/chest_open.png",
	  }  
	]
  },
  {
	"name":"Droplet - Right Path",
	"map_locations":[
	  {
		"map":"tod",
		"x":1450,
		"y":517,
        "restrict_visibility_rules":["rupees_on"]
	  }
	],
	"sections":[
	  {
		"name":"Rupees",
		"item_count":5,
		"access_rules":["$Json_Dungeon_Droplet_RightPathRupees"],
		"chest_unopened_img":"images/items-map/chest_closed.png",
		"chest_opened_img":"images/items-map/chest_open.png",
	  }  
	]
  },
  {
	"name":"Droplet - Upper Underwater",
	"map_locations":[
	  {
		"map":"tod",
		"x":370,
		"y":2350,
		"restrict_visibility_rules":["rupees_on,underwater_on"]
	  }
	],
	"sections":[
	  {
		"name":"Rupees",
		"item_count":6,
		"access_rules":["$Json_Dungeon_Droplet_UpperWaterRupees"],
		"chest_unopened_img":"images/items-map/chest_closed.png",
		"chest_opened_img":"images/items-map/chest_open.png",
	  }  
	]
  },
  {
	"name":"Droplet - Lower Underwater",
	"map_locations":[
	  {
		"map":"tod",
		"x":600,
		"y":1215,
		"restrict_visibility_rules":["rupees_on,underwater_on"]
	  }
	],
	"sections":[
	  {
		"name":"Rupees",
		"item_count":6,
		"access_rules":["$Json_Dungeon_Droplet_IcePuzzleFreeChest"],
		"chest_unopened_img":"images/items-map/chest_closed.png",
		"chest_opened_img":"images/items-map/chest_open.png",
	  }  
	]
  },
  {
	"name":"Droplet - Ice Puzzle",
	"map_locations":[
	  {
		"map":"tod",
		"x":1000,
		"y":830
	  }
	],
	"sections":[
	  {
		"name":"Chest",
		"item_count":1,
		"access_rules":["$Json_Dungeon_Droplet_IcePuzzleFrozenChest"],
		"chest_unopened_img":"images/items-map/chest_closed.png",
		"chest_opened_img":"images/items-map/chest_open.png",
	  }  
	]
  },
  {
	"name":"Droplet - Ice Puzzle Frozen",
	"map_locations":[
	  {
		"map":"tod",
		"x":1110,
		"y":975
	  }
	],
	"sections":[
	  {
		"name":"Chest",
		"item_count":1,
		"access_rules":["$Json_Dungeon_Droplet_IcePuzzleFrozenChest"],
		"chest_unopened_img":"images/items-map/chest_closed.png",
		"chest_opened_img":"images/items-map/chest_open.png",
	  }  
	]
  },
  {
	"name":"Droplet - Post Ice Puzzle",
	"map_locations":[
	  {
		"map":"tod",
		"x":695,
		"y":1025
	  }
	],
	"sections":[
	  {
		"name":"Chest",
		"item_count":1,
		"access_rules":["$Json_Dungeon_Droplet_PostIcePuzzleFrozenChest"],
		"chest_unopened_img":"images/items-map/chest_closed.png",
		"chest_opened_img":"images/items-map/chest_open.png",
	  }  
	]
  },
  {
	"name":"Droplet - Right Path Ice Walkway First",
	"map_locations":[
	  {
		"map":"tod",
		"x":1475,
		"y":2365
	  }
	],
	"sections":[
	  {
		"name":"Chest",
		"item_count":1,
		"access_rules":["$Json_Dungeon_Droplet_RightPathIceWalkwayChests"],
		"chest_unopened_img":"images/items-map/chest_closed.png",
		"chest_opened_img":"images/items-map/chest_open.png",
	  }  
	]
  },
  {
	"name":"Droplet - Right Path Ice Walkway Second",
	"map_locations":[
	  {
		"map":"tod",
		"x":1680,
		"y":2545
	  }
	],
	"sections":[
	  {
		"name":"Chest",
		"item_count":1,
		"access_rules":["$Json_Dungeon_Droplet_RightPathIceWalkwayChests"],
		"chest_unopened_img":"images/items-map/chest_closed.png",
		"chest_opened_img":"images/items-map/chest_open.png",
	  }  
	]
  },
  {
	"name":"Droplet - Right Path Ice Walkway Pot",
	"map_locations":[
	  {
		"map":"tod",
		"x":1780,
		"y":2780,
        "restrict_visibility_rules":["specialpot_on"]
	  }
	],
	"sections":[
	  {
		"name":"Drop",
		"item_count":1,
		"access_rules":["$Json_Dungeon_Droplet_RightPathIceWalkwayPot"],
		"chest_unopened_img":"images/items-map/chest_closed.png",
		"chest_opened_img":"images/items-map/chest_open.png",
	  }  
	]
  },
  {
	"name":"Droplet - Blue Chu",
	"map_locations":[
	  {
		"map":"tod",
		"x":1440,
		"y":3010
	  }
	],
	"sections":[
	  {
		"name":"Kill",
		"item_count":1,
		"access_rules":["$Json_Dungeon_Droplet_BlueChu"],
		"chest_unopened_img":"images/items-map/big_chest_closed.png",
		"chest_opened_img":"images/items-map/big_chest_open.png",
	  }  
	]
  },
  {
	"name":"Droplet - Basement Frozen",
	"map_locations":[
	  {
		"map":"tod",
		"x":1720,
		"y":1440
	  }
	],
	"sections":[
	  {
		"name":"Chest",
		"item_count":1,
		"access_rules":["$Json_Dungeon_Droplet_BasementFrozenChest"],
		"chest_unopened_img":"images/items-map/chest_closed.png",
		"chest_opened_img":"images/items-map/chest_open.png",
	  }  
	]
  },
  {
	"name":"Droplet - Post Blue Chu Frozen",
	"map_locations":[
	  {
		"map":"tod",
		"x":1385,
		"y":1235
	  }
	],
	"sections":[
	  {
		"name":"Chest",
		"item_count":1,
		"access_rules":["$Json_Dungeon_Droplet_PostBlueChuFrozenChest"],
		"chest_unopened_img":"images/items-map/chest_closed.png",
		"chest_opened_img":"images/items-map/chest_open.png",
	  }  
	]
  },
  {
	"name":"Droplet - Dark Maze Bottom",
	"map_locations":[
	  {
		"map":"tod",
		"x":1895,
		"y":1120
	  }
	],
	"sections":[
	  {
		"name":"Chest",
		"item_count":1,
		"access_rules":["$Json_Dungeon_Droplet_DarkMaze"],
		"chest_unopened_img":"images/items-map/chest_closed.png",
		"chest_opened_img":"images/items-map/chest_open.png",
	  }  
	]
  },
  {
	"name":"Droplet - Dark Maze Top Left",
	"map_locations":[
	  {
		"map":"tod",
		"x":1850,
		"y":800
	  }
	],
	"sections":[
	  {
		"name":"Chest",
		"item_count":1,
		"access_rules":["$Json_Dungeon_Droplet_DarkMaze"],
		"chest_unopened_img":"images/items-map/chest_closed.png",
		"chest_opened_img":"images/items-map/chest_open.png",
	  }  
	]
  },
  {
	"name":"Droplet - Dark Maze Top Right",
	"map_locations":[
	  {
		"map":"tod",
		"x":1990,
		"y":720
	  }
	],
	"sections":[
	  {
		"name":"Chest",
		"item_count":1,
		"access_rules":["$Json_Dungeon_Droplet_DarkMaze"],
		"chest_unopened_img":"images/items-map/chest_closed.png",
		"chest_opened_img":"images/items-map/chest_open.png",
	  }  
	]
  },
  {
	"name":"Droplet - Dark Maze Bombable Wall",
	"map_locations":[
	  {
		"map":"tod",
		"x":1670,
		"y":975
	  }
	],
	"sections":[
	  {
		"name":"Chest",
		"item_count":1,
		"access_rules":["$Json_Dungeon_Droplet_DarkMazeBombWall"],
		"chest_unopened_img":"images/items-map/chest_closed.png",
		"chest_opened_img":"images/items-map/chest_open.png",
	  }  
	]
  },
  {
	"name":"Droplet - Octo",
	"map_locations":[
	  {
		"map":"tod",
		"x":1040,
		"y":2875
	  }
	],
	"sections":[
	  {
		"name":"Heart",
		"item_count":1,
		"access_rules":["$Json_Dungeon_Droplet_Octo"],
		"chest_unopened_img":"images/items-map/chest_closed.png",
		"chest_opened_img":"images/items-map/chest_open.png",
	  }  
	]
  },
  {
	"name":"Dark Hyrule Castle - Blade",
	"map_locations":[
	  {
		"map":"dhc",
		"x":2265,
		"y":870,
        "restrict_visibility_rules":["dhc_open","dhc_closed"]
	  }
	],
	"sections":[
	  {
		"name":"Chest",
		"item_count":1,
		"access_rules":["$Json_Dungeon_DHC_BladeChest"],
		"chest_unopened_img":"images/items-map/Small Key.png",
		"chest_opened_img":"images/items-map/Small Key Gray.png",
	  }  
	]
  },
  {
	"name":"Dark Hyrule Castle - Platform",
	"map_locations":[
	  {
		"map":"dhc",
		"x":3090,
		"y":1800,
        "restrict_visibility_rules":["dhc_open","dhc_closed"]
	  }
	],
	"sections":[
	  {
		"name":"Big Chest",
		"item_count":1,
		"access_rules":["$Json_Dungeon_DHC_PlatformChest"],
		"chest_unopened_img":"images/items-map/big_chest_closed.png",
		"chest_opened_img":"images/items-map/big_chest_open.png",
	  }  
	]
  },
  {
	"name":"Dark Hyrule Castle - Stone King",
	"map_locations":[
	  {
		"map":"dhc",
		"x":3295,
		"y":110,
        "restrict_visibility_rules":["dhc_open","dhc_closed"]
	  }
	],
	"sections":[
	  {
		"name":"Gift",
		"item_count":1,
		"access_rules":["$Json_Dungeon_DHC_StoneKing"],
		"chest_unopened_img":"images/items-map/chest_closed.png",
		"chest_opened_img":"images/items-map/chest_open.png",
	  }  
	]
  },
  {
	"name":"Dark Hyrule Castle - Post Throne",
	"map_locations":[
	  {
		"map":"dhc",
		"x":2230,
		"y":70,
        "restrict_visibility_rules":["dhc_open","dhc_closed"]
	  }
	],
	"sections":[
	  {
		"name":"Big Chest",
		"item_count":1,
		"access_rules":["$Json_Dungeon_DHC_PostThroneBigChest"],
		"chest_unopened_img":"images/items-map/chest_closed.png",
		"chest_opened_img":"images/items-map/chest_open.png",
	  }  
	]
  },
  {
	"name":"Dark Hyrule Castle - Northwest Tower",
	"map_locations":[
	  {
		"map":"dhc",
		"x":220,
		"y":130,
        "restrict_visibility_rules":["dhc_open","dhc_closed"]
	  }
	],
	"sections":[
	  {
		"name":"Chest",
		"item_count":1,
		"access_rules":["$Json_Dungeon_DHC_NorthwestTower"],
		"chest_unopened_img":"images/items-map/Small Key.png",
		"chest_opened_img":"images/items-map/Small Key Gray.png",
	  }  
	]
  },
  {
	"name":"Dark Hyrule Castle - Southwest Tower",
	"map_locations":[
	  {
		"map":"dhc",
		"x":220,
		"y":1490,
        "restrict_visibility_rules":["dhc_open","dhc_closed"]
	  }
	],
	"sections":[
	  {
		"name":"Chest",
		"item_count":1,
		"access_rules":["$Json_Dungeon_DHC_SouthwestTower"],
		"chest_unopened_img":"images/items-map/Small Key.png",
		"chest_opened_img":"images/items-map/Small Key Gray.png",
	  }  
	]
  },
  {
	"name":"Dark Hyrule Castle - Southeast Tower",
	"map_locations":[
	  {
		"map":"dhc",
		"x":1315,
		"y":1490,
        "restrict_visibility_rules":["dhc_open","dhc_closed"]
	  }
	],
	"sections":[
	  {
		"name":"Chest",
		"item_count":1,
		"access_rules":["$Json_Dungeon_DHC_SoutheastTower"],
		"chest_unopened_img":"images/items-map/Small Key.png",
		"chest_opened_img":"images/items-map/Small Key Gray.png",
	  }  
	]
  },
  {
	"name":"Dark Hyrule Castle - Northeast Tower",
	"map_locations":[
	  {
		"map":"dhc",
		"x":1305,
		"y":135,
        "restrict_visibility_rules":["dhc_open","dhc_closed"]
	  }
	],
	"sections":[
	  {
		"name":"Chest",
		"item_count":1,
		"access_rules":["$Json_Dungeon_DHC_NortheastTower"],
		"chest_unopened_img":"images/items-map/Small Key.png",
		"chest_opened_img":"images/items-map/Small Key Gray.png",
	  }  
	]
  },
  {
	"name":"Dark Hyrule Castle - Big Block",
	"map_locations":[
	  {
		"map":"dhc",
		"x":765,
		"y":225,
        "restrict_visibility_rules":["dhc_open","dhc_closed"]
	  }
	],
	"sections":[
	  {
		"name":"Big Chest",
		"item_count":1,
		"access_rules":["$Json_Dungeon_DHC_BigBlockChest"],
		"chest_unopened_img":"images/items-map/big_chest_closed.png",
		"chest_opened_img":"images/items-map/big_chest_open.png",
	  }  
	]
  },
  {
	"name":"Dark Hyrule Castle - Vaati",
	"map_locations":[
	  {
		"map":"dhc",
		"x":1630,
		"y":300,
        "restrict_visibility_rules":["dhc_open","dhc_closed"]
	  }
	],
	"sections":[
	  {
		"name":"Kill",
		"item_count":1,
		"access_rules":["$Json_Dungeon_DHC_Vaati"],
		"chest_unopened_img":"images/items-map/TriForce.png",
		"chest_opened_img":"images/items-map/TriForce_Gray.png",
	  }  
	]
  },
  {
	"name":"Dark Hyrule Castle - Pedestal Items",
	"map_locations":[
	  {
		"map":"dhc",
		"x":3090,
		"y":1480,
        "restrict_visibility_rules":["ped_items_on,dhc_open"]
	  }
	],
	"sections":[
	  {
		"name":"Two Elements",
		"item_count":1,
		"access_rules":["$Json_Dungeon_DHC_PedestalTwoElements"],
		"chest_unopened_img":"images/items-map/chest_closed.png",
		"chest_opened_img":"images/items-map/chest_open.png",
	  } ,
	  {
		"name":"Three Elements",
		"item_count":1,
		"access_rules":["$Json_Dungeon_DHC_PedestalThreeElements"],
		"chest_unopened_img":"images/items-map/chest_closed.png",
		"chest_opened_img":"images/items-map/chest_open.png",
	  } ,
	  {
		"name":"Four Elements",
		"item_count":1,
		"access_rules":["$Json_Dungeon_DHC_PedestalFourElements"],
		"chest_unopened_img":"images/items-map/chest_closed.png",
		"chest_opened_img":"images/items-map/chest_open.png",
	  }  
	]
  },
  {
	"name":"Dark Hyrule Castle - Pull the Pedestal",
	"map_locations":[
	  {
		"map":"dhc",
		"x":3090,
		"y":1480,
        "restrict_visibility_rules":["dhc_none"]
	  }
	],
	"sections":[
	  {
		"name":"Win",
		"item_count":1,
		"access_rules":["$Json_Dungeon_DHC_Win"],
		"chest_unopened_img":"images/items-map/chest_closed.png",
		"chest_opened_img":"images/items-map/chest_open.png",
	  }  
	]
  }
]