[
  {
	"name":"Crenel - Mines - Digging Spot 8",
	"map_locations":[
	  {
		"map":"mines",
		"x":1110,
		"y":1100,
        "restrict_visibility_rules":["digging_on"]
	  }
	],
	"sections":[
	  {
		"name":"Digging",
		"item_count":1,
		"access_rules":["$Json_Crenel_Mines_Digging"],
		"chest_unopened_img":"images/items-map/chest_closed.png",
		"chest_opened_img":"images/items-map/chest_open.png"
	  }
	]
  },
  {
	"name":"Crenel - Mines - Digging Spot 7",
	"map_locations":[
	  {
		"map":"mines",
		"x":580,
		"y":1650,
        "restrict_visibility_rules":["digging_on"]
	  }
	],
	"sections":[
	  {
		"name":"Digging",
		"item_count":1,
		"access_rules":["$Json_Crenel_Mines_Digging"],
		"chest_unopened_img":"images/items-map/chest_closed.png",
		"chest_opened_img":"images/items-map/chest_open.png"
	  }
	]
  },
  {
	"name":"Crenel - Mines - Digging Spot 6",
	"map_locations":[
	  {
		"map":"mines",
		"x":1375,
		"y":1700,
        "restrict_visibility_rules":["digging_on"]
	  }
	],
	"sections":[
	  {
		"name":"Digging",
		"item_count":1,
		"access_rules":["$Json_Crenel_Mines_Digging"],
		"chest_unopened_img":"images/items-map/chest_closed.png",
		"chest_opened_img":"images/items-map/chest_open.png"
	  }
	]
  },
  {
	"name":"Crenel - Mines - Digging Spot 5",
	"map_locations":[
	  {
		"map":"mines",
		"x":2080,
		"y":1750,
        "restrict_visibility_rules":["digging_on"]
	  }
	],
	"sections":[
	  {
		"name":"Digging",
		"item_count":1,
		"access_rules":["$Json_Crenel_Mines_Digging"],
		"chest_unopened_img":"images/items-map/chest_closed.png",
		"chest_opened_img":"images/items-map/chest_open.png"
	  }
	]
  },
  {
	"name":"Crenel - Mines - Digging Spot 4",
	"map_locations":[
	  {
		"map":"mines",
		"x":2175,
		"y":400,
        "restrict_visibility_rules":["digging_on"]
	  }
	],
	"sections":[
	  {
		"name":"Digging",
		"item_count":1,
		"access_rules":["$Json_Crenel_Mines_Digging"],
		"chest_unopened_img":"images/items-map/chest_closed.png",
		"chest_opened_img":"images/items-map/chest_open.png"
	  }
	]
  },
  {
	"name":"Crenel - Mines - Digging Spot 3",
	"map_locations":[
	  {
		"map":"mines",
		"x":750,
		"y":240,
        "restrict_visibility_rules":["digging_on"]
	  }
	],
	"sections":[
	  {
		"name":"Digging",
		"item_count":1,
		"access_rules":["$Json_Crenel_Mines_Digging"],
		"chest_unopened_img":"images/items-map/chest_closed.png",
		"chest_opened_img":"images/items-map/chest_open.png"
	  }
	]
  },
  {
	"name":"Crenel - Mines - Digging Spot 2",
	"map_locations":[
	  {
		"map":"mines",
		"x":1700,
		"y":240,
        "restrict_visibility_rules":["digging_on"]
	  }
	],
	"sections":[
	  {
		"name":"Digging",
		"item_count":1,
		"access_rules":["$Json_Crenel_Mines_Digging"],
		"chest_unopened_img":"images/items-map/chest_closed.png",
		"chest_opened_img":"images/items-map/chest_open.png"
	  }
	]
  },
  {
	"name":"Crenel - Mines - Digging Spot 1",
	"map_locations":[
	  {
		"map":"mines",
		"x":790,
		"y":785,
        "restrict_visibility_rules":["digging_on"]
	  }
	],
	"sections":[
	  {
		"name":"Digging",
		"item_count":1,
		"access_rules":["$Json_Crenel_Mines_Digging"],
		"chest_unopened_img":"images/items-map/chest_closed.png",
		"chest_opened_img":"images/items-map/chest_open.png"
	  }
	]
  }
 ]