[
  {
	"name":"North Field - Digging Spot",
	"map_locations":[
	  {
		"map":"map",
		"x":1250,
		"y":800,
        "restrict_visibility_rules":["digging_on"]
	  }
	],
	"sections":[
	  {
		"name":"Digging",
		"item_count":1,
		"access_rules":["$Json_NorthField_DiggingSpot_Digging"],
		"chest_unopened_img":"images/items-map/chest_closed.png",
		"chest_opened_img":"images/items-map/chest_open.png"
	  }
	]
  },
  {
	"name":"North Field - Cave",
	"map_locations":[
	  {
		"map":"map",
		"x":1175,
		"y":650,
	  },
	  {
		"map":"map",
		"x":1180,
		"y":800
	  }
	],
	"sections":[
	  {
		"name":"Heart Piece",
		"item_count":1,
		"access_rules":["$Json_NorthField_Cave_HeartPiece"],
		"chest_unopened_img":"images/items-map/Heart Piece.png",
		"chest_opened_img":"images/items-map/Heart Piece Gray.png"
	  }
	]
  },
  {
	"name":"North Field - Dojo Waterfall",
	"map_locations":[
	  {
		"map":"map",
		"x":1120,
		"y":800,
        "restrict_visibility_rules":["$FusionsRed"]
	  }
	],
	"sections":[
	  {
		"name":"Greatblade",
		"item_count":1,
		"access_rules":["$Json_NorthField_DojoWaterfall_Greatblade"],
		"chest_unopened_img":"images/items-map/Tiger Scroll.png",
		"chest_opened_img":"images/items-map/Tiger Scroll Done.png"
	  }
	]
  },
  {
	"name":"North Field - Top Right Tree",
	"map_locations":[
	  {
		"map":"map",
		"x":1370,
		"y":655,
        "restrict_visibility_rules":["$FusionsGreen"]
	  }
	],
	"sections":[
	  {
		"name":"Chest",
		"item_count":1,
		"access_rules":["$Json_NorthField_TopRightTree_Chest"],
		"chest_unopened_img":"images/items-map/chest_closed.png",
		"chest_opened_img":"images/items-map/chest_open.png"
	  }
	]
  },
  {
	"name":"North Field - Top Left Tree",
	"map_locations":[
	  {
		"map":"map",
		"x":1275,
		"y":655,
        "restrict_visibility_rules":["$FusionsGreen"]
	  }
	],
	"sections":[
	  {
		"name":"Chest",
		"item_count":1,
		"access_rules":["$Json_NorthField_TopLeftTree_Chest"],
		"chest_unopened_img":"images/items-map/chest_closed.png",
		"chest_opened_img":"images/items-map/chest_open.png"
	  }
	]
  },
  {
	"name":"North Field - Bottom Right Tree",
	"map_locations":[
	  {
		"map":"map",
		"x":1370,
		"y":730,
        "restrict_visibility_rules":["$FusionsGreen"]
	  }
	],
	"sections":[
	  {
		"name":"Chest",
		"item_count":1,
		"access_rules":["$Json_NorthField_BottomRightTree_Chest"],
		"chest_unopened_img":"images/items-map/chest_closed.png",
		"chest_opened_img":"images/items-map/chest_open.png"
	  }
	]
  },
  {
	"name":"North Field - Bottom Left Tree",
	"map_locations":[
	  {
		"map":"map",
		"x":1275,
		"y":730,
        "restrict_visibility_rules":["$FusionsGreen"]
	  }
	],
	"sections":[
	  {
		"name":"Chest",
		"item_count":1,
		"access_rules":["$Json_NorthField_BottomLeftTree_Chest"],
		"chest_unopened_img":"images/items-map/chest_closed.png",
		"chest_opened_img":"images/items-map/chest_open.png"
	  }
	]
  },
  {
	"name":"North Field - Tingle Chest",
	"map_locations":[
	  {
		"map":"map",
		"x":1325,
		"y":695,
        "restrict_visibility_rules":["$FusionsGreen"]
	  }
	],
	"sections":[
	  {
		"name":"Big Chest",
		"item_count":1,
		"access_rules":["$Json_NorthField_TingleChest_BigChest"],
        "chest_unopened_img":"images/items-map/big_chest_closed.png",
        "chest_opened_img":"images/items-map/big_chest_open.png"
	  }
	]
  },
  {
	"name":"North Field - Minish Crack",
	"map_locations":[
	  {
		"map":"map",
		"x":1600,
		"y":730,
	  }
	],
	"sections":[
	  {
		"name":"Fuzer Forest Minish",
		"hosted_item":"fusions64",
		"visibility_rules":["fusionblue_vanilla,openworld_off"],
		"access_rules":["$Json_NorthField_MinishCrack_Fuzer"],
	  }
	]
  },
]