[
  {
	"name":"Wind Ruins - Minish Wall Hole",
	"map_locations":[
	  {
		"map":"map",
		"x":230,
		"y":2000,
	  }
	],
	"sections":[
	  {
		"name":"Heart Piece",
		"item_count":1,
		"access_rules":["$Json_Ruins_MinishWallHole_HeartPiece"],
		"chest_unopened_img": "images/items-map/Heart Piece.png",
		"chest_opened_img": "images/items-map/Heart Piece Gray.png"
	}
	]
  },
  {
	"name":"Wind Ruins - Minish Hole",
	"map_locations":[
	  {
		"map":"map",
		"x":50,
		"y":2000,
	  }
	],
	"sections":[
	  {
		"name":"Chest",
		"item_count":1,
		"access_rules":["$Json_Ruins_MinishHole_Chest"],
		"chest_unopened_img":"images/items-map/chest_closed.png",
		"chest_opened_img":"images/items-map/chest_open.png"
	  },
	  {
		"name":"Fuzer Forest Minish",
		"hosted_item":"fusions17",
		"visibility_rules":["fusionred_vanilla,openworld_off"],
		"access_rules":["$Json_Ruins_MinishHole_Fuzer"],
	  }
	]
  },
  {
	"name":"Wind Ruins - Bombable Wall",
	"map_locations":[
	  {
		"map":"map",
		"x":130,
		"y":1780,
	  }
	],
	"sections":[
	  {
		"name":"Chest",
		"item_count":1,
		"access_rules":["$Json_Ruins_BombableWall_Chest"],
		"chest_unopened_img":"images/items-map/chest_closed.png",
		"chest_opened_img":"images/items-map/chest_open.png"
	  }
	]
  },
  {
	"name":"Wind Ruins - Armos Kill",
	"map_locations":[
	  {
		"map":"map",
		"x":560,
		"y":1930,
	  }
	],
	"sections":[
	  {
		"name":"Chest",
		"item_count":2,
		"access_rules":["$Json_Ruins_ArmosKill_Chest"],
		"chest_unopened_img":"images/items-map/chest_closed.png",
		"chest_opened_img":"images/items-map/chest_open.png"
	  }
	]
  },
  {
	"name":"Wind Ruins - Pre FOW",
	"map_locations":[
	  {
		"map":"map",
		"x":640,
		"y":1867,
		"restrict_visibility_rules":["$FusionsRed"]
	  }
	],
	"sections":[
	  {
		"name":"Chest",
		"item_count":1,
		"access_rules":["$Json_Ruins_PreFOW_Chest"],
		"chest_unopened_img":"images/items-map/chest_closed.png",
		"chest_opened_img":"images/items-map/chest_open.png"
	  }
	]
  },
  {
	"name":"Wind Ruins - 4 Pillars",
	"map_locations":[
	  {
		"map":"map",
		"x":250,
		"y":2060,
		"restrict_visibility_rules":["$FusionsGreen"]
	  }
	],
	"sections":[
	  {
		"name":"Chest",
		"item_count":1,
		"access_rules":["$Json_Ruins_4Pillars_Chest"],
		"chest_unopened_img":"images/items-map/chest_closed.png",
		"chest_opened_img":"images/items-map/chest_open.png"
	  }
	]
  },
  {
	"name":"Wind Ruins - Octo Golden",
	"map_locations":[
	  {
		"map":"map",
		"x":500,
		"y":2060,
		"restrict_visibility_rules":["$FusionsGreen,golden_enemy_on"]
	  }
	],
	"sections":[
	  {
		"name":"Kill",
		"item_count":1,
		"access_rules":["$Json_Ruins_OctoGolden_Kill"],
		"chest_unopened_img":"images/items-map/chest_closed.png",
		"chest_opened_img":"images/items-map/chest_open.png"
	  }
	]
  },
  {
	"name":"Wind Ruins - Minish Crack",
	"map_locations":[
	  {
		"map":"map",
		"x":291,
		"y":1953,
		"restrict_visibility_rules":["$FusionsGreen"]
	  }
	],
	"sections":[
	  {
		"name":"Chest",
		"item_count":1,
		"access_rules":["$Json_Ruins_MinishCrack_Chest"],
		"chest_unopened_img":"images/items-map/chest_closed.png",
		"chest_opened_img":"images/items-map/chest_open.png"
	  }
	]
  },
  {
	"name": "Wind Ruins - Joy Butterfly",
	"map_locations":[
	  {
		"map":"map",
		"x":20,
		"y":1850,
		"restrict_visibility_rules":["$FusionsRed"]
	  }
	],
	"sections":[
	  {
		"name":"Joy Butterfly",
		"item_count":1,
		"access_rules":["$Json_Ruins_JoyButterfly_Butterfly"],
		"chest_unopened_img":"images/items-map/chest_closed.png",
		"chest_opened_img":"images/items-map/chest_open.png"
	  }
	]
  },
  {
	"name":"Wind Ruins - Beanstalk",
	"map_locations":[
	  {
		"map":"map",
		"x":210,
		"y":1795,
		"restrict_visibility_rules":["$FusionsRed"]

	  }
	],
	"sections":[
	  {
		"name":"Big Chest",
		"item_count":1,
		"access_rules":["$Json_Ruins_Beanstalk_BigChest"],
		"chest_unopened_img":"images/items-map/big_chest_closed.png",
		"chest_opened_img":"images/items-map/big_chest_open.png"
	  }
	]
  }
]