[
  {
	"name":"South Field - Tingle",
	"map_locations":[
	  {
		"map":"map",
		"x":1622,
		"y":1835,
	  }
	],
	"sections":[
	  {
		"name":"Gift",
		"item_count":1,
		"access_rules":["$Json_SouthHyruleField_Tingle_Gift"],
		"chest_unopened_img":"images/items-map/chest_closed.png",
		"chest_opened_img":"images/items-map/chest_open.png"
	  },
	  {
		"name":"Fuzer Tingle 1",
		"hosted_item":"fusions59",
		"visibility_rules":["fusiongreen_vanilla,openworld_off"],
		"access_rules":["$Json_SouthHyruleField_Tingle_Fuzer1"],
	  },
	  {
		"name":"Fuzer Tingle 2",
		"hosted_item":"fusions0d",
		"visibility_rules":["fusionred_vanilla,openworld_off"],
		"access_rules":["$Json_SouthHyruleField_Tingle_Fuzer2"],
	  }
	]
  },
  {
	"name":"South Field - Smith's House",

	"map_locations": [
	  {
		"map":"map",
		"x":1430,
		"y":1900
	  }
	],
	"sections": [
	  {
		"name":"Chests",
		"item_count": 3,
		"access_rules":["$Json_SouthHyruleField_SmithsHouse_Chests"],
		"chest_unopened_img":"images/items-map/chest_closed.png",
		"chest_opened_img":"images/items-map/chest_open.png",
	  },
	  {
		"name":"Fuzer Smith 1",
		"hosted_item":"fusions16",
		"visibility_rules":["fusionred_vanilla,openworld_off"],
		"access_rules":["$Json_SouthHyruleField_SmithsHouse_Fuzer1"],
	  },
	  {
		"name":"Fuzer Smith 2",
		"hosted_item":"fusions52",
		"visibility_rules":["fusiongreen_vanilla,openworld_off"],
		"access_rules":["$Json_SouthHyruleField_SmithsHouse_Fuzer2"],
	  }
	]
  },
  {
	"name":"South Field - Minish Flippers Hole",
	"map_locations": [
	  {
		"map":"map",
		"x":1225,
		"y":1800,
	  }
	],
	"sections": [
	  {
		"name":"Heart Piece",
		"item_count":1,
		"access_rules":["$Json_SouthHyruleField_MinishFlippersHole_HeartPiece"],
		"chest_unopened_img":"images/items-map/Heart Piece.png",
		"chest_opened_img":"images/items-map/Heart Piece Gray.png"
	  }
	]
  },
  {
	"name":"South Field - Rupee Cave",
	"map_locations":[
	  {
		"map":"map",
		"x":1047,
		"y":1836,
		"restrict_visibility_rules":["$FusionsGreen,rupees_on"]
	  }
	],
	"sections":[
	  {
		"name":"Rupees",
		"item_count":15,
		"access_rules":["$Json_SouthHyruleField_RupeeCave_Rupees"],
		"chest_unopened_img":"images/items-map/chest_closed.png",
		"chest_opened_img":"images/items-map/chest_open.png"
	  }
	]
  },
  {
	"name":"South Field - Tree Heart Piece",
	"map_locations": [
	  {
		"map":"map",
		"x":1622,
		"y":2000,
		"restrict_visibility_rules":["$FusionsBlue"]
	  }
	],
	"sections": [
	  {
		"name":"Heart Piece",
		"item_count": 1,
		"access_rules":["$Json_SouthHyruleField_TreeHeartPiece_HeartPiece"],
		"chest_unopened_img":"images/items-map/Heart Piece.png",
		"chest_opened_img":"images/items-map/Heart Piece Gray.png"
	  }
	]
  },
  {
	"name":"South Field - Near Link's House Chest",
	"map_locations":[
	  {
		"map":"map",
		"x":1505,
		"y":1889,
		"restrict_visibility_rules":["$FusionsGreen"]
	  }
	],
	"sections":[
	  {
		"name":"Chest",
		"item_count":1,
		"access_rules":["$Json_SouthHyruleField_NearLinksHouseChest_Chest"],
		"chest_unopened_img":"images/items-map/chest_closed.png",
		"chest_opened_img":"images/items-map/chest_open.png",
	  }
	]
  },
  {
	"name":"South Field - Minish House",
	"map_locations":[
	  {
		"map":"map",
		"x":1047,
		"y":1936,
		"restrict_visibility_rules":["$FusionsBlue"]
	  }
	],
	"sections":[
	  {
		"name":"Fuzer Forest Minish",
		"hosted_item":"fusions14",
		"visibility_rules":["fusionred_vanilla,openworld_off"],
		"access_rules":["$Json_SouthField_MinishHouse_Fuzer"],
	  }
	]
  }
]