[
  {
	"name":"Castor Wilds - Diving Spots",
	"map_locations":[
	  {
		"map":"map",
		"x":660,
		"y":1560,
		"restrict_visibility_rules":["underwater_on"]
	  }
	],
	"sections":[
		{
		  "name":"Diving Top",
		  "item_count":1,
		  "access_rules":["$Json_Swamp_DivingSpots_Diving"],
		  "chest_unopened_img":"images/items-map/chest_closed.png",
		  "chest_opened_img":"images/items-map/chest_open.png"
		},
		{
		  "name":"Diving Middle",
		  "item_count":1,
		  "access_rules":["$Json_Swamp_DivingSpots_Diving"],
		  "chest_unopened_img":"images/items-map/chest_closed.png",
		  "chest_opened_img":"images/items-map/chest_open.png"
		},
		{
		  "name":"Diving Bottom",
		  "item_count":1,
		  "access_rules":["$Json_Swamp_DivingSpots_Diving"],
		  "chest_unopened_img":"images/items-map/chest_closed.png",
		  "chest_opened_img":"images/items-map/chest_open.png"
		}
	]
  },
  {
	"name":"Castor Wilds - Dojo",
	"map_locations":[
	  {
		"map":"map",
		"x":50,
		"y":1600
	  }
	],
	"sections":[
		{
		  "name":"Swiftblade",
		  "item_count":1,
		  "access_rules":["$Json_Swamp_Dojo_Swiftblade"],
		  "chest_unopened_img": "images/items-map/Tiger Scroll.png",
		  "chest_opened_img": "images/items-map/Tiger Scroll Done.png"
		},
		{
		  "name":"Heart Piece",
		  "item_count":1,
		  "access_rules":["$Json_Swamp_Dojo_HeartPiece"],
		  "chest_unopened_img": "images/items-map/Heart Piece.png",
		  "chest_opened_img": "images/items-map/Heart Piece Gray.png"
		}
	]
  },
  {
	"name":"Castor Wilds - South Lake Cave",
	"map_locations":[
	  {
		"map":"map",
		"x":465,
		"y":1710
	  }
	],
	"sections":[
	  {
		"name":"Chest",
		"item_count":1,
		"access_rules":["$Json_Swamp_SouthLakeCave_chest"],
		"chest_unopened_img":"images/items-map/chest_closed.png",
		"chest_opened_img":"images/items-map/chest_open.png"
	  }
	]
  },
  {
	"name":"Castor Wilds - Platform Chest",
	"map_locations":[
	  {
		"map":"map",
		"x":150,
		"y":1400
	  }
	],
	"sections":[
	  {
		"name":"Chest",
		"item_count":1,
		"access_rules":["$Json_Swamp_PlatformChest_Chest"],
		"chest_unopened_img":"images/items-map/chest_closed.png",
		"chest_opened_img":"images/items-map/chest_open.png"
	  }
	]
  },
  {
	"name":"Castor Wilds - Northeast Lake Cave",
	"map_locations":[
	  {
		"map":"map",
		"x":650,
		"y":1150
	  }
	],
	"sections":[
	  {
		"name":"Heart piece",
		"item_count":1,
		"access_rules":["$Json_Swamp_NortheastLakeCave_HeartPiece"],
		"chest_unopened_img":"images/items-map/Heart Piece.png",
		"chest_opened_img":"images/items-map/Heart Piece Gray.png"
	  }
	]
  },
  {
	"name":"Castor Wilds - North Cave",
	"map_locations":[
	  {
		"map":"map",
		"x":450,
		"y":1165
	  }
	],
	"sections":[
	  {
		"name":"Chest",
		"item_count":1,
		"access_rules":["$Json_Swamp_NorthCave_Chest"],
		"chest_unopened_img":"images/items-map/chest_closed.png",
		"chest_opened_img":"images/items-map/chest_open.png"
	  }
	]
  },
  {
	"name":"Castor Wilds - Business Scrub",
	"map_locations":[
	  {
		"map":"map",
		"x":350,
		"y":1165,
		"restrict_visibility_rules":["fusionblue_vanilla,openworld_off"]
	  }
	],
	"sections":[
	  {
		"name":"Fuzer Business Scrub",
		"hosted_item":"fusions27",
		"access_rules":["$Json_Swamp_BusinessScrub_Fuzer"],
	  }
	]
  },
  {
	"name":"Castor Wilds - Mulldozers",
	"map_locations":[
	  {
		"map":"map",
		"x":25,
		"y":1175
	  }
	],
	"sections":[
	  {
		"name":"Big Chest",
		"item_count":1,
		"access_rules":["$Json_Swamp_Mulldozers_BigChest"],
		"chest_unopened_img":"images/items-map/big_chest_closed.png",
		"chest_opened_img":"images/items-map/big_chest_open.png"
	  },
	  {
		"name":"Left Chest",
		"visibility_rules":["$FusionsGreen"],
		"item_count":1,
		"access_rules":["$Json_Swamp_Mulldozers_LeftChest"],
		"chest_unopened_img":"images/items-map/chest_closed.png",
		"chest_opened_img":"images/items-map/chest_open.png"
	  }
	]
  },
  {
	"name":"Castor Wilds - Mitts Cave",
	"map_locations":[
	  {
		"map":"map",
		"x":525,
		"y":1375
	  }
	],
	"sections":[
	  {
		"name":"Chests",
		"item_count":2,
		"access_rules":["$Json_Swamp_MittsCave_Chests"],
		"chest_unopened_img":"images/items-map/chest_closed.png",
		"chest_opened_img":"images/items-map/chest_open.png"
	  }
	]
  },
  {
	"name":"Castor Wilds - Darknut",
	"map_locations":[
	  {
		"map":"map",
		"x":280,
		"y":1375
	  }
	],
	"sections":[
	  {
		"name":"Kill",
		"item_count":1,
		"access_rules":["$Json_Swamp_Darknut_Kill"],
		"chest_unopened_img":"images/items-map/chest_closed.png",
		"chest_opened_img":"images/items-map/chest_open.png"
	  }
	]
  },
  {
	"name":"Castor Wilds - Fusions",
	"map_locations":[
	  {
		"map":"map",
		"x":75,
		"y":1700
	  }
	],
	"sections":[
		{
		  "name":"Fusions",
		  "item_count":3,
		  "access_rules":["$Json_Swamp_CastorWildsFusions_Fusions"],
		  "chest_opened_img": "images/items-map/Gold Kinstone (Wilds) Gray.png",
		  "chest_unopened_img": "images/items-map/Gold Kinstone (Wilds).png"
		}
	]
  },
  {
	"name":"Castor Wilds - Western Minish Crack",
	"map_locations":[
	  {
		"map":"map",
		"x":40,
		"y":1325,
		"restrict_visibility_rules":["$FusionsGreen"]
	  }
	],
	"sections":[
	  {
		"name":"Chest",
		"item_count":1,
		"access_rules":["$Json_Swamp_WesternMinishCrack_Chest"],
		"chest_unopened_img":"images/items-map/chest_closed.png",
		"chest_opened_img":"images/items-map/chest_open.png"
	  }
	]
  },
  {
	"name":"Castor Wilds - Water Minish Hole",
	"map_locations":[
	  {
		"map":"map",
		"x":630,
		"y":1630,
		"restrict_visibility_rules":["$FusionsGreen"]
	  }
	],
	"sections":[
	  {
		"name":"Chest",
		"item_count":1,
		"access_rules":["$Json_Swamp_WaterMinishHole_Chest"],
		"chest_unopened_img":"images/items-map/chest_closed.png",
		"chest_opened_img":"images/items-map/chest_open.png"
	  },
	  {
		"name":"Heart Piece",
		"item_count":1,
		"access_rules":["$Json_Swamp_WaterMinishHole_HeartPiece"],
		"chest_unopened_img": "images/items-map/Heart Piece.png",
		"chest_opened_img": "images/items-map/Heart Piece Gray.png"
	  }
	]
  },
  {
	"name":"Castor Wilds - Dojo Waterfall",
	"map_locations":[
	  {
		"map":"map",
		"x":590,
		"y":1150,
		"restrict_visibility_rules":["$FusionsRed"]
	  }
	],
	"sections":[
	  {
		"name":"Scarblade",
		"item_count":1,
		"access_rules":["$Json_Swamp_DojoWaterfall_Scarblade"],
		"chest_unopened_img": "images/items-map/Tiger Scroll.png",
		"chest_opened_img": "images/items-map/Tiger Scroll Done.png"
	  }
	]
  },
  {
	"name":"Castor Wilds - Vine Minish Crack",
	"map_locations":[
	  {
		"map":"map",
		"x":240,
		"y":1600,
		"restrict_visibility_rules":["$FusionsGreen"]
	  }
	],
	"sections":[
	  {
		"name":"Chest",
		"item_count":1,
		"access_rules":["$Json_Swamp_VineMinishCrack_Chest"],
		"chest_unopened_img":"images/items-map/chest_closed.png",
		"chest_opened_img":"images/items-map/chest_open.png"
	  }
	]
  },
  {
	"name":"Castor Wilds - Rope Golden",
	"map_locations":[
	  {
		"map":"map",
		"x":400,
		"y":1240,
		"restrict_visibility_rules":["$FusionsGreen,golden_enemy_on"]
	  }
	],
	"sections":[
	  {
		"name":"Kill",
		"item_count":1,
		"access_rules":["$Json_Swamp_RopeGolden_Kill"],
		"chest_unopened_img":"images/items-map/chest_closed.png",
		"chest_opened_img":"images/items-map/chest_open.png"
	  }
	]
  },
  {
	"name":"Castor Wilds - Northern Minish Crack",
	"map_locations":[
	  {
		"map":"map",
		"x":131,
		"y":1165,
		"restrict_visibility_rules":["$FusionsGreen"]
	  }
	],
	"sections":[
	  {
		"name":"Chest",
		"item_count":1,
		"access_rules":["$Json_Swamp_NorthernMinishCrack_Chest"],
		"chest_unopened_img":"images/items-map/chest_closed.png",
		"chest_opened_img":"images/items-map/chest_open.png"
	  }
	]
  },
  {
	"name":"Castor Wilds - Joy Butterfly",
	"map_locations":[
	  {
		"map":"map",
		"x":280,
		"y":1465,
		"restrict_visibility_rules":["$FusionsRed"]
	  }
	],
	"sections":[
	  {
		"name":"Joy Butterfly",
		"item_count":1,
		"access_rules":["$Json_Swamp_Butterfly_JoyButterfly"],
		"chest_unopened_img":"images/items-map/chest_closed.png",
		"chest_opened_img":"images/items-map/chest_open.png"
	  }
	]
  }
]