[
  {
	"name":"Trilby Highlands - Rupee Cave",
	"map_locations":[
	  {
		"map":"map",
		"x":705,
		"y":1250,
		"restrict_visibility_rules":["$FusionsGreen,rupees_on"]
	  }
	],
	"sections":[
	  {
		"name":"Rupees",
		"item_count":15,
		"access_rules":["$Json_Trilby_RupeeCave_Rupees"],
		"chest_unopened_img":"images/items-map/chest_closed.png",
		"chest_opened_img":"images/items-map/chest_open.png"
	  }
	]
  },
  {
	"name":"Trilby Highlands - Tree House",
	"map_locations":[
	  {
		"map":"map",
		"x":720,
		"y":1395,
		"restrict_visibility_rules":["fusionred_vanilla,openworld_off","fusiongreen_vanilla,openworld_off"]
	  }
	],
	"sections":[
	  {
		"name":"Fuzer Percy",
		"hosted_item":"fusions21",
		"visibility_rules":["fusionred_vanilla,openworld_off"],
		"access_rules":["$Json_Trilby_TreeHouse_Fuzer"],
	  }
	]
  },
  {
	"name":"Trilby Highlands - Knuckle",
	"map_locations":[
	  {
		"map":"map",
		"x":795,
		"y":850
	  }
	],
	"sections":[
	  {
		"name":"Fuzer Knuckle",
		"hosted_item":"fusions4d",
		"visibility_rules":["fusiongreen_vanilla,openworld_off"],
		"access_rules":["$Json_Trilby_Knuckle_Fuzer"],
	  }
	]
  },
  {
	"name":"Trilby Highlands - Mitts Cave",
	"map_locations":[
	  {
		"map":"map",
		"x":725,
		"y":950
	  }
	],
	"sections":[
	  {
		"name":"Chests",
		"item_count":2,
		"access_rules":["$Json_Trilby_MittsCave_Chest"],
		"chest_unopened_img":"images/items-map/chest_closed.png",
		"chest_opened_img":"images/items-map/chest_open.png"
	  },
	  {
		"name":"Fuzer Mysterious Wall",
		"hosted_item":"fusions25",
		"visibility_rules":["fusionblue_vanilla,openworld_off"],
		"access_rules":["$Json_Trilby_MittsCave_Fuzer"],
	  }
	]
  },
  {
	"name":"Trilby Highlands - Business Scrub",
	"map_locations":[
	  {
		"map":"map",
		"x":875,
		"y":1210
	  }
	],
	"sections":[
	  {
		"name":"Item",
		"item_count":1,
		"access_rules":["$Json_Trilby_BusinessScrub_Item"],
		"chest_unopened_img":"images/items-map/chest_closed.png",
		"chest_opened_img":"images/items-map/chest_open.png"
	  }
	]
  },
  {
	"name":"Trilby Highlands - Bomb Wall",
	"map_locations":[
	  {
		"map":"map",
		"x":760,
		"y":1160
	  }
	],
	"sections":[
	  {
		"name":"Chest",
		"item_count":1,
		"access_rules":["$Json_Trilby_BombWall_Chest"],
		"chest_unopened_img":"images/items-map/chest_closed.png",
		"chest_opened_img":"images/items-map/chest_open.png"
	  }
	]
  },
  {
	"name":"Trilby Highlands - Rocks Chest",
	"map_locations":[
	  {
		"map":"map",
		"x":856,
		"y":1092,
		"restrict_visibility_rules":["$FusionsGreen"]
	  }
	],
	"sections":[
	  {
		"name":"Chest",
		"item_count":1,
		"access_rules":["$Json_Trilby_RockChest_Chest"],
		"chest_unopened_img":"images/items-map/chest_closed.png",
		"chest_opened_img":"images/items-map/chest_open.png"
	  }
	]
  },
  {
	"name":"Trilby Highlands - Northern Chest",
	"map_locations":[
	  {
		"map":"map",
		"x":931,
		"y":831,
		"restrict_visibility_rules":["$FusionsGreen"]
	  }
	],
	"sections":[
	  {
		"name":"Chest",
		"item_count":1,
		"access_rules":["$Json_Trilby_NorthernChest_Chest"],
		"chest_unopened_img":"images/items-map/chest_closed.png",
		"chest_opened_img":"images/items-map/chest_open.png"
	  }
	]
  },
  {
	"name":"Trilby Highlands - Fusion Mitts Cave",
	"map_locations":[
	  {
		"map":"map",
		"x":845,
		"y":950,
		"restrict_visibility_rules":["$FusionsBlue"]
	  }
	],
	"sections":[
	  {
		"name":"Chest",
		"item_count":1,
		"access_rules":["$Json_Trilby_FusionMittsCave_Chest"],
		"chest_unopened_img":"images/items-map/chest_closed.png",
		"chest_opened_img":"images/items-map/chest_open.png"
	  }
	]
  },
  {
	"name":"Trilby Highlands - Minish House",
	"map_locations":[
	  {
		"map":"map",
		"x":700,
		"y":825,
		"restrict_visibility_rules":["fusiongreen_vanilla,openworld_off"]
	  }
	],
	"sections":[
	  {
		"name":"Fuzer Forest Minish",
		"hosted_item":"fusions3f",
		"visibility_rules":["fusiongreen_vanilla,openworld_off"],
		"access_rules":["$Json_Trilby_MinishHouse_Fuzer"],
	  }
	]
  },
]	