[
  {
	"name":"Royal Valley - Northwest Grave",
	"map_locations": [
	  {
		"map":"map",
		"x":725,
		"y":200
	  }
	],
	"sections":[
	  {
		"name":"Heart Piece",
		"item_count": 1,
		"access_rules":["$Json_Valley_NorthwestGrave_HeartPiece"],
		"chest_unopened_img":"images/items-map/Heart Piece.png",
		"chest_opened_img":"images/items-map/Heart Piece Gray.png"
	  },
	  {
		"name":"Chest",
		"visibility_rules":["$FusionsGreen"],
		"item_count":1,
		"access_rules":["$Json_Valley_NorthwestGrave_Chest"],
		"chest_unopened_img":"images/items-map/chest_closed.png",
		"chest_opened_img":"images/items-map/chest_open.png"
	  }
	]
  },
  {
	"name":"Royal Valley - Lost Woods Secret",
	"map_locations": [
	  {
		"map":"map",
		"x":750,
		"y":650
	  }
	],
	"sections": [
	  {
		"name":"Chest (Left Left Left Up Up Up)",
		"item_count":1,
		"access_rules":["$Json_Valley_LostWoodsSecret_Chest"],
		"chest_unopened_img":"images/items-map/chest_closed.png",
		"chest_opened_img":"images/items-map/chest_open.png"
	  }
	]
  },
  {
	"name":"Royal Valley - Great Fairy",
	"map_locations": [
	  {
		"map":"map",
		"x":940,
		"y":570,
	  }
	],
	"sections":[
	  {
		"name":"Gift",
		"item_count": 1,
		"access_rules":["$Json_Valley_GreatFairy_Gift"],
		"chest_unopened_img":"images/items-map/chest_closed.png",
		"chest_opened_img":"images/items-map/chest_open.png"
	  }
	]
  },           
  {
	"name":"Royal Valley - Dampe",
	"map_locations": [
	  {
		"map":"map",
		"x":940,
		"y":370
	  }
	],
	"sections":[
	  {
		"name":"Gift",
		"item_count": 1,
		"access_rules":["$Json_Valley_Dampe_Gift"],
		"chest_unopened_img":"images/items-map/chest_closed.png",
		"chest_opened_img":"images/items-map/chest_open.png"
	  },
	  {
		"name":"Fuzer Dampe 1",
		"hosted_item":"fusions30",
		"visibility_rules":["fusionblue_vanilla,openworld_off"],
		"access_rules":["$Json_Valley_Dampe_Fuzer1"],
	  },
	  {
		"name":"Fuzer Dampe 2",
		"hosted_item":"fusions41",
		"visibility_rules":["fusiongreen_vanilla,openworld_off"],
		"access_rules":["$Json_Valley_Dampe_Fuzer2"],
	  }
	]
  },
 {
	"name":"Royal Valley - Northeast Grave",
	"map_locations":[
	  {
		"map":"map",
		"x":930,
		"y":200,
		"restrict_visibility_rules":["$FusionsGreen","$FusionsBlue"]
	  }
	],
	"sections":[
	  {
		"name":"Grave Chest",
		"visibility_rules":["$FusionsBlue"],
		"item_count":1,
		"access_rules":["$Json_Valley_NortheastGrave_GraveChest"],
		"chest_unopened_img":"images/items-map/chest_closed.png",
		"chest_opened_img":"images/items-map/chest_open.png"
	  },
	  {
		"name":"Chest",
		"item_count":1,
		"visibility_rules":["$FusionsGreen"],
		"access_rules":["$Json_Valley_NortheastGrave_Chest"],
		"chest_unopened_img":"images/items-map/chest_closed.png",
		"chest_opened_img":"images/items-map/chest_open.png"
	  },
	  {
		"name":"Fuzer Gina 1",
		"hosted_item":"fusions42",
		"visibility_rules":["fusiongreen_vanilla,openworld_off"],
		"access_rules":["$Json_Valley_NortheastGrave_Fuzer1"],
	  },
	  {
		"name":"Fuzer Gina 2",
		"hosted_item":"fusions3a",
		"visibility_rules":["fusiongreen_vanilla,openworld_off"],
		"access_rules":["$Json_Valley_NortheastGrave_Fuzer2"],
	  }
	]
  },
  {
	"name":"Royal Valley - Joy Butterfly",
	"map_locations":[
	  {
		"map":"map",
		"x":705,
		"y":270,
		"restrict_visibility_rules":["$FusionsRed"]
	  }
	],
	"sections":[
	  {
		"name":"Joy Butterfly",
		"access_rules":["$Json_Valley_Butterfly_JoyButterfly"],
		"chest_unopened_img":"images/items-map/chest_closed.png",
		"chest_opened_img":"images/items-map/chest_open.png",
		"item_count":1
	  }
	]
  },
  {
	"name":"Royal Valley - Spekter",
	"map_locations":[
	  {
		"map":"map",
		"x":755,
		"y":300,
	  }
	],
	"sections":[
	  {
		"name":"Fuzer Spekter 1",
		"hosted_item":"fusions31",
		"visibility_rules":["fusionblue_vanilla,openworld_off"],
		"access_rules":["$Json_Valley_Spekter_Fuzer1"]
	  },
	  {
		"name":"Fuzer Spekter 2",
		"hosted_item":"fusions28",
		"visibility_rules":["fusionblue_vanilla,openworld_off"],
		"access_rules":["$Json_Valley_Spekter_Fuzer2"]
	  }
	]
  },
  {
	"name":"Pre Royal Valley - Chest",
	"map_locations":[
	  {
		"map":"map",
		"x":1058,
		"y":528,
		"restrict_visibility_rules":["$FusionsGreen"]
	  }
	],
	"sections":[
	  {
		"name":"Chest",
		"access_rules":["$Json_Valley_PreRoyalValeyChest_Chest"],
		"chest_unopened_img":"images/items-map/chest_closed.png",
		"chest_opened_img":"images/items-map/chest_open.png",
		"item_count":1
	  }
	]
  }
]