[
  {
	"name":"Western Woods - Beanstalk",
	"map_locations":[
	  {
		"map":"map",
		"x":710,
		"y":2005,
		"restrict_visibility_rules":["$FusionsBlue"]
	  }
	],
	"sections":[
	  {
		"name":"Chest",
		"item_count":1,
		"access_rules":["$Json_WesternWoods_Beanstalk_Chest"],
		"chest_unopened_img":"images/items-map/chest_closed.png",
		"chest_opened_img":"images/items-map/chest_open.png"
	  },
	  {
		"name":"Rupees",
		"visibility_rules":["rupees_on"],
		"item_count":16,
		"access_rules":["$Json_WesternWoods_Beanstalk_Rupees"],
		"chest_unopened_img":"images/items-map/chest_closed.png",
		"chest_opened_img":"images/items-map/chest_open.png"
	  }
	]
  },
  {
	"name":"Western Woods - Minish House",
	"map_locations":[
	  {
		"map":"map",
		"x":800,
		"y":2005,
	  }
	],
	"sections":[
	  {
		"name":"Fuzer Forest Minish",
		"hosted_item":"fusions24",
		"visibility_rules":["fusionblue_vanilla,openworld_off"],
		"access_rules":["$Json_WesternWoods_MinishHouse_Fuzer"],
	  }
	]
  },
  {
	"name":"Western Woods - South Digging Spots",
	"map_locations":[
	  {
		"map":"map",
		"x":945,
		"y":1780,
		"restrict_visibility_rules":["$FusionsGreen,digging_on"]
	  }
	],
	"sections":[
	  {
		"name":"Buried Treasure",
		"item_count":2,
		"access_rules":["$Json_WesternWoods_SouthDigging_BuriedTreasure"],
		"chest_unopened_img":"images/items-map/chest_closed.png",
		"chest_opened_img":"images/items-map/chest_open.png"
	  }
	]
  },
  {
	"name":"Western Woods - North Digging Spots",
	"map_locations":[
	  {
		"map":"map",
		"x":800,
		"y":1475,
		"restrict_visibility_rules":["$FusionsGreen,digging_on"]
	  }
	],
	"sections":[
	  {
		"name":"Buried Treasure",
		"item_count":6,
		"access_rules":["$Json_WesternWoods_NorthDigging_BuriedTreasure"],
		"chest_unopened_img":"images/items-map/chest_closed.png",
		"chest_opened_img":"images/items-map/chest_open.png"
	  }
	]
  },
  {
	"name":"Western Woods - Tree",
	"map_locations":[
	  {
		"map":"map",
		"x":755,
		"y":1750,
		"restrict_visibility_rules":["$FusionsRed"]
	  }
	],
	"sections":[
	  {
		"name":"Heart Piece",
		"item_count":1,
		"access_rules":["$Json_WesternWoods_Tree_HeartPiece"],
		"chest_unopened_img":"images/items-map/Heart Piece.png",
		"chest_opened_img":"images/items-map/Heart Piece Gray.png"
	  }
	]
  },
  {
	"name":"Western Woods - Chest",
	"map_locations":[
	  {
		"map":"map",
		"x":825,
		"y":1603,
		"restrict_visibility_rules":["$FusionsGreen"]
	  }
	],
	"sections":[
	  {
		"name":"Freestanding Chest",
		"item_count":1,
		"access_rules":["$Json_WesternWoods_WesternWoodChest_FreestandingChest"],
		"chest_unopened_img":"images/items-map/chest_closed.png",
		"chest_opened_img":"images/items-map/chest_open.png"
	  }
	]
  },
  {
	"name":"Western Woods - Percy's House",
	"map_locations":[
	  {
		"map":"map",
		"x":765,
		"y":1912,
		"restrict_visibility_rules":["$FusionsRed"]
	  }
	],
	"sections":[
		{
		  "name":"Moblin Reward",
		  "item_count":1,
		  "access_rules":["$Json_WesternWoods_Percy_MoblinReward"],
		  "chest_unopened_img":"images/items-map/chest_closed.png",
		  "chest_opened_img":"images/items-map/chest_open.png"
		},
		{
		  "name":"Percy Reward",
		  "item_count":1,
		  "access_rules":["$Json_WesternWoods_Percy_PercyReward"],
		  "chest_unopened_img":"images/items-map/chest_closed.png",
		  "chest_opened_img":"images/items-map/chest_open.png"
		}
	]
  },
  {
	"name":"Western Woods - Octo Golden",
	"map_locations":[
	  {
		"map":"map",
		"x":900,
		"y":1912,
		"restrict_visibility_rules":["$FusionsGreen,golden_enemy_on"]
	  }
	],
	"sections":[
	  {
		"name":"Kill",
		"item_count":1,
		"access_rules":["$Json_WesternWoods_OctoGolden_Kill"],
		"chest_unopened_img":"images/items-map/chest_closed.png",
		"chest_opened_img":"images/items-map/chest_open.png"
	  }
	]
  }
]