[
  {
	"name":"Grimblade",
	"map_locations": [
	  {
		"map":"map",
		"x":1610,
		"y":360,
	  }
	],
	"sections": [
	  {
		"name":"Grimblade",
		"access_rules":["$Castle_N_GrimbladeDojo_Grimblade,[$Castle_N_GrimbladeDojo_Grimblade_Y]","{$Castle_N_GrimbladeDojo_Grimblade_B}"],
		"item_count":1,
		"chest_unopened_img":"images/items-map/Tiger Scroll.png",
		"chest_opened_img":"images/items-map/Tiger Scroll Done.png"
	  },
	  {
		"name":"Heart Piece",
		"access_rules":["$Castle_N_GrimbladeDojo_HeartPiece,[$Castle_N_GrimbladeDojo_HeartPiece_Y]","{$Castle_N_GrimbladeDojo_HeartPiece_B}"],
		"item_count":1,
		"chest_unopened_img":"images/items-map/Heart Piece.png",
		"chest_opened_img":"images/items-map/Heart Piece Gray.png"
	  }
	]
  }
]