[
  {
	"name":"Moat",
	"map_locations":[
	  {
		"map":"map",
		"x":1050,
		"y":450, 
	  }
	],
	"sections":[
	  {
		"name":"Moat Left",
		"access_rules":["$Castle_N_Moat_MoatLeft,[$Castle_N_Moat_MoatLeft_Y]","{$Castle_N_Moat_MoatLeft_B}"],
		"chest_unopened_img":"images/items-map/chest_closed.png",
		"chest_opened_img":"images/items-map/chest_open.png",
		"item_count":2
	  },
	  {
		"name":"Moat Right",
		"access_rules":["$Castle_N_Moat_MoatRight,[$Castle_N_Moat_MoatRight_Y]","{$Castle_N_Moat_MoatRight_B}"],
		"chest_unopened_img":"images/items-map/chest_closed.png",
		"chest_opened_img":"images/items-map/chest_open.png",
		"item_count":2
	  }
	]
  }
]