{
	"shared_item_grid": {
        "type": "itemgrid",
        "h_alignment": "center",
        "item_margin": "1,1",
        "rows": [
			["smithsword","greensword","redsword","bluesword","foursword","wallet","earth","dwsx","cofx","fowx","todx","rcx","powx","dhc"],
			["sword0","gust","cane","boomerang","10hearts","books","fire","dws_smallkey","cof_smallkey","fow_smallkey","tod_smallkey","rc_smallkey","pow_smallkey","dhc_smallkey"],
			["shield","mittsandfly","lamp","bombsremote","dogbottle","figurine","water","dws_bigkey","cof_bigkey","fow_bigkey","tod_bigkey","","pow_bigkey","dhc_bigkey"],
			["boots","cape","ocarina","bowandfly","quiver","gomode","wind","dws_cm","cof_cm","fow_cm","tod_cm","beta","pow_cm","dhc_cm"],
			["flippersandfly","ringandbracelets","carlovtingle","nutandshroom","bothkeys","clouds","wilds","falls","spinattack","fastspin","fastsplit","greatspin","longspin","sevenscrolls"],
			["redW","redV","redE","blueL","blueS","greenV","greenN","greenZ","perilbeam","swordbeam","rockbreaker","dashattack","downthrust","rollattack"],
		]
    },
	"settings":  {
        "type": "container",
        "content": {
			"type": "dock",
			"dropshadow": true,
			"content": [ {
				"type":"tabbed",
				"tabs":[
				  {
					"title":"Dark Hyrule Castle Requirements",
					"icon":"images/icon-maps/Elements.png",
					"content":{
					  "type":"layout",
					  "key": "dhc_requirement"
					}
				  },
				  {
					"title":"Logic Settings",
					"icon":"images/icon-maps/Elements.png",
					"content":{
					  "type":"layout",
					  "key": "logic_settings"
					}
				  },
				  {
					"title":"World Setting",
					"icon":"images/icon-maps/Elements.png",
					"content":{
					  "type":"layout",
					  "key": "world_setting"
					}
				  },
				]
			  }
			]
		}
	},
    "windcrest_settings": {
      "type": "group",
      "header": "Wind Crest Setting",
      "content": {
		"type": "scroll",
		"max_height":"448",
		"h_alignment": "center",
		"content": [
			{
				"type": "itemgrid",
				"h_alignment": "center",
				"item_margin": "0,0",
				"item_width":320,
				"item_height":64,
				"rows": [
					  ["crenelwindcrest_no","swampwindcrest_no"],
					  ["fallswindcrest_no","shfwindcrest_no"],
					  ["cloudwindcrest_no","minishwindcrest_no"]
				  ]
			  }
		  ]
      }
    },
    "dungeon_shuffle": {
      "type": "group",
      "header": "Dungeons shuffle",
      "content": {
		"type": "scroll",
		"max_height":"448",
		"h_alignment": "center",
		"content": [
			{
				"type": "itemgrid",
				"h_alignment": "center",
				"item_margin": "0,0",
				"item_width":320,
				"item_height":64,
				"rows": [
					  ["dws_none","tod_none"],
					  ["cof_none","crypt_none"],
					  ["fow_none","pow_none"]
				  ]
			  }
		  ]
      }
    },
    "dhc_requirement": {
      "type": "group",
      "header": "Dark Hyrule Castle Requirements",
      "content": {
		"type": "scroll",
		"max_height":"448",
		"h_alignment": "center",
		"content": [
			{
				"type": "itemgrid",
				"h_alignment": "center",
				"item_margin": "0,0",
				"item_width":320,
				"item_height":64,
				"rows": [
					  ["dhc_closed","figurine_option"],
					  ["element4Needed","figurine10"],
					  ["sword5Needed","figurine50"],
					  ["dungeons","figurinemax"]
				  ]
			  }
		  ]
      }
    },
    "logic_settings": {
      "type": "group",
      "header": "Logic Settings",
      "content": {
		"type": "scroll",
		"max_height":"448",
		"h_alignment": "center",
		"content": [
			{
				"type": "itemgrid",
				"h_alignment": "center",
				"item_margin": "0,0",
				"item_width":320,
				"item_height":64,
				"rows": [
					  ["blowdust_off","crenelmushroom_off","lightarrowbreak_off"],
					  ["bobombs_off","likelike_off","guardskip_off"],
					  ["crenelbeam_off","downstrikebeetle_off","darkrooms_off"],
					  ["capeextension_off","lakeminish_off","cabinswim_off"],
					  ["cloudskill_off","powjump_off","powpotpuzzleool_off"],
					  ["dhccanonhit_off","dhcbladepuzzleshuffle_off","dhcswitchhit_off"],
					  ["fowpot_off","",""]
				  ]
			  }
		  ]
      }
    },
    "world_setting": {
      "type": "group",
      "header": "World Settings",
      "content": {
		"type": "scroll",
		"max_height":"448",
		"h_alignment": "center",
		"content": [
			{
				"type": "itemgrid",
				"h_alignment": "center",
				"item_margin": "0,0",
				"item_width":320,
				"item_height":64,
				"rows": [
					  ["rupees_off","specialpot_off","digging_off"],
					  ["underwater_off","golden_enemy_off","ped_items_off"],
					  ["dungeonser_off","progressiveitems","openworld_off"],
					  ["cucco_none","goron_none","goron_eu"],
					  ["","weaponsbombs_no","weaponsbow_no"],
					  ["","weaponsgust_no","weaponslamp_no"]
				  ]
			  }
		  ]
      }
    },
    "fusion_setting": {
      "type": "group",
      "header": "Fusion Settings",
      "content": {
		"type": "scroll",
		"max_height":"448",
		"h_alignment": "center",
		"content": [
			{
				"type": "itemgrid",
				"h_alignment": "center",
				"item_margin": "0,0",
				"item_width":320,
				"item_height":64,
				"rows": [
					  ["fusiongoldcombined","fusiongold_removed"],
					  ["fusionredcombined","fusionred_removed"],
					  ["fusionbluecombined","fusionblue_removed"],
					  ["fusiongreencombined","fusiongreen_removed"]
				]
			  }
		  ]
      }
    },
    "options_tracker": {
      "type": "group",
      "header": "Settings - Tracker",
      "content": {
        "type": "itemgrid",
        "h_alignment": "center",
        "item_margin": "0,0",
		"item_height":64,
		"item_width":320,
        "rows": [
			  ["progressiveitems"],
		  ]
      }
    },
    "tracker_capture_item": {
      "type": "container",
      "content": {
        "type": "itemgrid",
        "h_alignment": "center",
        "item_margin": "0,0,2,10",
        "rows": [
          ["swordcapture", "gust", "cane", "boomerang", "wallet","genericred"],
          ["shield", "mitts", "lamp", "bombs", "remotebombs","genericblue"],
          ["boots", "cape", "ocarina", "bow", "quiver","genericgreen"],
          ["dogfood","grip","carlov","jabber","llrkey","genericyellow"],
          ["bottle","bracelets","trophy","mushroom","gravekey","bigkey"],
          ["10hearts","heartpiece","sevenscrolls","flippers", "butterfly","smallkey"],
          ["earth","fire","water","wind","books","figurine"]
		         
        ]        
      }
    },
    "tracker_default": {
        "type": "container",
        "background": "#877373",
        "content": {
            "type": "dock",
            "dropshadow": true,
            "content": [
                {
                    "type": "dock",
                    "dock": "bottom",
                    "content": [
                        {
                            "type": "group",
                            "header": "Inventaire",
							"header_content":{
							   "type": "button_popup",
							   "style": "settings",
							   "popup_background": "#50877373",
							   "layout": "dungeon_shuffle"
							},
                            "dock": "left",
                            "content": {
                                "type": "layout",
                                "key": "shared_item_grid"
                            }
                        },
                        {
                            "type": "group",
                            "header": "Pinned Locations",
                            "content": {
                                "type": "recentpins",
                                "style": "wrap",
                                "h_alignment": "stretch",
                                "v_alignment": "stretch",
                                "orientation": "horizontal",
                                "compact": true
                            }
                        }
                    ]
                },
                {
                    "type": "dock",
                    "content":[
                      {
                        "type":"tabbed",
                        "dock":"top",
						"style":"wrap",
                        "tabs":[
                          {
                            "title":"Overworld",
                            "icon":"images/icon-maps/Four Sword.png",
                            "content":{
                              "type":"map",
                              "maps":["map"]
                            }
                          },
                          {
                            "title":"Melari's Mines",
                            "icon":"images/icon-maps/Melari.png",
                            "content":{
                              "type":"map",
                              "maps":["mines"]
                            }
                          },
                          {
                            "title":"Dark Hyrule Castle Requirements",
                            "icon":"images/icon-maps/Light Force.png",
                            "content":{
								"type":"layout",
								"key": "dhc_requirement"
                            }
                          },
                          {
                            "title":"Logic Settings",
                            "icon":"images/icon-maps/Treasure Icon.png",
                            "content":{
                              "type":"layout",
                              "key": "logic_settings"
                            }
                          },
                          {
                            "title":"Wind Crest Setting",
                            "icon":"images/icon-maps/Wind Tablet.png",
                            "content":{
                              "type":"layout",
                              "key": "windcrest_settings"
                            }
                          },
                          {
                            "title":"World Setting",
                            "icon":"images/icon-maps/Sign.png",
                            "content":{
                              "type":"layout",
                              "key": "world_setting"
                            }
                          },
                          {
                            "title":"Fusions Setting",
                            "icon":"images/icon-maps/Kinstone Bag (Giant).png",
                            "content":{
                              "type":"layout",
                              "key": "fusion_setting"
                            }
                          },
                          {
                            "title":"Deepwood Shrine",
                            "icon":"images/icon-maps/Gust Jar.png",
                            "content":{
                              "type":"map",
                              "maps":["dws"]
                            }
                          },
                          {
                            "title":"Cave of Flames",
                            "icon":"images/icon-maps/Cane of Pacci.png",
                            "content":{
                              "type":"map",
                              "maps":["cof"]
                            }
                          },
                          {
                            "title":"Fortress of Winds",
                            "icon":"images/icon-maps/Mole Mitts.png",
                            "content":{
                              "type":"map",
                              "maps":["fow"]
                            }
                          },
                          {
                            "title":"Temple of Droplets",
                            "icon":"images/icon-maps/Lamp (Lit).png",
                            "content":{
                              "type":"map",
                              "maps":["tod"]
                            }
                          },
                          {
                            "title":"Royal Crypt",
                            "icon":"images/icon-maps/Gold Kinstone (Falls).png",
                            "content":{
                              "type":"map",
                              "maps":["rc"]
                            }
                          },
                          {
                            "title":"Palace of Winds",
                            "icon":"images/icon-maps/Roc's Cape.png",
                            "content":{
                              "type":"map",
                              "maps":["pow"]
                            }
                          },
                          {
                            "title":"Dark Hyrule Castle",
                            "icon":"images/icon-maps/vaati.png",
                            "content":{
                              "type":"map",
                              "maps":["dhc"]
                            }
                          },
                        ]
                      }
                    ]
                }
            ]
        }
    }
  }
