[
  {
    "name":"Dungeons",
    "chest_opened_img":"images/items-map/chest_open.png",
    "chest_unopened_img":"images/items-map/chest_closed.png",
    "children":
    [
      {
        "name": "DHC Fast",
        "short_name": "DHC",
        "codes":"dhc",
        "access_rules":["$NeededSwords,$NeededElements,$NoElementsOrSwords,$FigurineOpen,$Dungeons"],
        "map_locations": [
          {
            "map": "map",
            "x": 1326,
            "y": 130,
            "restrict_visibility_rules":["dhc_none"]
          }
        ],
        "sections": [
          {
            "name":"Win",
            "item_count":1
          }
        ]
      }
    ]
  }
]