[
  {
    "name":"Inside Dungeons",
    "chest_opened_img":"images/items-map/chest_open.png",
    "chest_unopened_img":"images/items-map/chest_closed.png",
    "children":[
	      //DHC CLOSED
      {
        "name":"Dark Hyrule Castle",
        "access_rules":["$NeededSwords,$NeededElements,$NoElementsOrSwords,$FigurineOpen,$Dungeons"],
        "children":[
          {
            "name":"Blade Chest",
			"access_rules":["$Sword5,spinattack"],	
            "map_locations":[
              {
                "map":"dhc",
                "x":2265,
                "y":870,
                "force_invisibility_rules":["dhc_open","dhc_peditems","dhc_none"]
              }
            ],
            "sections":[
              {
                "name":"Blade Chest",
                "item_count":1,
                "chest_unopened_img":"images/items-map/Small Key.png",
                "chest_opened_img":"images/items-map/Small Key Done.png"
              }
            ]
          },
          {
            "name":"Platform Chest",
            "map_locations":[
              {
                "map":"dhc",
                "x":3090,
                "y":1800,
                "force_invisibility_rules":["dhc_open","dhc_peditems","dhc_none"]
              }
            ],
            "sections":[
              {
                "name":"Platform Chest",
                "item_count":1,
                "chest_unopened_img":"images/items-map/big_chest_closed.png",
                "chest_opened_img":"images/items-map/big_chest_open.png"
              }
            ]
          },
          {
            "name":"Stone King",
            "access_rules":["bombs,$Sword5,spinattack"],
            "map_locations":[
              {
                "map":"dhc",
                "x":3295,
                "y":110,
                "force_invisibility_rules":["dhc_open","dhc_peditems","dhc_none"]
              }
            ],
            "sections":[
              {
                "name":"Stone King",
                "item_count":1,
                "chest_unopened_img":"images/items-map/Small Key.png",
                "chest_opened_img":"images/items-map/Small Key Done.png"
              }
            ]
          },
          {
            "name":"Post Throne Big Chest",
            "access_rules":["bombs,explicit_dhc_smallkey:1,$Sword5,spinattack"],
            "map_locations":[
              {
                "map":"dhc",
                "x":2230,
                "y":70,
                "force_invisibility_rules":["dhc_open","dhc_peditems","dhc_none"]
              }
            ],
            "sections":[
              {
                "name":"Post Throne Big Chest",
                "item_count":1,
                "chest_unopened_img":"images/items-map/big_chest_closed.png",
                "chest_opened_img":"images/items-map/big_chest_open.png"
              }
            ]
          },
          {
            "name":"Northwest Tower",
            "access_rules":["bombs,cape,bow,explicit_dhc_smallkey:1,$Sword5,spinattack"],
            "map_locations":[
              {
                "map":"dhc",
                "x":220,
                "y":130,
                "force_invisibility_rules":["dhc_open","dhc_peditems","dhc_none"]
              }
            ],
            "sections":[
              {
                "name":"Northwest Tower",
                "item_count":1,
                "chest_unopened_img":"images/items-map/Small Key.png",
                "chest_opened_img":"images/items-map/Small Key Done.png"
              }
            ]
          },
          {
            "name":"Southwest Tower",
            "access_rules":["bombs,cape,magicboomerang,explicit_dhc_smallkey:1,$Sword5,spinattack",
              "bombs,cape,bow,explicit_dhc_smallkey:1,$Sword5,spinattack",
              "bombs,cape,lights,explicit_dhc_smallkey:1,$Sword5,spinattack",
              "bombs,cape,$Beam,explicit_dhc_smallkey:1,$Sword5,spinattack"],
            "map_locations":[
              {
                "map":"dhc",
                "x":220,
                "y":1490,
                "force_invisibility_rules":["dhc_open","dhc_peditems","dhc_none"]
              }
            ],
            "sections":[
              {
                "name":"Southwest Tower",
                "item_count":1,
                "chest_unopened_img":"images/items-map/Small Key.png",
                "chest_opened_img":"images/items-map/Small Key Done.png"
              }
            ]
          },
          {
            "name":"Southeast Tower",
            "access_rules":["bombs,cape,magicboomerang,explicit_dhc_smallkey:1,$Sword5,spinattack",
              "bombs,cape,bow,explicit_dhc_smallkey:1,$Sword5,spinattack",
              "bombs,cape,lights,explicit_dhc_smallkey:1,$Sword5,spinattack",
              "bombs,cape,$Beam,explicit_dhc_smallkey:1,$Sword5,spinattack"],
            "map_locations":[
              {
                "map":"dhc",
                "x":1315,
                "y":1490,
                "force_invisibility_rules":["dhc_open","dhc_peditems","dhc_none"]
              }
            ],
            "sections":[
              {
                "name":"Southeast Tower",
                "item_count":1,
                "chest_unopened_img":"images/items-map/Small Key.png",
                "chest_opened_img":"images/items-map/Small Key Done.png"
              }
            ]
          },
          {
            "name":"Northeast Tower",
            "access_rules":["bombs,cape,magicboomerang,lamp,explicit_dhc_smallkey:1,$Sword5,spinattack",
              "bombs,cape,bow,lamp,explicit_dhc_smallkey:1,$Sword5,spinattack",
              "bombs,cape,lights,lamp,explicit_dhc_smallkey:1,$Sword5,spinattack",
              "bombs,cape,$Beam,explicit_dhc_smallkey:1,$Sword5,spinattack"],
            "map_locations":[
              {
                "map":"dhc",
                "x":1305,
                "y":135,
                "force_invisibility_rules":["dhc_open","dhc_peditems","dhc_none"]
              }
            ],
            "sections":[
              {
                "name":"Northeast Tower",
                "item_count":1,
                "chest_unopened_img":"images/items-map/Small Key.png",
                "chest_opened_img":"images/items-map/Small Key Done.png"
              }
            ]
          },
          {
            "name":"Big Block Chest",
            "access_rules":["bombs,cape,bow,explicit_dhc_smallkey:5,$Sword5,spinattack",
              "bombs,cape,lights,explicit_dhc_smallkey:5,$Sword5,spinattack",
              "bombs,cape,magicboomerang,explicit_dhc_smallkey:5,$Sword5,spinattack",
              "bombs,cape,$Beam,explicit_dhc_smallkey:5,$Sword5,spinattack"],
            "map_locations":[
              {
                "map":"dhc",
                "x":765,
                "y":225,
                "force_invisibility_rules":["dhc_open","dhc_peditems","dhc_none"]
              }
            ],
            "sections":[
              {
                "name":"Big Block Chest",
                "item_count":1,
                "chest_unopened_img":"images/items-map/big_chest_closed.png",
                "chest_opened_img":"images/items-map/big_chest_open.png"
              }
            ]
          },
          {
            "name":"Vaati",
            "access_rules":["$Sword5,spinattack,bombs,bow,cane,gust,[lamp],explicit_dhc_smallkey:1,explicit_dhc_bigkey"],
            "map_locations":[
              {
                "map":"dhc",
                "x":1630,
                "y":300,
                "force_invisibility_rules":["dhc_open","dhc_peditems","dhc_none"]
              }
            ],
            "sections":[
              {
                "name":"Vaati",
                "item_count":1,
                "chest_unopened_img":"images/items-map/TriForce.png",
                "chest_opened_img":"images/items-map/TriForce_Gray.png"
              }
            ]
          }
        ]
      },
      //DHC OPEN
      {
        "name":"Dark Hyrule Castle",
        "children":[
          {
            "name":"Blade Chest Open",
            "access_rules":["$Sword5,spinattack"],
            "map_locations":[
              {
                "map":"dhc",
                "x":2265,
                "y":870,
                "force_invisibility_rules":["dhc_closed","dhc_peditems","dhc_none"]
              }
            ],
            "sections":[
              {
                "name":"Blade Chest",
                "item_count":1,
                "chest_unopened_img":"images/items-map/Small Key.png",
                "chest_opened_img":"images/items-map/Small Key Done.png"
              }
            ]
          },
          {
            "name":"Platform Chest Open",
            "map_locations":[
              {
                "map":"dhc",
                "x":3090,
                "y":1800,
                "force_invisibility_rules":["dhc_closed","dhc_peditems","dhc_none"]
              }
            ],
            "sections":[
              {
                "name":"Platform Chest",
                "item_count":1,
                "chest_unopened_img":"images/items-map/big_chest_closed.png",
                "chest_opened_img":"images/items-map/big_chest_open.png"
              }
            ]
          },
          {
            "name":"Stone King Open",
            "access_rules":["bombs,$Sword5,spinattack"],
            "map_locations":[
              {
                "map":"dhc",
                "x":3295,
                "y":110,
                "force_invisibility_rules":["dhc_closed","dhc_peditems","dhc_none"]
              }
            ],
            "sections":[
              {
                "name":"Stone King",
                "item_count":1,
                "chest_unopened_img":"images/items-map/Small Key.png",
                "chest_opened_img":"images/items-map/Small Key Done.png"
              }
            ]
          },
          {
            "name":"Post Throne Big Chest Open",
            "access_rules":["bombs,explicit_dhc_smallkey:1,$Sword5,spinattack"],
            "map_locations":[
              {
                "map":"dhc",
                "x":2230,
                "y":70,
                "force_invisibility_rules":["dhc_closed","dhc_peditems","dhc_none"]
              }
            ],
            "sections":[
              {
                "name":"Post Throne Big Chest",
                "item_count":1,
                "chest_unopened_img":"images/items-map/big_chest_closed.png",
                "chest_opened_img":"images/items-map/big_chest_open.png"
              }
            ]
          },
          {
            "name":"Northwest Tower Open",
            "access_rules":["bombs,cape,bow,explicit_dhc_smallkey:1,$Sword5,spinattack"],
            "map_locations":[
              {
                "map":"dhc",
                "x":220,
                "y":130,
                "force_invisibility_rules":["dhc_closed","dhc_peditems","dhc_none"]
              }
            ],
            "sections":[
              {
                "name":"Northwest Tower",
                "item_count":1,
                "chest_unopened_img":"images/items-map/Small Key.png",
                "chest_opened_img":"images/items-map/Small Key Done.png"
              }
            ]
          },
          {
            "name":"Southwest Tower Open",
            "access_rules":["bombs,cape,magicboomerang,explicit_dhc_smallkey:1,$Sword5,spinattack",
              "bombs,cape,bow,explicit_dhc_smallkey:1,$Sword5,spinattack",
              "bombs,cape,lights,explicit_dhc_smallkey:1,$Sword5,spinattack",
              "bombs,cape,$Beam,explicit_dhc_smallkey:1,$Sword5,spinattack"],
            "map_locations":[
              {
                "map":"dhc",
                "x":220,
                "y":1490,
                "force_invisibility_rules":["dhc_closed","dhc_peditems","dhc_none"]
              }
            ],
            "sections":[
              {
                "name":"Southwest Tower",
                "item_count":1,
                "chest_unopened_img":"images/items-map/Small Key.png",
                "chest_opened_img":"images/items-map/Small Key Done.png"
              }
            ]
          },
          {
            "name":"Southeast Tower Open",
            "access_rules":["bombs,cape,magicboomerang,explicit_dhc_smallkey:1,$Sword5,spinattack",
              "bombs,cape,bow,explicit_dhc_smallkey:1,$Sword5,spinattack",
              "bombs,cape,lights,explicit_dhc_smallkey:1,$Sword5,spinattack",
              "bombs,cape,$Beam,explicit_dhc_smallkey:1,$Sword5,spinattack"],
            "map_locations":[
              {
                "map":"dhc",
                "x":1315,
                "y":1490,
                "force_invisibility_rules":["dhc_closed","dhc_peditems","dhc_none"]
              }
            ],
            "sections":[
              {
                "name":"Southeast Tower",
                "item_count":1,
                "chest_unopened_img":"images/items-map/Small Key.png",
                "chest_opened_img":"images/items-map/Small Key Done.png"
              }
            ]
          },
          {
            "name":"Northeast Tower Open",
            "access_rules":["bombs,cape,magicboomerang,lamp,explicit_dhc_smallkey:1,$Sword5,spinattack",
              "bombs,cape,bow,lamp,explicit_dhc_smallkey:1,$Sword5,spinattack",
              "bombs,cape,lights,lamp,explicit_dhc_smallkey:1,$Sword5,spinattack",
              "bombs,cape,$Beam,explicit_dhc_smallkey:1,$Sword5,spinattack"],
            "map_locations":[
              {
                "map":"dhc",
                "x":1305,
                "y":135,
                "force_invisibility_rules":["dhc_closed","dhc_peditems","dhc_none"]
              }
            ],
            "sections":[
              {
                "name":"Northeast Tower",
                "item_count":1,
                "chest_unopened_img":"images/items-map/Small Key.png",
                "chest_opened_img":"images/items-map/Small Key Done.png"
              }
            ]
          },
          {
            "name":"Big Block Chest Open",
            "access_rules":["bombs,cape,bow,explicit_dhc_smallkey:5,$Sword5,spinattack",
              "bombs,cape,lights,explicit_dhc_smallkey:5,$Sword5,spinattack",
              "bombs,cape,magicboomerang,explicit_dhc_smallkey:5,$Sword5,spinattack",
              "bombs,cape,$Beam,explicit_dhc_smallkey:5,$Sword5,spinattack"],
            "map_locations":[
              {
                "map":"dhc",
                "x":765,
                "y":225,
                "force_invisibility_rules":["dhc_closed","dhc_peditems","dhc_none"]
              }
            ],
            "sections":[
              {
                "name":"Big Block Chest",
                "item_count":1,
                "chest_unopened_img":"images/items-map/big_chest_closed.png",
                "chest_opened_img":"images/items-map/big_chest_open.png"
              }
            ]
          },
          {
            "name":"Vaati Open",
            "access_rules":["$Sword5,bombs,cape,bow,cane,gust,lamp,explicit_dhc_smallkey:1,explicit_dhc_bigkey,spinattack"],
            "map_locations":[
              {
                "map":"dhc",
                "x":1630,
                "y":300,
                "force_invisibility_rules":["dhc_closed","dhc_peditems","dhc_none"]
              }
            ],
            "sections":[
              {
                "name":"Vaati",
                "item_count":1,
                "chest_unopened_img":"images/items-map/TriForce.png",
                "chest_opened_img":"images/items-map/TriForce_Gray.png"
              }
            ]
          }
        ]
      },
      //DHC PED ITEMS
      {
        "name":"Dark Hyrule Castle",
        "children":[
          {
            "name":"Pedestal Items",
            "map_locations":[
              {
                "map":"dhc",
                "x":3090,
                "y":1480,
                "force_invisibility_rules":["dhc_closed","dhc_open","dhc_none"]
              }
            ],
            "sections":[
              {
                "name":"Two Elements",
                "access_rules":["$TwoElements"],
                "item_count":1
              },
              {
                "name":"Three Elements",
                "access_rules":["$ThreeElements"],
                "item_count":1
              },
              {
                "name":"Four Elements",
                "access_rules":["$FourElements"],
                "item_count":1
              }
            ]
          },
          {
            "name":"Blade Chest Ped",
            "access_rules":["$Sword5,spinattack"],
            "map_locations":[
              {
                "map":"dhc",
                "x":2265,
                "y":870,
                "force_invisibility_rules":["dhc_closed","dhc_open","dhc_none"]
              }
            ],
            "sections":[
              {
                "name":"Blade Chest",
                "item_count":1,
                "chest_unopened_img":"images/items-map/Small Key.png",
                "chest_opened_img":"images/items-map/Small Key Done.png"
              }
            ]
          },
          {
            "name":"Platform Chest Ped",
            "map_locations":[
              {
                "map":"dhc",
                "x":3090,
                "y":1800,
                "force_invisibility_rules":["dhc_closed","dhc_open","dhc_none"]
              }
            ],
            "sections":[
              {
                "name":"Platform Chest",
                "item_count":1,
                "chest_unopened_img":"images/items-map/big_chest_closed.png",
                "chest_opened_img":"images/items-map/big_chest_open.png"
              }
            ]
          },
          {
            "name":"Stone King Ped",
            "access_rules":["bombs,$Sword5,spinattack"],
            "map_locations":[
              {
                "map":"dhc",
                "x":3295,
                "y":110,
                "force_invisibility_rules":["dhc_closed","dhc_open","dhc_none"]
              }
            ],
            "sections":[
              {
                "name":"Stone King",
                "item_count":1,
                "chest_unopened_img":"images/items-map/Small Key.png",
                "chest_opened_img":"images/items-map/Small Key Done.png"
              }
            ]
          },
          {
            "name":"Post Throne Big Chest Ped",
            "access_rules":["bombs,explicit_dhc_smallkey:1,$Sword5,spinattack"],
            "map_locations":[
              {
                "map":"dhc",
                "x":2230,
                "y":70,
                "force_invisibility_rules":["dhc_closed","dhc_open","dhc_none"]
              }
            ],
            "sections":[
              {
                "name":"Post Throne Big Chest",
                "item_count":1,
                "chest_unopened_img":"images/items-map/big_chest_closed.png",
                "chest_opened_img":"images/items-map/big_chest_open.png"
              }
            ]
          },
          {
            "name":"Northwest Tower Ped",
            "access_rules":["bombs,cape,bow,explicit_dhc_smallkey:1,$Sword5,spinattack"],
            "map_locations":[
              {
                "map":"dhc",
                "x":220,
                "y":130,
                "force_invisibility_rules":["dhc_closed","dhc_open","dhc_none"]
              }
            ],
            "sections":[
              {
                "name":"Northwest Tower",
                "item_count":1,
                "chest_unopened_img":"images/items-map/Small Key.png",
                "chest_opened_img":"images/items-map/Small Key Done.png"
              }
            ]
          },
          {
            "name":"Southwest Tower Ped",
            "access_rules":["bombs,cape,magicboomerang,explicit_dhc_smallkey:1,$Sword5,spinattack",
              "bombs,cape,bow,explicit_dhc_smallkey:1,$Sword5,spinattack",
              "bombs,cape,lights,explicit_dhc_smallkey:1,$Sword5,spinattack",
              "bombs,cape,$Beam,lamp,explicit_dhc_smallkey:1,$Sword5,spinattack"],
            "map_locations":[
              {
                "map":"dhc",
                "x":220,
                "y":1490,
                "force_invisibility_rules":["dhc_closed","dhc_open","dhc_none"]
              }
            ],
            "sections":[
              {
                "name":"Southwest Tower",
                "item_count":1,
                "chest_unopened_img":"images/items-map/Small Key.png",
                "chest_opened_img":"images/items-map/Small Key Done.png"
              }
            ]
          },
          {
            "name":"Southeast Tower Ped",
            "access_rules":["bombs,cape,magicboomerang,explicit_dhc_smallkey:1,$Sword5,spinattack",
              "bombs,cape,bow,explicit_dhc_smallkey:1,$Sword5,spinattack",
              "bombs,cape,lights,explicit_dhc_smallkey:1,$Sword5,spinattack",
              "bombs,cape,$Beam,lamp,explicit_dhc_smallkey:1,$Sword5,spinattack"],
            "map_locations":[
              {
                "map":"dhc",
                "x":1315,
                "y":1490,
                "force_invisibility_rules":["dhc_closed","dhc_open","dhc_none"]
              }
            ],
            "sections":[
              {
                "name":"Southeast Tower",
                "item_count":1,
                "chest_unopened_img":"images/items-map/Small Key.png",
                "chest_opened_img":"images/items-map/Small Key Done.png"
              }
            ]
          },
          {
            "name":"Northeast Tower Ped",
            "access_rules":["bombs,cape,magicboomerang,lamp,explicit_dhc_smallkey:1,$Sword5,spinattack",
              "bombs,cape,bow,lamp,explicit_dhc_smallkey:1,$Sword5,spinattack",
              "bombs,cape,lights,lamp,explicit_dhc_smallkey:1,$Sword5,spinattack",
              "bombs,cape,$Beam,lamp,explicit_dhc_smallkey:1,$Sword5,spinattack"],
            "map_locations":[
              {
                "map":"dhc",
                "x":1305,
                "y":135,
                "force_invisibility_rules":["dhc_closed","dhc_open","dhc_none"]
              }
            ],
            "sections":[
              {
                "name":"Northeast Tower",
                "item_count":1,
                "chest_unopened_img":"images/items-map/Small Key.png",
                "chest_opened_img":"images/items-map/Small Key Done.png"
              }
            ]
          },
          {
            "name":"Big Block Chest Ped",
            "access_rules":["bombs,cape,bow,explicit_dhc_smallkey:5,$Sword5,spinattack",
              "bombs,cape,lights,explicit_dhc_smallkey:5,$Sword5,spinattack",
              "bombs,cape,magicboomerang,explicit_dhc_smallkey:5,$Sword5,spinattack",
              "bombs,cape,$Beam,explicit_dhc_smallkey:5,$Sword5,spinattack"],
            "map_locations":[
              {
                "map":"dhc",
                "x":765,
                "y":225,
                "force_invisibility_rules":["dhc_closed","dhc_open","dhc_none"]
              }
            ],
            "sections":[
              {
                "name":"Big Block Chest",
                "item_count":1,
                "chest_unopened_img":"images/items-map/big_chest_closed.png",
                "chest_opened_img":"images/items-map/big_chest_open.png"
              }
            ]
          },
          {
            "name":"Vaati Ped",
            "access_rules":["$Sword5,bombs,cape,bow,cane,gust,lamp,explicit_dhc_smallkey:1,explicit_dhc_bigkey,spinattack"],
            "map_locations":[
              {
                "map":"dhc",
                "x":1630,
                "y":300,
                "force_invisibility_rules":["dhc_closed","dhc_open","dhc_none"]
              }
            ],
            "sections":[
              {
                "name":"Vaati",
                "item_count":1,
                "chest_unopened_img":"images/items-map/TriForce.png",
                "chest_opened_img":"images/items-map/TriForce_Gray.png"
              }
            ]
          }
        ]
      },
      //DHC NONE
      {
        "name":"Dark Hyrule Castle",
        "children":[
          {
            "name":"Pull the Pedestal",
            "access_rules":["$NeededSwords,$NeededElements,$NoElementsOrSwords,$FigurineOpen,$Dungeons"],
            "map_locations":[
              {
                "map":"dhc",
                "x":3090,
                "y":1480,
                "force_invisibility_rules":["dhc_closed","dhc_open","dhc_peditems"]
              }
            ],
            "sections":[
              {
                "name":"Just Win",
                "item_count":1
              }
            ]
          }
        ]
      }
	]
  }
]