[
  {
    "name":"Dungeons",
    "chest_opened_img":"images/items-map/chest_open.png",
    "chest_unopened_img":"images/items-map/chest_closed.png",
    "children":
    [
	{
        "name": "DHC Open",
        "short_name": "DHC",
        "codes":"dhc",
        "map_locations": [
          {
            "map": "map",
            "x": 1326,
            "y": 130,
            "restrict_visibility_rules":["dhc_open"]
          }
        ],
        "sections": [
          {
            "name":"Blade Chest",
            "access_rules":["$Sword5,spinattack"],
            "item_count": 1,
            "chest_unopened_img":"images/items-map/Small Key.png",
            "chest_opened_img":"images/items-map/Small Key Done.png"
          },
          {
            "name":"Platform Chest",
            "item_count": 1,
            "chest_unopened_img":"images/items-map/big_chest_closed.png",
            "chest_opened_img":"images/items-map/big_chest_open.png"
          },
          {
            "name": "Stone King",
            "access_rules": ["bombs,$Sword5,spinattack"],
            "item_count": 1,
            "chest_unopened_img":"images/items-map/Small Key.png",
            "chest_opened_img":"images/items-map/Small Key Done.png"
          },
          //Needs one key
          {
            "name":"Post Throne Big Chest",
            "access_rules":["bombs,explicit_dhc_smallkey:1,$Sword5,spinattack"],
            "item_count": 1,
            "chest_unopened_img":"images/items-map/big_chest_closed.png",
            "chest_opened_img":"images/items-map/big_chest_open.png"
          },
          {
            "name":"Northeast Tower",
            "access_rules":["bombs,cape,magicboomerang,lamp,explicit_dhc_smallkey:1,$Sword5,spinattack",
              "bombs,cape,bow,lamp,explicit_dhc_smallkey:1,$Sword5,spinattack",
              "bombs,cape,lights,lamp,explicit_dhc_smallkey:1,$Sword5,spinattack",
              "bombs,cape,$Beam,lamp,explicit_dhc_smallkey:1,$Sword5,spinattack"],
            "item_count": 1,
            "chest_unopened_img":"images/items-map/Small Key.png",
            "chest_opened_img":"images/items-map/Small Key Done.png"
          },
          {
            "name":"Southeast Tower",
            "access_rules":["bombs,cape,magicboomerang,explicit_dhc_smallkey:1,$Sword5,spinattack",
              "bombs,cape,bow,explicit_dhc_smallkey:1,$Sword5,spinattack",
              "bombs,cape,lights,explicit_dhc_smallkey:1,$Sword5,spinattack",
              "bombs,cape,$Beam,explicit_dhc_smallkey:1,$Sword5,spinattack"],
            "item_count": 1,
            "chest_unopened_img":"images/items-map/Small Key.png",
            "chest_opened_img":"images/items-map/Small Key Done.png"
          },
          {
            "name":"Southwest Tower",
            "access_rules":["bombs,cape,magicboomerang,explicit_dhc_smallkey:1,$Sword5,spinattack",
              "bombs,cape,bow,explicit_dhc_smallkey:1,$Sword5,spinattack",
              "bombs,cape,lights,explicit_dhc_smallkey:1,$Sword5,spinattack",
              "bombs,cape,$Beam,explicit_dhc_smallkey:1,$Sword5,spinattack"],
            "item_count": 1,
            "chest_unopened_img":"images/items-map/Small Key.png",
            "chest_opened_img":"images/items-map/Small Key Done.png"
          },
          {
            "name":"Northwest Tower",
            "access_rules":["bombs,cape,bow,explicit_dhc_smallkey:1,$Sword5,spinattack"],
            "item_count": 1,
            "chest_unopened_img":"images/items-map/Small Key.png",
            "chest_opened_img":"images/items-map/Small Key Done.png"
          },
          //Needs five keys
          {
            "name":"Big Block Chest",
            "access_rules":["bombs,cape,bow,explicit_dhc_smallkey:5,$Sword5,spinattack",
              "bombs,cape,lights,explicit_dhc_smallkey:5,$Sword5,spinattack",
              "bombs,cape,magicboomerang,explicit_dhc_smallkey:5,$Sword5,spinattack",
              "bombs,cape,$Beam,explicit_dhc_smallkey:5,$Sword5,spinattack"],
            "item_count": 1,
            "chest_unopened_img":"images/items-map/big_chest_closed.png",
            "chest_opened_img":"images/items-map/big_chest_open.png"
          },
          //Needs big key
          {
            "name":"Vaati",
            "access_rules":["$Sword5,bombs,bow,cane,gust,[lamp],explicit_dhc_smallkey:1,explicit_dhc_bigkey,spinattack"],
            "item_count": 1,
            "chest_unopened_img":"images/items-map/TriForce.png",
            "chest_opened_img":"images/items-map/TriForce_Gray.png"
          }
        ]
      }
    ]
  }
]