[
  {
	"name":"Near Link's House Chest",
	"access_rules":["$SouthHyruleField_F_NearLinksHouseChestFusion,[$SouthHyruleField_F_NearLinksHouseChestFusion_Y]","{$SouthHyruleField_F_NearLinksHouseChestFusion_B}"],
	"map_locations":[
	  {
		"map":"map",
		"x":1505,
		"y":1889,
		"restrict_visibility_rules":["$Fusions"]
	  }
	],
	"sections":[
	  {
		"name":"Chest",
		"item_count":1,
		"chest_unopened_img":"images/items-map/chest_closed.png",
		"chest_opened_img":"images/items-map/chest_open.png",
	  }
	]
  },
 ]