[
  {
	"name":"Tree Heart Piece",
	"access_rules":["$SouthHyruleField_F_TreeHeartPieceFusion,[$SouthHyruleField_F_TreeHeartPieceFusion_Y]","{$SouthHyruleField_F_TreeHeartPieceFusion_B}"],
	"map_locations": [
	  {
		"map":"map",
		"x":1622,
		"y":2000,
		"restrict_visibility_rules":["$Fusions"]
	  }
	],
	"sections": [
	  {
		"name":"Tree Heart Piece",
		"item_count": 1,
		"chest_unopened_img":"images/items-map/Heart Piece.png",
		"chest_opened_img":"images/items-map/Heart Piece Gray.png"
	  }
	]
  }
]